Polylines2D,Position X,Position Y
1,-729.818058258152,130.225047361664
2,-774.021022903714,130.225047361664
3,-776.308058258149,132.512082716101
4,-776.308058258148,171.309467154326
5,-768.618058258149,242.940047361664
6,-766.01805825815,242.940047361664
7,-765.71805825815,242.640047361664
8,-765.71805825815,240.740047361663
9,-766.01805825815,240.440047361663
10,-768.618058258149,240.440047361663
11,-768.918058258149,240.740047361663
12,-768.918058258149,242.640047361664
13,-764.368058258149,242.940047361664
14,-761.76805825815,242.940047361664
15,-761.46805825815,242.640047361664
16,-761.46805825815,240.740047361663
17,-761.76805825815,240.440047361663
18,-764.368058258149,240.440047361663
19,-764.668058258149,240.740047361663
20,-764.668058258149,242.640047361664
21,-760.118058258149,242.940047361664
22,-757.51805825815,242.940047361664
23,-757.21805825815,242.640047361664
24,-757.21805825815,240.740047361663
25,-757.51805825815,240.440047361663
26,-760.118058258149,240.440047361663
27,-760.418058258149,240.740047361663
28,-760.418058258149,242.640047361664
29,-755.868058258149,242.940047361664
30,-753.26805825815,242.940047361664
31,-752.96805825815,242.640047361664
32,-752.96805825815,240.740047361663
33,-753.26805825815,240.440047361663
34,-755.868058258149,240.440047361663
35,-756.168058258149,240.740047361663
36,-756.168058258149,242.640047361664
37,-751.618058258149,242.940047361664
38,-749.01805825815,242.940047361664
39,-748.71805825815,242.640047361664
40,-748.71805825815,240.740047361663
41,-749.01805825815,240.440047361663
42,-751.618058258149,240.440047361663
43,-751.918058258149,240.740047361663
44,-751.918058258149,242.640047361664
45,-747.368058258149,242.940047361664
46,-744.76805825815,242.940047361664
47,-744.46805825815,242.640047361664
48,-744.46805825815,240.740047361663
49,-744.76805825815,240.440047361663
50,-747.368058258149,240.440047361663
51,-747.668058258149,240.740047361663
52,-747.668058258149,242.640047361664
53,-743.118058258149,242.940047361664
54,-740.51805825815,242.940047361664
55,-740.21805825815,242.640047361664
56,-740.21805825815,240.740047361663
57,-740.51805825815,240.440047361663
58,-743.118058258149,240.440047361663
59,-743.418058258149,240.740047361663
60,-743.418058258149,242.640047361664
61,-738.868058258149,242.940047361664
62,-736.26805825815,242.940047361664
63,-735.96805825815,242.640047361664
64,-735.96805825815,240.740047361663
65,-736.26805825815,240.440047361663
66,-738.868058258149,240.440047361663
67,-739.168058258149,240.740047361663
68,-739.168058258149,242.640047361664
69,-734.618058258149,242.940047361664
70,-732.01805825815,242.940047361664
71,-731.71805825815,242.640047361664
72,-731.71805825815,240.740047361663
73,-732.01805825815,240.440047361663
74,-734.618058258149,240.440047361663
75,-734.918058258149,240.740047361663
76,-734.918058258149,242.640047361664
77,-730.368058258149,242.940047361664
78,-727.76805825815,242.940047361664
79,-727.46805825815,242.640047361664
80,-727.46805825815,240.740047361663
81,-727.76805825815,240.440047361663
82,-730.368058258149,240.440047361663
83,-730.668058258149,240.740047361663
84,-730.668058258149,242.640047361664
85,-726.118058258149,242.940047361664
86,-723.51805825815,242.940047361664
87,-723.21805825815,242.640047361664
88,-723.21805825815,240.740047361663
89,-723.51805825815,240.440047361663
90,-726.118058258149,240.440047361663
91,-726.418058258149,240.740047361663
92,-726.418058258149,242.640047361664
93,-721.868058258149,242.940047361664
94,-719.26805825815,242.940047361664
95,-718.96805825815,242.640047361664
96,-718.96805825815,240.740047361663
97,-719.26805825815,240.440047361663
98,-721.868058258149,240.440047361663
99,-722.168058258149,240.740047361663
100,-722.168058258149,242.640047361664
101,-717.618058258149,242.940047361664
102,-715.01805825815,242.940047361664
103,-714.71805825815,242.640047361664
104,-714.71805825815,240.740047361663
105,-715.01805825815,240.440047361663
106,-717.618058258149,240.440047361663
107,-717.918058258149,240.740047361663
108,-717.918058258149,242.640047361664
109,-713.368058258149,242.940047361664
110,-710.76805825815,242.940047361664
111,-710.46805825815,242.640047361664
112,-710.46805825815,240.740047361663
113,-710.76805825815,240.440047361663
114,-713.368058258149,240.440047361663
115,-713.668058258149,240.740047361663
116,-713.668058258149,242.640047361664
117,-709.118058258149,242.940047361664
118,-706.51805825815,242.940047361664
119,-706.21805825815,242.640047361664
120,-706.21805825815,240.740047361663
121,-706.51805825815,240.440047361663
122,-709.118058258149,240.440047361663
123,-709.418058258149,240.740047361663
124,-709.418058258149,242.640047361664
125,-704.868058258149,242.940047361664
126,-702.26805825815,242.940047361664
127,-701.96805825815,242.640047361664
128,-701.96805825815,240.740047361663
129,-702.26805825815,240.440047361663
130,-704.868058258149,240.440047361663
131,-705.168058258149,240.740047361663
132,-705.168058258149,242.640047361664
133,-700.618058258149,242.940047361664
134,-698.01805825815,242.940047361664
135,-697.71805825815,242.640047361664
136,-697.71805825815,240.740047361663
137,-698.01805825815,240.440047361663
138,-700.618058258149,240.440047361663
139,-700.918058258149,240.740047361663
140,-700.918058258149,242.640047361664
141,-696.368058258149,242.940047361664
142,-693.76805825815,242.940047361664
143,-693.46805825815,242.640047361664
144,-693.46805825815,240.740047361663
145,-693.76805825815,240.440047361663
146,-696.368058258149,240.440047361663
147,-696.668058258149,240.740047361663
148,-696.668058258149,242.640047361664
149,-692.118058258149,242.940047361664
150,-689.51805825815,242.940047361664
151,-689.21805825815,242.640047361664
152,-689.21805825815,240.740047361663
153,-689.51805825815,240.440047361663
154,-692.118058258149,240.440047361663
155,-692.418058258149,240.740047361663
156,-692.418058258149,242.640047361664
157,-687.868058258149,242.940047361664
158,-685.26805825815,242.940047361664
159,-684.96805825815,242.640047361664
160,-684.96805825815,240.740047361663
161,-685.26805825815,240.440047361663
162,-687.868058258149,240.440047361663
163,-688.168058258149,240.740047361663
164,-688.168058258149,242.640047361664
165,-683.618058258149,242.940047361664
166,-681.01805825815,242.940047361664
167,-680.71805825815,242.640047361664
168,-680.71805825815,240.740047361663
169,-681.01805825815,240.440047361663
170,-683.618058258149,240.440047361663
171,-683.918058258149,240.740047361663
172,-683.918058258149,242.640047361664
173,-679.368058258149,242.940047361664
174,-676.76805825815,242.940047361664
175,-676.46805825815,242.640047361664
176,-676.46805825815,240.740047361663
177,-676.76805825815,240.440047361663
178,-679.368058258149,240.440047361663
179,-679.668058258149,240.740047361663
180,-679.668058258149,242.640047361664
181,-675.118058258149,242.940047361664
182,-672.51805825815,242.940047361664
183,-672.21805825815,242.640047361664
184,-672.21805825815,240.740047361663
185,-672.51805825815,240.440047361663
186,-675.118058258149,240.440047361663
187,-675.418058258149,240.740047361663
188,-675.418058258149,242.640047361664
189,-670.868058258149,242.940047361664
190,-668.26805825815,242.940047361664
191,-667.96805825815,242.640047361664
192,-667.96805825815,240.740047361663
193,-668.26805825815,240.440047361663
194,-670.868058258149,240.440047361663
195,-671.168058258149,240.740047361663
196,-671.168058258149,242.640047361664
197,-666.618058258149,242.940047361664
198,-664.01805825815,242.940047361664
199,-663.71805825815,242.640047361664
200,-663.71805825815,240.740047361663
201,-664.01805825815,240.440047361663
202,-666.618058258149,240.440047361663
203,-666.918058258149,240.740047361663
204,-666.918058258149,242.640047361664
205,-666.618058258149,239.390047361664
206,-664.01805825815,239.390047361664
207,-663.71805825815,239.090047361664
208,-663.71805825815,237.190047361663
209,-664.01805825815,236.890047361663
210,-666.618058258149,236.890047361663
211,-666.918058258149,237.190047361663
212,-666.918058258149,239.090047361664
213,-670.868058258149,239.390047361664
214,-668.26805825815,239.390047361664
215,-667.96805825815,239.090047361664
216,-667.96805825815,237.190047361663
217,-668.26805825815,236.890047361663
218,-670.868058258149,236.890047361663
219,-671.168058258149,237.190047361663
220,-671.168058258149,239.090047361664
221,-675.118058258149,239.390047361664
222,-672.51805825815,239.390047361664
223,-672.21805825815,239.090047361664
224,-672.21805825815,237.190047361663
225,-672.51805825815,236.890047361663
226,-675.118058258149,236.890047361663
227,-675.418058258149,237.190047361663
228,-675.418058258149,239.090047361664
229,-679.368058258149,239.390047361664
230,-676.76805825815,239.390047361664
231,-676.46805825815,239.090047361664
232,-676.46805825815,237.190047361663
233,-676.76805825815,236.890047361663
234,-679.368058258149,236.890047361663
235,-679.668058258149,237.190047361663
236,-679.668058258149,239.090047361664
237,-683.618058258149,239.390047361664
238,-681.01805825815,239.390047361664
239,-680.71805825815,239.090047361664
240,-680.71805825815,237.190047361663
241,-681.01805825815,236.890047361663
242,-683.618058258149,236.890047361663
243,-683.918058258149,237.190047361663
244,-683.918058258149,239.090047361664
245,-687.868058258149,239.390047361664
246,-685.26805825815,239.390047361664
247,-684.96805825815,239.090047361664
248,-684.96805825815,237.190047361663
249,-685.26805825815,236.890047361663
250,-687.868058258149,236.890047361663
251,-688.168058258149,237.190047361663
252,-688.168058258149,239.090047361664
253,-692.118058258149,239.390047361664
254,-689.51805825815,239.390047361664
255,-689.21805825815,239.090047361664
256,-689.21805825815,237.190047361663
257,-689.51805825815,236.890047361663
258,-692.118058258149,236.890047361663
259,-692.418058258149,237.190047361663
260,-692.418058258149,239.090047361664
261,-696.368058258149,239.390047361664
262,-693.76805825815,239.390047361664
263,-693.46805825815,239.090047361664
264,-693.46805825815,237.190047361663
265,-693.76805825815,236.890047361663
266,-696.368058258149,236.890047361663
267,-696.668058258149,237.190047361663
268,-696.668058258149,239.090047361664
269,-700.618058258149,239.390047361664
270,-698.01805825815,239.390047361664
271,-697.71805825815,239.090047361664
272,-697.71805825815,237.190047361663
273,-698.01805825815,236.890047361663
274,-700.618058258149,236.890047361663
275,-700.918058258149,237.190047361663
276,-700.918058258149,239.090047361664
277,-704.868058258149,239.390047361664
278,-702.26805825815,239.390047361664
279,-701.96805825815,239.090047361664
280,-701.96805825815,237.190047361663
281,-702.26805825815,236.890047361663
282,-704.868058258149,236.890047361663
283,-705.168058258149,237.190047361663
284,-705.168058258149,239.090047361664
285,-709.118058258149,239.390047361664
286,-706.51805825815,239.390047361664
287,-706.21805825815,239.090047361664
288,-706.21805825815,237.190047361663
289,-706.51805825815,236.890047361663
290,-709.118058258149,236.890047361663
291,-709.418058258149,237.190047361663
292,-709.418058258149,239.090047361664
293,-713.368058258149,239.390047361664
294,-710.76805825815,239.390047361664
295,-710.46805825815,239.090047361664
296,-710.46805825815,237.190047361663
297,-710.76805825815,236.890047361663
298,-713.368058258149,236.890047361663
299,-713.668058258149,237.190047361663
300,-713.668058258149,239.090047361664
301,-717.618058258149,239.390047361664
302,-715.01805825815,239.390047361664
303,-714.71805825815,239.090047361664
304,-714.71805825815,237.190047361663
305,-715.01805825815,236.890047361663
306,-717.618058258149,236.890047361663
307,-717.918058258149,237.190047361663
308,-717.918058258149,239.090047361664
309,-721.868058258149,239.390047361664
310,-719.26805825815,239.390047361664
311,-718.96805825815,239.090047361664
312,-718.96805825815,237.190047361663
313,-719.26805825815,236.890047361663
314,-721.868058258149,236.890047361663
315,-722.168058258149,237.190047361663
316,-722.168058258149,239.090047361664
317,-726.118058258149,239.390047361664
318,-723.51805825815,239.390047361664
319,-723.21805825815,239.090047361664
320,-723.21805825815,237.190047361663
321,-723.51805825815,236.890047361663
322,-726.118058258149,236.890047361663
323,-726.418058258149,237.190047361663
324,-726.418058258149,239.090047361664
325,-730.368058258149,239.390047361664
326,-727.76805825815,239.390047361664
327,-727.46805825815,239.090047361664
328,-727.46805825815,237.190047361663
329,-727.76805825815,236.890047361663
330,-730.368058258149,236.890047361663
331,-730.668058258149,237.190047361663
332,-730.668058258149,239.090047361664
333,-734.618058258149,239.390047361664
334,-732.01805825815,239.390047361664
335,-731.71805825815,239.090047361664
336,-731.71805825815,237.190047361663
337,-732.01805825815,236.890047361663
338,-734.618058258149,236.890047361663
339,-734.918058258149,237.190047361663
340,-734.918058258149,239.090047361664
341,-738.868058258149,239.390047361664
342,-736.26805825815,239.390047361664
343,-735.96805825815,239.090047361664
344,-735.96805825815,237.190047361663
345,-736.26805825815,236.890047361663
346,-738.868058258149,236.890047361663
347,-739.168058258149,237.190047361663
348,-739.168058258149,239.090047361664
349,-743.118058258149,239.390047361664
350,-740.51805825815,239.390047361664
351,-740.21805825815,239.090047361664
352,-740.21805825815,237.190047361663
353,-740.51805825815,236.890047361663
354,-743.118058258149,236.890047361663
355,-743.418058258149,237.190047361663
356,-743.418058258149,239.090047361664
357,-747.368058258149,239.390047361664
358,-744.76805825815,239.390047361664
359,-744.46805825815,239.090047361664
360,-744.46805825815,237.190047361663
361,-744.76805825815,236.890047361663
362,-747.368058258149,236.890047361663
363,-747.668058258149,237.190047361663
364,-747.668058258149,239.090047361664
365,-751.618058258149,239.390047361664
366,-749.01805825815,239.390047361664
367,-748.71805825815,239.090047361664
368,-748.71805825815,237.190047361663
369,-749.01805825815,236.890047361663
370,-751.618058258149,236.890047361663
371,-751.918058258149,237.190047361663
372,-751.918058258149,239.090047361664
373,-755.868058258149,239.390047361664
374,-753.26805825815,239.390047361664
375,-752.96805825815,239.090047361664
376,-752.96805825815,237.190047361663
377,-753.26805825815,236.890047361663
378,-755.868058258149,236.890047361663
379,-756.168058258149,237.190047361663
380,-756.168058258149,239.090047361664
381,-760.118058258149,239.390047361664
382,-757.51805825815,239.390047361664
383,-757.21805825815,239.090047361664
384,-757.21805825815,237.190047361663
385,-757.51805825815,236.890047361663
386,-760.118058258149,236.890047361663
387,-760.418058258149,237.190047361663
388,-760.418058258149,239.090047361664
389,-764.368058258149,239.390047361664
390,-761.76805825815,239.390047361664
391,-761.46805825815,239.090047361664
392,-761.46805825815,237.190047361663
393,-761.76805825815,236.890047361663
394,-764.368058258149,236.890047361663
395,-764.668058258149,237.190047361663
396,-764.668058258149,239.090047361664
397,-768.618058258149,239.390047361664
398,-766.01805825815,239.390047361664
399,-765.71805825815,239.090047361664
400,-765.71805825815,237.190047361663
401,-766.01805825815,236.890047361663
402,-768.618058258149,236.890047361663
403,-768.918058258149,237.190047361663
404,-768.918058258149,239.090047361664
405,-768.618058258149,235.840047361664
406,-766.01805825815,235.840047361664
407,-765.71805825815,235.540047361664
408,-765.71805825815,233.640047361663
409,-766.01805825815,233.340047361663
410,-768.618058258149,233.340047361663
411,-768.918058258149,233.640047361663
412,-768.918058258149,235.540047361664
413,-764.368058258149,235.840047361664
414,-761.76805825815,235.840047361664
415,-761.46805825815,235.540047361664
416,-761.46805825815,233.640047361663
417,-761.76805825815,233.340047361663
418,-764.368058258149,233.340047361663
419,-764.668058258149,233.640047361663
420,-764.668058258149,235.540047361664
421,-760.118058258149,235.840047361664
422,-757.51805825815,235.840047361664
423,-757.21805825815,235.540047361664
424,-757.21805825815,233.640047361663
425,-757.51805825815,233.340047361663
426,-760.118058258149,233.340047361663
427,-760.418058258149,233.640047361663
428,-760.418058258149,235.540047361664
429,-755.868058258149,235.840047361664
430,-753.26805825815,235.840047361664
431,-752.96805825815,235.540047361664
432,-752.96805825815,233.640047361663
433,-753.26805825815,233.340047361663
434,-755.868058258149,233.340047361663
435,-756.168058258149,233.640047361663
436,-756.168058258149,235.540047361664
437,-751.618058258149,235.840047361664
438,-749.01805825815,235.840047361664
439,-748.71805825815,235.540047361664
440,-748.71805825815,233.640047361663
441,-749.01805825815,233.340047361663
442,-751.618058258149,233.340047361663
443,-751.918058258149,233.640047361663
444,-751.918058258149,235.540047361664
445,-747.368058258149,235.840047361664
446,-744.76805825815,235.840047361664
447,-744.46805825815,235.540047361664
448,-744.46805825815,233.640047361663
449,-744.76805825815,233.340047361663
450,-747.368058258149,233.340047361663
451,-747.668058258149,233.640047361663
452,-747.668058258149,235.540047361664
453,-743.118058258149,235.840047361664
454,-740.51805825815,235.840047361664
455,-740.21805825815,235.540047361664
456,-740.21805825815,233.640047361663
457,-740.51805825815,233.340047361663
458,-743.118058258149,233.340047361663
459,-743.418058258149,233.640047361663
460,-743.418058258149,235.540047361664
461,-738.868058258149,235.840047361664
462,-736.26805825815,235.840047361664
463,-735.96805825815,235.540047361664
464,-735.96805825815,233.640047361663
465,-736.26805825815,233.340047361663
466,-738.868058258149,233.340047361663
467,-739.168058258149,233.640047361663
468,-739.168058258149,235.540047361664
469,-734.618058258149,235.840047361664
470,-732.01805825815,235.840047361664
471,-731.71805825815,235.540047361664
472,-731.71805825815,233.640047361663
473,-732.01805825815,233.340047361663
474,-734.618058258149,233.340047361663
475,-734.918058258149,233.640047361663
476,-734.918058258149,235.540047361664
477,-730.368058258149,235.840047361664
478,-727.76805825815,235.840047361664
479,-727.46805825815,235.540047361664
480,-727.46805825815,233.640047361663
481,-727.76805825815,233.340047361663
482,-730.368058258149,233.340047361663
483,-730.668058258149,233.640047361663
484,-730.668058258149,235.540047361664
485,-726.118058258149,235.840047361664
486,-723.51805825815,235.840047361664
487,-723.21805825815,235.540047361664
488,-723.21805825815,233.640047361663
489,-723.51805825815,233.340047361663
490,-726.118058258149,233.340047361663
491,-726.418058258149,233.640047361663
492,-726.418058258149,235.540047361664
493,-721.868058258149,235.840047361664
494,-719.26805825815,235.840047361664
495,-718.96805825815,235.540047361664
496,-718.96805825815,233.640047361663
497,-719.26805825815,233.340047361663
498,-721.868058258149,233.340047361663
499,-722.168058258149,233.640047361663
500,-722.168058258149,235.540047361664
501,-717.618058258149,235.840047361664
502,-715.01805825815,235.840047361664
503,-714.71805825815,235.540047361664
504,-714.71805825815,233.640047361663
505,-715.01805825815,233.340047361663
506,-717.618058258149,233.340047361663
507,-717.918058258149,233.640047361663
508,-717.918058258149,235.540047361664
509,-713.368058258149,235.840047361664
510,-710.76805825815,235.840047361664
511,-710.46805825815,235.540047361664
512,-710.46805825815,233.640047361663
513,-710.76805825815,233.340047361663
514,-713.368058258149,233.340047361663
515,-713.668058258149,233.640047361663
516,-713.668058258149,235.540047361664
517,-709.118058258149,235.840047361664
518,-706.51805825815,235.840047361664
519,-706.21805825815,235.540047361664
520,-706.21805825815,233.640047361663
521,-706.51805825815,233.340047361663
522,-709.118058258149,233.340047361663
523,-709.418058258149,233.640047361663
524,-709.418058258149,235.540047361664
525,-704.868058258149,235.840047361664
526,-702.26805825815,235.840047361664
527,-701.96805825815,235.540047361664
528,-701.96805825815,233.640047361663
529,-702.26805825815,233.340047361663
530,-704.868058258149,233.340047361663
531,-705.168058258149,233.640047361663
532,-705.168058258149,235.540047361664
533,-700.618058258149,235.840047361664
534,-698.01805825815,235.840047361664
535,-697.71805825815,235.540047361664
536,-697.71805825815,233.640047361663
537,-698.01805825815,233.340047361663
538,-700.618058258149,233.340047361663
539,-700.918058258149,233.640047361663
540,-700.918058258149,235.540047361664
541,-696.368058258149,235.840047361664
542,-693.76805825815,235.840047361664
543,-693.46805825815,235.540047361664
544,-693.46805825815,233.640047361663
545,-693.76805825815,233.340047361663
546,-696.368058258149,233.340047361663
547,-696.668058258149,233.640047361663
548,-696.668058258149,235.540047361664
549,-692.118058258149,235.840047361664
550,-689.51805825815,235.840047361664
551,-689.21805825815,235.540047361664
552,-689.21805825815,233.640047361663
553,-689.51805825815,233.340047361663
554,-692.118058258149,233.340047361663
555,-692.418058258149,233.640047361663
556,-692.418058258149,235.540047361664
557,-687.868058258149,235.840047361664
558,-685.26805825815,235.840047361664
559,-684.96805825815,235.540047361664
560,-684.96805825815,233.640047361663
561,-685.26805825815,233.340047361663
562,-687.868058258149,233.340047361663
563,-688.168058258149,233.640047361663
564,-688.168058258149,235.540047361664
565,-683.618058258149,235.840047361664
566,-681.01805825815,235.840047361664
567,-680.71805825815,235.540047361664
568,-680.71805825815,233.640047361663
569,-681.01805825815,233.340047361663
570,-683.618058258149,233.340047361663
571,-683.918058258149,233.640047361663
572,-683.918058258149,235.540047361664
573,-679.368058258149,235.840047361664
574,-676.76805825815,235.840047361664
575,-676.46805825815,235.540047361664
576,-676.46805825815,233.640047361663
577,-676.76805825815,233.340047361663
578,-679.368058258149,233.340047361663
579,-679.668058258149,233.640047361663
580,-679.668058258149,235.540047361664
581,-675.118058258149,235.840047361664
582,-672.51805825815,235.840047361664
583,-672.21805825815,235.540047361664
584,-672.21805825815,233.640047361663
585,-672.51805825815,233.340047361663
586,-675.118058258149,233.340047361663
587,-675.418058258149,233.640047361663
588,-675.418058258149,235.540047361664
589,-670.868058258149,235.840047361664
590,-668.26805825815,235.840047361664
591,-667.96805825815,235.540047361664
592,-667.96805825815,233.640047361663
593,-668.26805825815,233.340047361663
594,-670.868058258149,233.340047361663
595,-671.168058258149,233.640047361663
596,-671.168058258149,235.540047361664
597,-666.618058258149,235.840047361664
598,-664.01805825815,235.840047361664
599,-663.71805825815,235.540047361664
600,-663.71805825815,233.640047361663
601,-664.01805825815,233.340047361663
602,-666.618058258149,233.340047361663
603,-666.918058258149,233.640047361663
604,-666.918058258149,235.540047361664
605,-666.618058258149,232.290047361664
606,-664.01805825815,232.290047361664
607,-663.71805825815,231.990047361664
608,-663.71805825815,230.090047361663
609,-664.01805825815,229.790047361663
610,-666.618058258149,229.790047361663
611,-666.918058258149,230.090047361663
612,-666.918058258149,231.990047361664
613,-670.868058258149,232.290047361664
614,-668.26805825815,232.290047361664
615,-667.96805825815,231.990047361664
616,-667.96805825815,230.090047361663
617,-668.26805825815,229.790047361663
618,-670.868058258149,229.790047361663
619,-671.168058258149,230.090047361663
620,-671.168058258149,231.990047361664
621,-675.118058258149,232.290047361664
622,-672.51805825815,232.290047361664
623,-672.21805825815,231.990047361664
624,-672.21805825815,230.090047361663
625,-672.51805825815,229.790047361663
626,-675.118058258149,229.790047361663
627,-675.418058258149,230.090047361663
628,-675.418058258149,231.990047361664
629,-679.368058258149,232.290047361664
630,-676.76805825815,232.290047361664
631,-676.46805825815,231.990047361664
632,-676.46805825815,230.090047361663
633,-676.76805825815,229.790047361663
634,-679.368058258149,229.790047361663
635,-679.668058258149,230.090047361663
636,-679.668058258149,231.990047361664
637,-683.618058258149,232.290047361664
638,-681.01805825815,232.290047361664
639,-680.71805825815,231.990047361664
640,-680.71805825815,230.090047361663
641,-681.01805825815,229.790047361663
642,-683.618058258149,229.790047361663
643,-683.918058258149,230.090047361663
644,-683.918058258149,231.990047361664
645,-687.868058258149,232.290047361664
646,-685.26805825815,232.290047361664
647,-684.96805825815,231.990047361664
648,-684.96805825815,230.090047361663
649,-685.26805825815,229.790047361663
650,-687.868058258149,229.790047361663
651,-688.168058258149,230.090047361663
652,-688.168058258149,231.990047361664
653,-692.118058258149,232.290047361664
654,-689.51805825815,232.290047361664
655,-689.21805825815,231.990047361664
656,-689.21805825815,230.090047361663
657,-689.51805825815,229.790047361663
658,-692.118058258149,229.790047361663
659,-692.418058258149,230.090047361663
660,-692.418058258149,231.990047361664
661,-696.368058258149,232.290047361664
662,-693.76805825815,232.290047361664
663,-693.46805825815,231.990047361664
664,-693.46805825815,230.090047361663
665,-693.76805825815,229.790047361663
666,-696.368058258149,229.790047361663
667,-696.668058258149,230.090047361663
668,-696.668058258149,231.990047361664
669,-700.618058258149,232.290047361664
670,-698.01805825815,232.290047361664
671,-697.71805825815,231.990047361664
672,-697.71805825815,230.090047361663
673,-698.01805825815,229.790047361663
674,-700.618058258149,229.790047361663
675,-700.918058258149,230.090047361663
676,-700.918058258149,231.990047361664
677,-704.868058258149,232.290047361664
678,-702.26805825815,232.290047361664
679,-701.96805825815,231.990047361664
680,-701.96805825815,230.090047361663
681,-702.26805825815,229.790047361663
682,-704.868058258149,229.790047361663
683,-705.168058258149,230.090047361663
684,-705.168058258149,231.990047361664
685,-709.118058258149,232.290047361664
686,-706.51805825815,232.290047361664
687,-706.21805825815,231.990047361664
688,-706.21805825815,230.090047361663
689,-706.51805825815,229.790047361663
690,-709.118058258149,229.790047361663
691,-709.418058258149,230.090047361663
692,-709.418058258149,231.990047361664
693,-713.368058258149,232.290047361664
694,-710.76805825815,232.290047361664
695,-710.46805825815,231.990047361664
696,-710.46805825815,230.090047361663
697,-710.76805825815,229.790047361663
698,-713.368058258149,229.790047361663
699,-713.668058258149,230.090047361663
700,-713.668058258149,231.990047361664
701,-717.618058258149,232.290047361664
702,-715.01805825815,232.290047361664
703,-714.71805825815,231.990047361664
704,-714.71805825815,230.090047361663
705,-715.01805825815,229.790047361663
706,-717.618058258149,229.790047361663
707,-717.918058258149,230.090047361663
708,-717.918058258149,231.990047361664
709,-721.868058258149,232.290047361664
710,-719.26805825815,232.290047361664
711,-718.96805825815,231.990047361664
712,-718.96805825815,230.090047361663
713,-719.26805825815,229.790047361663
714,-721.868058258149,229.790047361663
715,-722.168058258149,230.090047361663
716,-722.168058258149,231.990047361664
717,-726.118058258149,232.290047361664
718,-723.51805825815,232.290047361664
719,-723.21805825815,231.990047361664
720,-723.21805825815,230.090047361663
721,-723.51805825815,229.790047361663
722,-726.118058258149,229.790047361663
723,-726.418058258149,230.090047361663
724,-726.418058258149,231.990047361664
725,-730.368058258149,232.290047361664
726,-727.76805825815,232.290047361664
727,-727.46805825815,231.990047361664
728,-727.46805825815,230.090047361663
729,-727.76805825815,229.790047361663
730,-730.368058258149,229.790047361663
731,-730.668058258149,230.090047361663
732,-730.668058258149,231.990047361664
733,-734.618058258149,232.290047361664
734,-732.01805825815,232.290047361664
735,-731.71805825815,231.990047361664
736,-731.71805825815,230.090047361663
737,-732.01805825815,229.790047361663
738,-734.618058258149,229.790047361663
739,-734.918058258149,230.090047361663
740,-734.918058258149,231.990047361664
741,-738.868058258149,232.290047361664
742,-736.26805825815,232.290047361664
743,-735.96805825815,231.990047361664
744,-735.96805825815,230.090047361663
745,-736.26805825815,229.790047361663
746,-738.868058258149,229.790047361663
747,-739.168058258149,230.090047361663
748,-739.168058258149,231.990047361664
749,-743.118058258149,232.290047361664
750,-740.51805825815,232.290047361664
751,-740.21805825815,231.990047361664
752,-740.21805825815,230.090047361663
753,-740.51805825815,229.790047361663
754,-743.118058258149,229.790047361663
755,-743.418058258149,230.090047361663
756,-743.418058258149,231.990047361664
757,-747.368058258149,232.290047361664
758,-744.76805825815,232.290047361664
759,-744.46805825815,231.990047361664
760,-744.46805825815,230.090047361663
761,-744.76805825815,229.790047361663
762,-747.368058258149,229.790047361663
763,-747.668058258149,230.090047361663
764,-747.668058258149,231.990047361664
765,-751.618058258149,232.290047361664
766,-749.01805825815,232.290047361664
767,-748.71805825815,231.990047361664
768,-748.71805825815,230.090047361663
769,-749.01805825815,229.790047361663
770,-751.618058258149,229.790047361663
771,-751.918058258149,230.090047361663
772,-751.918058258149,231.990047361664
773,-755.868058258149,232.290047361664
774,-753.26805825815,232.290047361664
775,-752.96805825815,231.990047361664
776,-752.96805825815,230.090047361663
777,-753.26805825815,229.790047361663
778,-755.868058258149,229.790047361663
779,-756.168058258149,230.090047361663
780,-756.168058258149,231.990047361664
781,-760.118058258149,232.290047361664
782,-757.51805825815,232.290047361664
783,-757.21805825815,231.990047361664
784,-757.21805825815,230.090047361663
785,-757.51805825815,229.790047361663
786,-760.118058258149,229.790047361663
787,-760.418058258149,230.090047361663
788,-760.418058258149,231.990047361664
789,-764.368058258149,232.290047361664
790,-761.76805825815,232.290047361664
791,-761.46805825815,231.990047361664
792,-761.46805825815,230.090047361663
793,-761.76805825815,229.790047361663
794,-764.368058258149,229.790047361663
795,-764.668058258149,230.090047361663
796,-764.668058258149,231.990047361664
797,-768.618058258149,232.290047361664
798,-766.01805825815,232.290047361664
799,-765.71805825815,231.990047361664
800,-765.71805825815,230.090047361663
801,-766.01805825815,229.790047361663
802,-768.618058258149,229.790047361663
803,-768.918058258149,230.090047361663
804,-768.918058258149,231.990047361664
805,-768.618058258149,228.740047361664
806,-766.01805825815,228.740047361664
807,-765.71805825815,228.440047361664
808,-765.71805825815,226.540047361663
809,-766.01805825815,226.240047361663
810,-768.618058258149,226.240047361663
811,-768.918058258149,226.540047361663
812,-768.918058258149,228.440047361664
813,-764.368058258149,228.740047361664
814,-761.76805825815,228.740047361664
815,-761.46805825815,228.440047361664
816,-761.46805825815,226.540047361663
817,-761.76805825815,226.240047361663
818,-764.368058258149,226.240047361663
819,-764.668058258149,226.540047361663
820,-764.668058258149,228.440047361664
821,-760.118058258149,228.740047361664
822,-757.51805825815,228.740047361664
823,-757.21805825815,228.440047361664
824,-757.21805825815,226.540047361663
825,-757.51805825815,226.240047361663
826,-760.118058258149,226.240047361663
827,-760.418058258149,226.540047361663
828,-760.418058258149,228.440047361664
829,-755.868058258149,228.740047361664
830,-753.26805825815,228.740047361664
831,-752.96805825815,228.440047361664
832,-752.96805825815,226.540047361663
833,-753.26805825815,226.240047361663
834,-755.868058258149,226.240047361663
835,-756.168058258149,226.540047361663
836,-756.168058258149,228.440047361664
837,-751.618058258149,228.740047361664
838,-749.01805825815,228.740047361664
839,-748.71805825815,228.440047361664
840,-748.71805825815,226.540047361663
841,-749.01805825815,226.240047361663
842,-751.618058258149,226.240047361663
843,-751.918058258149,226.540047361663
844,-751.918058258149,228.440047361664
845,-747.368058258149,228.740047361664
846,-744.76805825815,228.740047361664
847,-744.46805825815,228.440047361664
848,-744.46805825815,226.540047361663
849,-744.76805825815,226.240047361663
850,-747.368058258149,226.240047361663
851,-747.668058258149,226.540047361663
852,-747.668058258149,228.440047361664
853,-743.118058258149,228.740047361664
854,-740.51805825815,228.740047361664
855,-740.21805825815,228.440047361664
856,-740.21805825815,226.540047361663
857,-740.51805825815,226.240047361663
858,-743.118058258149,226.240047361663
859,-743.418058258149,226.540047361663
860,-743.418058258149,228.440047361664
861,-738.868058258149,228.740047361664
862,-736.26805825815,228.740047361664
863,-735.96805825815,228.440047361664
864,-735.96805825815,226.540047361663
865,-736.26805825815,226.240047361663
866,-738.868058258149,226.240047361663
867,-739.168058258149,226.540047361663
868,-739.168058258149,228.440047361664
869,-734.618058258149,228.740047361664
870,-732.01805825815,228.740047361664
871,-731.71805825815,228.440047361664
872,-731.71805825815,226.540047361663
873,-732.01805825815,226.240047361663
874,-734.618058258149,226.240047361663
875,-734.918058258149,226.540047361663
876,-734.918058258149,228.440047361664
877,-730.368058258149,228.740047361664
878,-727.76805825815,228.740047361664
879,-727.46805825815,228.440047361664
880,-727.46805825815,226.540047361663
881,-727.76805825815,226.240047361663
882,-730.368058258149,226.240047361663
883,-730.668058258149,226.540047361663
884,-730.668058258149,228.440047361664
885,-726.118058258149,228.740047361664
886,-723.51805825815,228.740047361664
887,-723.21805825815,228.440047361664
888,-723.21805825815,226.540047361663
889,-723.51805825815,226.240047361663
890,-726.118058258149,226.240047361663
891,-726.418058258149,226.540047361663
892,-726.418058258149,228.440047361664
893,-721.868058258149,228.740047361664
894,-719.26805825815,228.740047361664
895,-718.96805825815,228.440047361664
896,-718.96805825815,226.540047361663
897,-719.26805825815,226.240047361663
898,-721.868058258149,226.240047361663
899,-722.168058258149,226.540047361663
900,-722.168058258149,228.440047361664
901,-717.618058258149,228.740047361664
902,-715.01805825815,228.740047361664
903,-714.71805825815,228.440047361664
904,-714.71805825815,226.540047361663
905,-715.01805825815,226.240047361663
906,-717.618058258149,226.240047361663
907,-717.918058258149,226.540047361663
908,-717.918058258149,228.440047361664
909,-713.368058258149,228.740047361664
910,-710.76805825815,228.740047361664
911,-710.46805825815,228.440047361664
912,-710.46805825815,226.540047361663
913,-710.76805825815,226.240047361663
914,-713.368058258149,226.240047361663
915,-713.668058258149,226.540047361663
916,-713.668058258149,228.440047361664
917,-709.118058258149,228.740047361664
918,-706.51805825815,228.740047361664
919,-706.21805825815,228.440047361664
920,-706.21805825815,226.540047361663
921,-706.51805825815,226.240047361663
922,-709.118058258149,226.240047361663
923,-709.418058258149,226.540047361663
924,-709.418058258149,228.440047361664
925,-704.868058258149,228.740047361664
926,-702.26805825815,228.740047361664
927,-701.96805825815,228.440047361664
928,-701.96805825815,226.540047361663
929,-702.26805825815,226.240047361663
930,-704.868058258149,226.240047361663
931,-705.168058258149,226.540047361663
932,-705.168058258149,228.440047361664
933,-700.618058258149,228.740047361664
934,-698.01805825815,228.740047361664
935,-697.71805825815,228.440047361664
936,-697.71805825815,226.540047361663
937,-698.01805825815,226.240047361663
938,-700.618058258149,226.240047361663
939,-700.918058258149,226.540047361663
940,-700.918058258149,228.440047361664
941,-696.368058258149,228.740047361664
942,-693.76805825815,228.740047361664
943,-693.46805825815,228.440047361664
944,-693.46805825815,226.540047361663
945,-693.76805825815,226.240047361663
946,-696.368058258149,226.240047361663
947,-696.668058258149,226.540047361663
948,-696.668058258149,228.440047361664
949,-692.118058258149,228.740047361664
950,-689.51805825815,228.740047361664
951,-689.21805825815,228.440047361664
952,-689.21805825815,226.540047361663
953,-689.51805825815,226.240047361663
954,-692.118058258149,226.240047361663
955,-692.418058258149,226.540047361663
956,-692.418058258149,228.440047361664
957,-687.868058258149,228.740047361664
958,-685.26805825815,228.740047361664
959,-684.96805825815,228.440047361664
960,-684.96805825815,226.540047361663
961,-685.26805825815,226.240047361663
962,-687.868058258149,226.240047361663
963,-688.168058258149,226.540047361663
964,-688.168058258149,228.440047361664
965,-683.618058258149,228.740047361664
966,-681.01805825815,228.740047361664
967,-680.71805825815,228.440047361664
968,-680.71805825815,226.540047361663
969,-681.01805825815,226.240047361663
970,-683.618058258149,226.240047361663
971,-683.918058258149,226.540047361663
972,-683.918058258149,228.440047361664
973,-679.368058258149,228.740047361664
974,-676.76805825815,228.740047361664
975,-676.46805825815,228.440047361664
976,-676.46805825815,226.540047361663
977,-676.76805825815,226.240047361663
978,-679.368058258149,226.240047361663
979,-679.668058258149,226.540047361663
980,-679.668058258149,228.440047361664
981,-675.118058258149,228.740047361664
982,-672.51805825815,228.740047361664
983,-672.21805825815,228.440047361664
984,-672.21805825815,226.540047361663
985,-672.51805825815,226.240047361663
986,-675.118058258149,226.240047361663
987,-675.418058258149,226.540047361663
988,-675.418058258149,228.440047361664
989,-670.868058258149,228.740047361664
990,-668.26805825815,228.740047361664
991,-667.96805825815,228.440047361664
992,-667.96805825815,226.540047361663
993,-668.26805825815,226.240047361663
994,-670.868058258149,226.240047361663
995,-671.168058258149,226.540047361663
996,-671.168058258149,228.440047361664
997,-666.618058258149,228.740047361664
998,-664.01805825815,228.740047361664
999,-663.71805825815,228.440047361664
1000,-663.71805825815,226.540047361663
1001,-664.01805825815,226.240047361663
1002,-666.618058258149,226.240047361663
1003,-666.918058258149,226.540047361663
1004,-666.918058258149,228.440047361664
1005,-666.618058258149,225.190047361664
1006,-664.01805825815,225.190047361664
1007,-663.71805825815,224.890047361664
1008,-663.71805825815,222.990047361663
1009,-664.01805825815,222.690047361663
1010,-666.618058258149,222.690047361663
1011,-666.918058258149,222.990047361663
1012,-666.918058258149,224.890047361664
1013,-670.868058258149,225.190047361664
1014,-668.26805825815,225.190047361664
1015,-667.96805825815,224.890047361664
1016,-667.96805825815,222.990047361663
1017,-668.26805825815,222.690047361663
1018,-670.868058258149,222.690047361663
1019,-671.168058258149,222.990047361663
1020,-671.168058258149,224.890047361664
1021,-675.118058258149,225.190047361664
1022,-672.51805825815,225.190047361664
1023,-672.21805825815,224.890047361664
1024,-672.21805825815,222.990047361663
1025,-672.51805825815,222.690047361663
1026,-675.118058258149,222.690047361663
1027,-675.418058258149,222.990047361663
1028,-675.418058258149,224.890047361664
1029,-679.368058258149,225.190047361664
1030,-676.76805825815,225.190047361664
1031,-676.46805825815,224.890047361664
1032,-676.46805825815,222.990047361663
1033,-676.76805825815,222.690047361663
1034,-679.368058258149,222.690047361663
1035,-679.668058258149,222.990047361663
1036,-679.668058258149,224.890047361664
1037,-683.618058258149,225.190047361664
1038,-681.01805825815,225.190047361664
1039,-680.71805825815,224.890047361664
1040,-680.71805825815,222.990047361663
1041,-681.01805825815,222.690047361663
1042,-683.618058258149,222.690047361663
1043,-683.918058258149,222.990047361663
1044,-683.918058258149,224.890047361664
1045,-687.868058258149,225.190047361664
1046,-685.26805825815,225.190047361664
1047,-684.96805825815,224.890047361664
1048,-684.96805825815,222.990047361663
1049,-685.26805825815,222.690047361663
1050,-687.868058258149,222.690047361663
1051,-688.168058258149,222.990047361663
1052,-688.168058258149,224.890047361664
1053,-692.118058258149,225.190047361664
1054,-689.51805825815,225.190047361664
1055,-689.21805825815,224.890047361664
1056,-689.21805825815,222.990047361663
1057,-689.51805825815,222.690047361663
1058,-692.118058258149,222.690047361663
1059,-692.418058258149,222.990047361663
1060,-692.418058258149,224.890047361664
1061,-696.368058258149,225.190047361664
1062,-693.76805825815,225.190047361664
1063,-693.46805825815,224.890047361664
1064,-693.46805825815,222.990047361663
1065,-693.76805825815,222.690047361663
1066,-696.368058258149,222.690047361663
1067,-696.668058258149,222.990047361663
1068,-696.668058258149,224.890047361664
1069,-700.618058258149,225.190047361664
1070,-698.01805825815,225.190047361664
1071,-697.71805825815,224.890047361664
1072,-697.71805825815,222.990047361663
1073,-698.01805825815,222.690047361663
1074,-700.618058258149,222.690047361663
1075,-700.918058258149,222.990047361663
1076,-700.918058258149,224.890047361664
1077,-704.868058258149,225.190047361664
1078,-702.26805825815,225.190047361664
1079,-701.96805825815,224.890047361664
1080,-701.96805825815,222.990047361663
1081,-702.26805825815,222.690047361663
1082,-704.868058258149,222.690047361663
1083,-705.168058258149,222.990047361663
1084,-705.168058258149,224.890047361664
1085,-709.118058258149,225.190047361664
1086,-706.51805825815,225.190047361664
1087,-706.21805825815,224.890047361664
1088,-706.21805825815,222.990047361663
1089,-706.51805825815,222.690047361663
1090,-709.118058258149,222.690047361663
1091,-709.418058258149,222.990047361663
1092,-709.418058258149,224.890047361664
1093,-713.368058258149,225.190047361664
1094,-710.76805825815,225.190047361664
1095,-710.46805825815,224.890047361664
1096,-710.46805825815,222.990047361663
1097,-710.76805825815,222.690047361663
1098,-713.368058258149,222.690047361663
1099,-713.668058258149,222.990047361663
1100,-713.668058258149,224.890047361664
1101,-717.618058258149,225.190047361664
1102,-715.01805825815,225.190047361664
1103,-714.71805825815,224.890047361664
1104,-714.71805825815,222.990047361663
1105,-715.01805825815,222.690047361663
1106,-717.618058258149,222.690047361663
1107,-717.918058258149,222.990047361663
1108,-717.918058258149,224.890047361664
1109,-721.868058258149,225.190047361664
1110,-719.26805825815,225.190047361664
1111,-718.96805825815,224.890047361664
1112,-718.96805825815,222.990047361663
1113,-719.26805825815,222.690047361663
1114,-721.868058258149,222.690047361663
1115,-722.168058258149,222.990047361663
1116,-722.168058258149,224.890047361664
1117,-726.118058258149,225.190047361664
1118,-723.51805825815,225.190047361664
1119,-723.21805825815,224.890047361664
1120,-723.21805825815,222.990047361663
1121,-723.51805825815,222.690047361663
1122,-726.118058258149,222.690047361663
1123,-726.418058258149,222.990047361663
1124,-726.418058258149,224.890047361664
1125,-730.368058258149,225.190047361664
1126,-727.76805825815,225.190047361664
1127,-727.46805825815,224.890047361664
1128,-727.46805825815,222.990047361663
1129,-727.76805825815,222.690047361663
1130,-730.368058258149,222.690047361663
1131,-730.668058258149,222.990047361663
1132,-730.668058258149,224.890047361664
1133,-734.618058258149,225.190047361664
1134,-732.01805825815,225.190047361664
1135,-731.71805825815,224.890047361664
1136,-731.71805825815,222.990047361663
1137,-732.01805825815,222.690047361663
1138,-734.618058258149,222.690047361663
1139,-734.918058258149,222.990047361663
1140,-734.918058258149,224.890047361664
1141,-738.868058258149,225.190047361664
1142,-736.26805825815,225.190047361664
1143,-735.96805825815,224.890047361664
1144,-735.96805825815,222.990047361663
1145,-736.26805825815,222.690047361663
1146,-738.868058258149,222.690047361663
1147,-739.168058258149,222.990047361663
1148,-739.168058258149,224.890047361664
1149,-743.118058258149,225.190047361664
1150,-740.51805825815,225.190047361664
1151,-740.21805825815,224.890047361664
1152,-740.21805825815,222.990047361663
1153,-740.51805825815,222.690047361663
1154,-743.118058258149,222.690047361663
1155,-743.418058258149,222.990047361663
1156,-743.418058258149,224.890047361664
1157,-747.368058258149,225.190047361664
1158,-744.76805825815,225.190047361664
1159,-744.46805825815,224.890047361664
1160,-744.46805825815,222.990047361663
1161,-744.76805825815,222.690047361663
1162,-747.368058258149,222.690047361663
1163,-747.668058258149,222.990047361663
1164,-747.668058258149,224.890047361664
1165,-751.618058258149,225.190047361664
1166,-749.01805825815,225.190047361664
1167,-748.71805825815,224.890047361664
1168,-748.71805825815,222.990047361663
1169,-749.01805825815,222.690047361663
1170,-751.618058258149,222.690047361663
1171,-751.918058258149,222.990047361663
1172,-751.918058258149,224.890047361664
1173,-755.868058258149,225.190047361664
1174,-753.26805825815,225.190047361664
1175,-752.96805825815,224.890047361664
1176,-752.96805825815,222.990047361663
1177,-753.26805825815,222.690047361663
1178,-755.868058258149,222.690047361663
1179,-756.168058258149,222.990047361663
1180,-756.168058258149,224.890047361664
1181,-760.118058258149,225.190047361664
1182,-757.51805825815,225.190047361664
1183,-757.21805825815,224.890047361664
1184,-757.21805825815,222.990047361663
1185,-757.51805825815,222.690047361663
1186,-760.118058258149,222.690047361663
1187,-760.418058258149,222.990047361663
1188,-760.418058258149,224.890047361664
1189,-764.368058258149,225.190047361664
1190,-761.76805825815,225.190047361664
1191,-761.46805825815,224.890047361664
1192,-761.46805825815,222.990047361663
1193,-761.76805825815,222.690047361663
1194,-764.368058258149,222.690047361663
1195,-764.668058258149,222.990047361663
1196,-764.668058258149,224.890047361664
1197,-768.618058258149,225.190047361664
1198,-766.01805825815,225.190047361664
1199,-765.71805825815,224.890047361664
1200,-765.71805825815,222.990047361663
1201,-766.01805825815,222.690047361663
1202,-768.618058258149,222.690047361663
1203,-768.918058258149,222.990047361663
1204,-768.918058258149,224.890047361664
1205,-768.618058258149,221.640047361664
1206,-766.01805825815,221.640047361664
1207,-765.71805825815,221.340047361664
1208,-765.71805825815,219.440047361663
1209,-766.01805825815,219.140047361663
1210,-768.618058258149,219.140047361663
1211,-768.918058258149,219.440047361663
1212,-768.918058258149,221.340047361664
1213,-764.368058258149,221.640047361664
1214,-761.76805825815,221.640047361664
1215,-761.46805825815,221.340047361664
1216,-761.46805825815,219.440047361663
1217,-761.76805825815,219.140047361663
1218,-764.368058258149,219.140047361663
1219,-764.668058258149,219.440047361663
1220,-764.668058258149,221.340047361664
1221,-760.118058258149,221.640047361664
1222,-757.51805825815,221.640047361664
1223,-757.21805825815,221.340047361664
1224,-757.21805825815,219.440047361663
1225,-757.51805825815,219.140047361663
1226,-760.118058258149,219.140047361663
1227,-760.418058258149,219.440047361663
1228,-760.418058258149,221.340047361664
1229,-755.868058258149,221.640047361664
1230,-753.26805825815,221.640047361664
1231,-752.96805825815,221.340047361664
1232,-752.96805825815,219.440047361663
1233,-753.26805825815,219.140047361663
1234,-755.868058258149,219.140047361663
1235,-756.168058258149,219.440047361663
1236,-756.168058258149,221.340047361664
1237,-751.618058258149,221.640047361664
1238,-749.01805825815,221.640047361664
1239,-748.71805825815,221.340047361664
1240,-748.71805825815,219.440047361663
1241,-749.01805825815,219.140047361663
1242,-751.618058258149,219.140047361663
1243,-751.918058258149,219.440047361663
1244,-751.918058258149,221.340047361664
1245,-747.368058258149,221.640047361664
1246,-744.76805825815,221.640047361664
1247,-744.46805825815,221.340047361664
1248,-744.46805825815,219.440047361663
1249,-744.76805825815,219.140047361663
1250,-747.368058258149,219.140047361663
1251,-747.668058258149,219.440047361663
1252,-747.668058258149,221.340047361664
1253,-743.118058258149,221.640047361664
1254,-740.51805825815,221.640047361664
1255,-740.21805825815,221.340047361664
1256,-740.21805825815,219.440047361663
1257,-740.51805825815,219.140047361663
1258,-743.118058258149,219.140047361663
1259,-743.418058258149,219.440047361663
1260,-743.418058258149,221.340047361664
1261,-738.868058258149,221.640047361664
1262,-736.26805825815,221.640047361664
1263,-735.96805825815,221.340047361664
1264,-735.96805825815,219.440047361663
1265,-736.26805825815,219.140047361663
1266,-738.868058258149,219.140047361663
1267,-739.168058258149,219.440047361663
1268,-739.168058258149,221.340047361664
1269,-734.618058258149,221.640047361664
1270,-732.01805825815,221.640047361664
1271,-731.71805825815,221.340047361664
1272,-731.71805825815,219.440047361663
1273,-732.01805825815,219.140047361663
1274,-734.618058258149,219.140047361663
1275,-734.918058258149,219.440047361663
1276,-734.918058258149,221.340047361664
1277,-730.368058258149,221.640047361664
1278,-727.76805825815,221.640047361664
1279,-727.46805825815,221.340047361664
1280,-727.46805825815,219.440047361663
1281,-727.76805825815,219.140047361663
1282,-730.368058258149,219.140047361663
1283,-730.668058258149,219.440047361663
1284,-730.668058258149,221.340047361664
1285,-726.118058258149,221.640047361664
1286,-723.51805825815,221.640047361664
1287,-723.21805825815,221.340047361664
1288,-723.21805825815,219.440047361663
1289,-723.51805825815,219.140047361663
1290,-726.118058258149,219.140047361663
1291,-726.418058258149,219.440047361663
1292,-726.418058258149,221.340047361664
1293,-721.868058258149,221.640047361664
1294,-719.26805825815,221.640047361664
1295,-718.96805825815,221.340047361664
1296,-718.96805825815,219.440047361663
1297,-719.26805825815,219.140047361663
1298,-721.868058258149,219.140047361663
1299,-722.168058258149,219.440047361663
1300,-722.168058258149,221.340047361664
1301,-717.618058258149,221.640047361664
1302,-715.01805825815,221.640047361664
1303,-714.71805825815,221.340047361664
1304,-714.71805825815,219.440047361663
1305,-715.01805825815,219.140047361663
1306,-717.618058258149,219.140047361663
1307,-717.918058258149,219.440047361663
1308,-717.918058258149,221.340047361664
1309,-713.368058258149,221.640047361664
1310,-710.76805825815,221.640047361664
1311,-710.46805825815,221.340047361664
1312,-710.46805825815,219.440047361663
1313,-710.76805825815,219.140047361663
1314,-713.368058258149,219.140047361663
1315,-713.668058258149,219.440047361663
1316,-713.668058258149,221.340047361664
1317,-709.118058258149,221.640047361664
1318,-706.51805825815,221.640047361664
1319,-706.21805825815,221.340047361664
1320,-706.21805825815,219.440047361663
1321,-706.51805825815,219.140047361663
1322,-709.118058258149,219.140047361663
1323,-709.418058258149,219.440047361663
1324,-709.418058258149,221.340047361664
1325,-704.868058258149,221.640047361664
1326,-702.26805825815,221.640047361664
1327,-701.96805825815,221.340047361664
1328,-701.96805825815,219.440047361663
1329,-702.26805825815,219.140047361663
1330,-704.868058258149,219.140047361663
1331,-705.168058258149,219.440047361663
1332,-705.168058258149,221.340047361664
1333,-700.618058258149,221.640047361664
1334,-698.01805825815,221.640047361664
1335,-697.71805825815,221.340047361664
1336,-697.71805825815,219.440047361663
1337,-698.01805825815,219.140047361663
1338,-700.618058258149,219.140047361663
1339,-700.918058258149,219.440047361663
1340,-700.918058258149,221.340047361664
1341,-696.368058258149,221.640047361664
1342,-693.76805825815,221.640047361664
1343,-693.46805825815,221.340047361664
1344,-693.46805825815,219.440047361663
1345,-693.76805825815,219.140047361663
1346,-696.368058258149,219.140047361663
1347,-696.668058258149,219.440047361663
1348,-696.668058258149,221.340047361664
1349,-692.118058258149,221.640047361664
1350,-689.51805825815,221.640047361664
1351,-689.21805825815,221.340047361664
1352,-689.21805825815,219.440047361663
1353,-689.51805825815,219.140047361663
1354,-692.118058258149,219.140047361663
1355,-692.418058258149,219.440047361663
1356,-692.418058258149,221.340047361664
1357,-687.868058258149,221.640047361664
1358,-685.26805825815,221.640047361664
1359,-684.96805825815,221.340047361664
1360,-684.96805825815,219.440047361663
1361,-685.26805825815,219.140047361663
1362,-687.868058258149,219.140047361663
1363,-688.168058258149,219.440047361663
1364,-688.168058258149,221.340047361664
1365,-683.618058258149,221.640047361664
1366,-681.01805825815,221.640047361664
1367,-680.71805825815,221.340047361664
1368,-680.71805825815,219.440047361663
1369,-681.01805825815,219.140047361663
1370,-683.618058258149,219.140047361663
1371,-683.918058258149,219.440047361663
1372,-683.918058258149,221.340047361664
1373,-679.368058258149,221.640047361664
1374,-676.76805825815,221.640047361664
1375,-676.46805825815,221.340047361664
1376,-676.46805825815,219.440047361663
1377,-676.76805825815,219.140047361663
1378,-679.368058258149,219.140047361663
1379,-679.668058258149,219.440047361663
1380,-679.668058258149,221.340047361664
1381,-675.118058258149,221.640047361664
1382,-672.51805825815,221.640047361664
1383,-672.21805825815,221.340047361664
1384,-672.21805825815,219.440047361663
1385,-672.51805825815,219.140047361663
1386,-675.118058258149,219.140047361663
1387,-675.418058258149,219.440047361663
1388,-675.418058258149,221.340047361664
1389,-670.868058258149,221.640047361664
1390,-668.26805825815,221.640047361664
1391,-667.96805825815,221.340047361664
1392,-667.96805825815,219.440047361663
1393,-668.26805825815,219.140047361663
1394,-670.868058258149,219.140047361663
1395,-671.168058258149,219.440047361663
1396,-671.168058258149,221.340047361664
1397,-666.618058258149,221.640047361664
1398,-664.01805825815,221.640047361664
1399,-663.71805825815,221.340047361664
1400,-663.71805825815,219.440047361663
1401,-664.01805825815,219.140047361663
1402,-666.618058258149,219.140047361663
1403,-666.918058258149,219.440047361663
1404,-666.918058258149,221.340047361664
1405,-666.618058258149,218.090047361664
1406,-664.01805825815,218.090047361664
1407,-663.71805825815,217.790047361664
1408,-663.71805825815,215.890047361663
1409,-664.01805825815,215.590047361663
1410,-666.618058258149,215.590047361663
1411,-666.918058258149,215.890047361663
1412,-666.918058258149,217.790047361664
1413,-670.868058258149,218.090047361664
1414,-668.26805825815,218.090047361664
1415,-667.96805825815,217.790047361664
1416,-667.96805825815,215.890047361663
1417,-668.26805825815,215.590047361663
1418,-670.868058258149,215.590047361663
1419,-671.168058258149,215.890047361663
1420,-671.168058258149,217.790047361664
1421,-675.118058258149,218.090047361664
1422,-672.51805825815,218.090047361664
1423,-672.21805825815,217.790047361664
1424,-672.21805825815,215.890047361663
1425,-672.51805825815,215.590047361663
1426,-675.118058258149,215.590047361663
1427,-675.418058258149,215.890047361663
1428,-675.418058258149,217.790047361664
1429,-679.368058258149,218.090047361664
1430,-676.76805825815,218.090047361664
1431,-676.46805825815,217.790047361664
1432,-676.46805825815,215.890047361663
1433,-676.76805825815,215.590047361663
1434,-679.368058258149,215.590047361663
1435,-679.668058258149,215.890047361663
1436,-679.668058258149,217.790047361664
1437,-683.618058258149,218.090047361664
1438,-681.01805825815,218.090047361664
1439,-680.71805825815,217.790047361664
1440,-680.71805825815,215.890047361663
1441,-681.01805825815,215.590047361663
1442,-683.618058258149,215.590047361663
1443,-683.918058258149,215.890047361663
1444,-683.918058258149,217.790047361664
1445,-687.868058258149,218.090047361664
1446,-685.26805825815,218.090047361664
1447,-684.96805825815,217.790047361664
1448,-684.96805825815,215.890047361663
1449,-685.26805825815,215.590047361663
1450,-687.868058258149,215.590047361663
1451,-688.168058258149,215.890047361663
1452,-688.168058258149,217.790047361664
1453,-692.118058258149,218.090047361664
1454,-689.51805825815,218.090047361664
1455,-689.21805825815,217.790047361664
1456,-689.21805825815,215.890047361663
1457,-689.51805825815,215.590047361663
1458,-692.118058258149,215.590047361663
1459,-692.418058258149,215.890047361663
1460,-692.418058258149,217.790047361664
1461,-696.368058258149,218.090047361664
1462,-693.76805825815,218.090047361664
1463,-693.46805825815,217.790047361664
1464,-693.46805825815,215.890047361663
1465,-693.76805825815,215.590047361663
1466,-696.368058258149,215.590047361663
1467,-696.668058258149,215.890047361663
1468,-696.668058258149,217.790047361664
1469,-700.618058258149,218.090047361664
1470,-698.01805825815,218.090047361664
1471,-697.71805825815,217.790047361664
1472,-697.71805825815,215.890047361663
1473,-698.01805825815,215.590047361663
1474,-700.618058258149,215.590047361663
1475,-700.918058258149,215.890047361663
1476,-700.918058258149,217.790047361664
1477,-704.868058258149,218.090047361664
1478,-702.26805825815,218.090047361664
1479,-701.96805825815,217.790047361664
1480,-701.96805825815,215.890047361663
1481,-702.26805825815,215.590047361663
1482,-704.868058258149,215.590047361663
1483,-705.168058258149,215.890047361663
1484,-705.168058258149,217.790047361664
1485,-709.118058258149,218.090047361664
1486,-706.51805825815,218.090047361664
1487,-706.21805825815,217.790047361664
1488,-706.21805825815,215.890047361663
1489,-706.51805825815,215.590047361663
1490,-709.118058258149,215.590047361663
1491,-709.418058258149,215.890047361663
1492,-709.418058258149,217.790047361664
1493,-713.368058258149,218.090047361664
1494,-710.76805825815,218.090047361664
1495,-710.46805825815,217.790047361664
1496,-710.46805825815,215.890047361663
1497,-710.76805825815,215.590047361663
1498,-713.368058258149,215.590047361663
1499,-713.668058258149,215.890047361663
1500,-713.668058258149,217.790047361664
1501,-717.618058258149,218.090047361664
1502,-715.01805825815,218.090047361664
1503,-714.71805825815,217.790047361664
1504,-714.71805825815,215.890047361663
1505,-715.01805825815,215.590047361663
1506,-717.618058258149,215.590047361663
1507,-717.918058258149,215.890047361663
1508,-717.918058258149,217.790047361664
1509,-721.868058258149,218.090047361664
1510,-719.26805825815,218.090047361664
1511,-718.96805825815,217.790047361664
1512,-718.96805825815,215.890047361663
1513,-719.26805825815,215.590047361663
1514,-721.868058258149,215.590047361663
1515,-722.168058258149,215.890047361663
1516,-722.168058258149,217.790047361664
1517,-726.118058258149,218.090047361664
1518,-723.51805825815,218.090047361664
1519,-723.21805825815,217.790047361664
1520,-723.21805825815,215.890047361663
1521,-723.51805825815,215.590047361663
1522,-726.118058258149,215.590047361663
1523,-726.418058258149,215.890047361663
1524,-726.418058258149,217.790047361664
1525,-730.368058258149,218.090047361664
1526,-727.76805825815,218.090047361664
1527,-727.46805825815,217.790047361664
1528,-727.46805825815,215.890047361663
1529,-727.76805825815,215.590047361663
1530,-730.368058258149,215.590047361663
1531,-730.668058258149,215.890047361663
1532,-730.668058258149,217.790047361664
1533,-734.618058258149,218.090047361664
1534,-732.01805825815,218.090047361664
1535,-731.71805825815,217.790047361664
1536,-731.71805825815,215.890047361663
1537,-732.01805825815,215.590047361663
1538,-734.618058258149,215.590047361663
1539,-734.918058258149,215.890047361663
1540,-734.918058258149,217.790047361664
1541,-738.868058258149,218.090047361664
1542,-736.26805825815,218.090047361664
1543,-735.96805825815,217.790047361664
1544,-735.96805825815,215.890047361663
1545,-736.26805825815,215.590047361663
1546,-738.868058258149,215.590047361663
1547,-739.168058258149,215.890047361663
1548,-739.168058258149,217.790047361664
1549,-743.118058258149,218.090047361664
1550,-740.51805825815,218.090047361664
1551,-740.21805825815,217.790047361664
1552,-740.21805825815,215.890047361663
1553,-740.51805825815,215.590047361663
1554,-743.118058258149,215.590047361663
1555,-743.418058258149,215.890047361663
1556,-743.418058258149,217.790047361664
1557,-747.368058258149,218.090047361664
1558,-744.76805825815,218.090047361664
1559,-744.46805825815,217.790047361664
1560,-744.46805825815,215.890047361663
1561,-744.76805825815,215.590047361663
1562,-747.368058258149,215.590047361663
1563,-747.668058258149,215.890047361663
1564,-747.668058258149,217.790047361664
1565,-751.618058258149,218.090047361664
1566,-749.01805825815,218.090047361664
1567,-748.71805825815,217.790047361664
1568,-748.71805825815,215.890047361663
1569,-749.01805825815,215.590047361663
1570,-751.618058258149,215.590047361663
1571,-751.918058258149,215.890047361663
1572,-751.918058258149,217.790047361664
1573,-755.868058258149,218.090047361664
1574,-753.26805825815,218.090047361664
1575,-752.96805825815,217.790047361664
1576,-752.96805825815,215.890047361663
1577,-753.26805825815,215.590047361663
1578,-755.868058258149,215.590047361663
1579,-756.168058258149,215.890047361663
1580,-756.168058258149,217.790047361664
1581,-760.118058258149,218.090047361664
1582,-757.51805825815,218.090047361664
1583,-757.21805825815,217.790047361664
1584,-757.21805825815,215.890047361663
1585,-757.51805825815,215.590047361663
1586,-760.118058258149,215.590047361663
1587,-760.418058258149,215.890047361663
1588,-760.418058258149,217.790047361664
1589,-764.368058258149,218.090047361664
1590,-761.76805825815,218.090047361664
1591,-761.46805825815,217.790047361664
1592,-761.46805825815,215.890047361663
1593,-761.76805825815,215.590047361663
1594,-764.368058258149,215.590047361663
1595,-764.668058258149,215.890047361663
1596,-764.668058258149,217.790047361664
1597,-768.618058258149,218.090047361664
1598,-766.01805825815,218.090047361664
1599,-765.71805825815,217.790047361664
1600,-765.71805825815,215.890047361663
1601,-766.01805825815,215.590047361663
1602,-768.618058258149,215.590047361663
1603,-768.918058258149,215.890047361663
1604,-768.918058258149,217.790047361664
1605,-768.618058258149,214.540047361664
1606,-766.01805825815,214.540047361664
1607,-765.71805825815,214.240047361664
1608,-765.71805825815,212.340047361663
1609,-766.01805825815,212.040047361663
1610,-768.618058258149,212.040047361663
1611,-768.918058258149,212.340047361663
1612,-768.918058258149,214.240047361664
1613,-764.368058258149,214.540047361664
1614,-761.76805825815,214.540047361664
1615,-761.46805825815,214.240047361664
1616,-761.46805825815,212.340047361663
1617,-761.76805825815,212.040047361663
1618,-764.368058258149,212.040047361663
1619,-764.668058258149,212.340047361663
1620,-764.668058258149,214.240047361664
1621,-760.118058258149,214.540047361664
1622,-757.51805825815,214.540047361664
1623,-757.21805825815,214.240047361664
1624,-757.21805825815,212.340047361663
1625,-757.51805825815,212.040047361663
1626,-760.118058258149,212.040047361663
1627,-760.418058258149,212.340047361663
1628,-760.418058258149,214.240047361664
1629,-755.868058258149,214.540047361664
1630,-753.26805825815,214.540047361664
1631,-752.96805825815,214.240047361664
1632,-752.96805825815,212.340047361663
1633,-753.26805825815,212.040047361663
1634,-755.868058258149,212.040047361663
1635,-756.168058258149,212.340047361663
1636,-756.168058258149,214.240047361664
1637,-751.618058258149,214.540047361664
1638,-749.01805825815,214.540047361664
1639,-748.71805825815,214.240047361664
1640,-748.71805825815,212.340047361663
1641,-749.01805825815,212.040047361663
1642,-751.618058258149,212.040047361663
1643,-751.918058258149,212.340047361663
1644,-751.918058258149,214.240047361664
1645,-747.368058258149,214.540047361664
1646,-744.76805825815,214.540047361664
1647,-744.46805825815,214.240047361664
1648,-744.46805825815,212.340047361663
1649,-744.76805825815,212.040047361663
1650,-747.368058258149,212.040047361663
1651,-747.668058258149,212.340047361663
1652,-747.668058258149,214.240047361664
1653,-743.118058258149,214.540047361664
1654,-740.51805825815,214.540047361664
1655,-740.21805825815,214.240047361664
1656,-740.21805825815,212.340047361663
1657,-740.51805825815,212.040047361663
1658,-743.118058258149,212.040047361663
1659,-743.418058258149,212.340047361663
1660,-743.418058258149,214.240047361664
1661,-738.868058258149,214.540047361664
1662,-736.26805825815,214.540047361664
1663,-735.96805825815,214.240047361664
1664,-735.96805825815,212.340047361663
1665,-736.26805825815,212.040047361663
1666,-738.868058258149,212.040047361663
1667,-739.168058258149,212.340047361663
1668,-739.168058258149,214.240047361664
1669,-734.618058258149,214.540047361664
1670,-732.01805825815,214.540047361664
1671,-731.71805825815,214.240047361664
1672,-731.71805825815,212.340047361663
1673,-732.01805825815,212.040047361663
1674,-734.618058258149,212.040047361663
1675,-734.918058258149,212.340047361663
1676,-734.918058258149,214.240047361664
1677,-730.368058258149,214.540047361664
1678,-727.76805825815,214.540047361664
1679,-727.46805825815,214.240047361664
1680,-727.46805825815,212.340047361663
1681,-727.76805825815,212.040047361663
1682,-730.368058258149,212.040047361663
1683,-730.668058258149,212.340047361663
1684,-730.668058258149,214.240047361664
1685,-726.118058258149,214.540047361664
1686,-723.51805825815,214.540047361664
1687,-723.21805825815,214.240047361664
1688,-723.21805825815,212.340047361663
1689,-723.51805825815,212.040047361663
1690,-726.118058258149,212.040047361663
1691,-726.418058258149,212.340047361663
1692,-726.418058258149,214.240047361664
1693,-721.868058258149,214.540047361664
1694,-719.26805825815,214.540047361664
1695,-718.96805825815,214.240047361664
1696,-718.96805825815,212.340047361663
1697,-719.26805825815,212.040047361663
1698,-721.868058258149,212.040047361663
1699,-722.168058258149,212.340047361663
1700,-722.168058258149,214.240047361664
1701,-717.618058258149,214.540047361664
1702,-715.01805825815,214.540047361664
1703,-714.71805825815,214.240047361664
1704,-714.71805825815,212.340047361663
1705,-715.01805825815,212.040047361663
1706,-717.618058258149,212.040047361663
1707,-717.918058258149,212.340047361663
1708,-717.918058258149,214.240047361664
1709,-713.368058258149,214.540047361664
1710,-710.76805825815,214.540047361664
1711,-710.46805825815,214.240047361664
1712,-710.46805825815,212.340047361663
1713,-710.76805825815,212.040047361663
1714,-713.368058258149,212.040047361663
1715,-713.668058258149,212.340047361663
1716,-713.668058258149,214.240047361664
1717,-709.118058258149,214.540047361664
1718,-706.51805825815,214.540047361664
1719,-706.21805825815,214.240047361664
1720,-706.21805825815,212.340047361663
1721,-706.51805825815,212.040047361663
1722,-709.118058258149,212.040047361663
1723,-709.418058258149,212.340047361663
1724,-709.418058258149,214.240047361664
1725,-704.868058258149,214.540047361664
1726,-702.26805825815,214.540047361664
1727,-701.96805825815,214.240047361664
1728,-701.96805825815,212.340047361663
1729,-702.26805825815,212.040047361663
1730,-704.868058258149,212.040047361663
1731,-705.168058258149,212.340047361663
1732,-705.168058258149,214.240047361664
1733,-700.618058258149,214.540047361664
1734,-698.01805825815,214.540047361664
1735,-697.71805825815,214.240047361664
1736,-697.71805825815,212.340047361663
1737,-698.01805825815,212.040047361663
1738,-700.618058258149,212.040047361663
1739,-700.918058258149,212.340047361663
1740,-700.918058258149,214.240047361664
1741,-696.368058258149,214.540047361664
1742,-693.76805825815,214.540047361664
1743,-693.46805825815,214.240047361664
1744,-693.46805825815,212.340047361663
1745,-693.76805825815,212.040047361663
1746,-696.368058258149,212.040047361663
1747,-696.668058258149,212.340047361663
1748,-696.668058258149,214.240047361664
1749,-692.118058258149,214.540047361664
1750,-689.51805825815,214.540047361664
1751,-689.21805825815,214.240047361664
1752,-689.21805825815,212.340047361663
1753,-689.51805825815,212.040047361663
1754,-692.118058258149,212.040047361663
1755,-692.418058258149,212.340047361663
1756,-692.418058258149,214.240047361664
1757,-687.868058258149,214.540047361664
1758,-685.26805825815,214.540047361664
1759,-684.96805825815,214.240047361664
1760,-684.96805825815,212.340047361663
1761,-685.26805825815,212.040047361663
1762,-687.868058258149,212.040047361663
1763,-688.168058258149,212.340047361663
1764,-688.168058258149,214.240047361664
1765,-683.618058258149,214.540047361664
1766,-681.01805825815,214.540047361664
1767,-680.71805825815,214.240047361664
1768,-680.71805825815,212.340047361663
1769,-681.01805825815,212.040047361663
1770,-683.618058258149,212.040047361663
1771,-683.918058258149,212.340047361663
1772,-683.918058258149,214.240047361664
1773,-679.368058258149,214.540047361664
1774,-676.76805825815,214.540047361664
1775,-676.46805825815,214.240047361664
1776,-676.46805825815,212.340047361663
1777,-676.76805825815,212.040047361663
1778,-679.368058258149,212.040047361663
1779,-679.668058258149,212.340047361663
1780,-679.668058258149,214.240047361664
1781,-675.118058258149,214.540047361664
1782,-672.51805825815,214.540047361664
1783,-672.21805825815,214.240047361664
1784,-672.21805825815,212.340047361663
1785,-672.51805825815,212.040047361663
1786,-675.118058258149,212.040047361663
1787,-675.418058258149,212.340047361663
1788,-675.418058258149,214.240047361664
1789,-670.868058258149,214.540047361664
1790,-668.26805825815,214.540047361664
1791,-667.96805825815,214.240047361664
1792,-667.96805825815,212.340047361663
1793,-668.26805825815,212.040047361663
1794,-670.868058258149,212.040047361663
1795,-671.168058258149,212.340047361663
1796,-671.168058258149,214.240047361664
1797,-666.618058258149,214.540047361664
1798,-664.01805825815,214.540047361664
1799,-663.71805825815,214.240047361664
1800,-663.71805825815,212.340047361663
1801,-664.01805825815,212.040047361663
1802,-666.618058258149,212.040047361663
1803,-666.918058258149,212.340047361663
1804,-666.918058258149,214.240047361664
1805,-666.618058258149,210.990047361664
1806,-664.01805825815,210.990047361664
1807,-663.71805825815,210.690047361664
1808,-663.71805825815,208.790047361663
1809,-664.01805825815,208.490047361663
1810,-666.618058258149,208.490047361663
1811,-666.918058258149,208.790047361663
1812,-666.918058258149,210.690047361664
1813,-670.868058258149,210.990047361664
1814,-668.26805825815,210.990047361664
1815,-667.96805825815,210.690047361664
1816,-667.96805825815,208.790047361663
1817,-668.26805825815,208.490047361663
1818,-670.868058258149,208.490047361663
1819,-671.168058258149,208.790047361663
1820,-671.168058258149,210.690047361664
1821,-675.118058258149,210.990047361664
1822,-672.51805825815,210.990047361664
1823,-672.21805825815,210.690047361664
1824,-672.21805825815,208.790047361663
1825,-672.51805825815,208.490047361663
1826,-675.118058258149,208.490047361663
1827,-675.418058258149,208.790047361663
1828,-675.418058258149,210.690047361664
1829,-679.368058258149,210.990047361664
1830,-676.76805825815,210.990047361664
1831,-676.46805825815,210.690047361664
1832,-676.46805825815,208.790047361663
1833,-676.76805825815,208.490047361663
1834,-679.368058258149,208.490047361663
1835,-679.668058258149,208.790047361663
1836,-679.668058258149,210.690047361664
1837,-683.618058258149,210.990047361664
1838,-681.01805825815,210.990047361664
1839,-680.71805825815,210.690047361664
1840,-680.71805825815,208.790047361663
1841,-681.01805825815,208.490047361663
1842,-683.618058258149,208.490047361663
1843,-683.918058258149,208.790047361663
1844,-683.918058258149,210.690047361664
1845,-687.868058258149,210.990047361664
1846,-685.26805825815,210.990047361664
1847,-684.96805825815,210.690047361664
1848,-684.96805825815,208.790047361663
1849,-685.26805825815,208.490047361663
1850,-687.868058258149,208.490047361663
1851,-688.168058258149,208.790047361663
1852,-688.168058258149,210.690047361664
1853,-692.118058258149,210.990047361664
1854,-689.51805825815,210.990047361664
1855,-689.21805825815,210.690047361664
1856,-689.21805825815,208.790047361663
1857,-689.51805825815,208.490047361663
1858,-692.118058258149,208.490047361663
1859,-692.418058258149,208.790047361663
1860,-692.418058258149,210.690047361664
1861,-696.368058258149,210.990047361664
1862,-693.76805825815,210.990047361664
1863,-693.46805825815,210.690047361664
1864,-693.46805825815,208.790047361663
1865,-693.76805825815,208.490047361663
1866,-696.368058258149,208.490047361663
1867,-696.668058258149,208.790047361663
1868,-696.668058258149,210.690047361664
1869,-700.618058258149,210.990047361664
1870,-698.01805825815,210.990047361664
1871,-697.71805825815,210.690047361664
1872,-697.71805825815,208.790047361663
1873,-698.01805825815,208.490047361663
1874,-700.618058258149,208.490047361663
1875,-700.918058258149,208.790047361663
1876,-700.918058258149,210.690047361664
1877,-704.868058258149,210.990047361664
1878,-702.26805825815,210.990047361664
1879,-701.96805825815,210.690047361664
1880,-701.96805825815,208.790047361663
1881,-702.26805825815,208.490047361663
1882,-704.868058258149,208.490047361663
1883,-705.168058258149,208.790047361663
1884,-705.168058258149,210.690047361664
1885,-709.118058258149,210.990047361664
1886,-706.51805825815,210.990047361664
1887,-706.21805825815,210.690047361664
1888,-706.21805825815,208.790047361663
1889,-706.51805825815,208.490047361663
1890,-709.118058258149,208.490047361663
1891,-709.418058258149,208.790047361663
1892,-709.418058258149,210.690047361664
1893,-713.368058258149,210.990047361664
1894,-710.76805825815,210.990047361664
1895,-710.46805825815,210.690047361664
1896,-710.46805825815,208.790047361663
1897,-710.76805825815,208.490047361663
1898,-713.368058258149,208.490047361663
1899,-713.668058258149,208.790047361663
1900,-713.668058258149,210.690047361664
1901,-717.618058258149,210.990047361664
1902,-715.01805825815,210.990047361664
1903,-714.71805825815,210.690047361664
1904,-714.71805825815,208.790047361663
1905,-715.01805825815,208.490047361663
1906,-717.618058258149,208.490047361663
1907,-717.918058258149,208.790047361663
1908,-717.918058258149,210.690047361664
1909,-721.868058258149,210.990047361664
1910,-719.26805825815,210.990047361664
1911,-718.96805825815,210.690047361664
1912,-718.96805825815,208.790047361663
1913,-719.26805825815,208.490047361663
1914,-721.868058258149,208.490047361663
1915,-722.168058258149,208.790047361663
1916,-722.168058258149,210.690047361664
1917,-726.118058258149,210.990047361664
1918,-723.51805825815,210.990047361664
1919,-723.21805825815,210.690047361664
1920,-723.21805825815,208.790047361663
1921,-723.51805825815,208.490047361663
1922,-726.118058258149,208.490047361663
1923,-726.418058258149,208.790047361663
1924,-726.418058258149,210.690047361664
1925,-730.368058258149,210.990047361664
1926,-727.76805825815,210.990047361664
1927,-727.46805825815,210.690047361664
1928,-727.46805825815,208.790047361663
1929,-727.76805825815,208.490047361663
1930,-730.368058258149,208.490047361663
1931,-730.668058258149,208.790047361663
1932,-730.668058258149,210.690047361664
1933,-734.618058258149,210.990047361664
1934,-732.01805825815,210.990047361664
1935,-731.71805825815,210.690047361664
1936,-731.71805825815,208.790047361663
1937,-732.01805825815,208.490047361663
1938,-734.618058258149,208.490047361663
1939,-734.918058258149,208.790047361663
1940,-734.918058258149,210.690047361664
1941,-738.868058258149,210.990047361664
1942,-736.26805825815,210.990047361664
1943,-735.96805825815,210.690047361664
1944,-735.96805825815,208.790047361663
1945,-736.26805825815,208.490047361663
1946,-738.868058258149,208.490047361663
1947,-739.168058258149,208.790047361663
1948,-739.168058258149,210.690047361664
1949,-743.118058258149,210.990047361664
1950,-740.51805825815,210.990047361664
1951,-740.21805825815,210.690047361664
1952,-740.21805825815,208.790047361663
1953,-740.51805825815,208.490047361663
1954,-743.118058258149,208.490047361663
1955,-743.418058258149,208.790047361663
1956,-743.418058258149,210.690047361664
1957,-747.368058258149,210.990047361664
1958,-744.76805825815,210.990047361664
1959,-744.46805825815,210.690047361664
1960,-744.46805825815,208.790047361663
1961,-744.76805825815,208.490047361663
1962,-747.368058258149,208.490047361663
1963,-747.668058258149,208.790047361663
1964,-747.668058258149,210.690047361664
1965,-751.618058258149,210.990047361664
1966,-749.01805825815,210.990047361664
1967,-748.71805825815,210.690047361664
1968,-748.71805825815,208.790047361663
1969,-749.01805825815,208.490047361663
1970,-751.618058258149,208.490047361663
1971,-751.918058258149,208.790047361663
1972,-751.918058258149,210.690047361664
1973,-755.868058258149,210.990047361664
1974,-753.26805825815,210.990047361664
1975,-752.96805825815,210.690047361664
1976,-752.96805825815,208.790047361663
1977,-753.26805825815,208.490047361663
1978,-755.868058258149,208.490047361663
1979,-756.168058258149,208.790047361663
1980,-756.168058258149,210.690047361664
1981,-760.118058258149,210.990047361664
1982,-757.51805825815,210.990047361664
1983,-757.21805825815,210.690047361664
1984,-757.21805825815,208.790047361663
1985,-757.51805825815,208.490047361663
1986,-760.118058258149,208.490047361663
1987,-760.418058258149,208.790047361663
1988,-760.418058258149,210.690047361664
1989,-764.368058258149,210.990047361664
1990,-761.76805825815,210.990047361664
1991,-761.46805825815,210.690047361664
1992,-761.46805825815,208.790047361663
1993,-761.76805825815,208.490047361663
1994,-764.368058258149,208.490047361663
1995,-764.668058258149,208.790047361663
1996,-764.668058258149,210.690047361664
1997,-768.618058258149,210.990047361664
1998,-766.01805825815,210.990047361664
1999,-765.71805825815,210.690047361664
2000,-765.71805825815,208.790047361663
2001,-766.01805825815,208.490047361663
2002,-768.618058258149,208.490047361663
2003,-768.918058258149,208.790047361663
2004,-768.918058258149,210.690047361664
2005,-768.618058258149,207.440047361664
2006,-766.01805825815,207.440047361664
2007,-765.71805825815,207.140047361664
2008,-765.71805825815,205.240047361663
2009,-766.01805825815,204.940047361663
2010,-768.618058258149,204.940047361663
2011,-768.918058258149,205.240047361663
2012,-768.918058258149,207.140047361664
2013,-764.368058258149,207.440047361664
2014,-761.76805825815,207.440047361664
2015,-761.46805825815,207.140047361664
2016,-761.46805825815,205.240047361663
2017,-761.76805825815,204.940047361663
2018,-764.368058258149,204.940047361663
2019,-764.668058258149,205.240047361663
2020,-764.668058258149,207.140047361664
2021,-760.118058258149,207.440047361664
2022,-757.51805825815,207.440047361664
2023,-757.21805825815,207.140047361664
2024,-757.21805825815,205.240047361663
2025,-757.51805825815,204.940047361663
2026,-760.118058258149,204.940047361663
2027,-760.418058258149,205.240047361663
2028,-760.418058258149,207.140047361664
2029,-755.868058258149,207.440047361664
2030,-753.26805825815,207.440047361664
2031,-752.96805825815,207.140047361664
2032,-752.96805825815,205.240047361663
2033,-753.26805825815,204.940047361663
2034,-755.868058258149,204.940047361663
2035,-756.168058258149,205.240047361663
2036,-756.168058258149,207.140047361664
2037,-751.618058258149,207.440047361664
2038,-749.01805825815,207.440047361664
2039,-748.71805825815,207.140047361664
2040,-748.71805825815,205.240047361663
2041,-749.01805825815,204.940047361663
2042,-751.618058258149,204.940047361663
2043,-751.918058258149,205.240047361663
2044,-751.918058258149,207.140047361664
2045,-747.368058258149,207.440047361664
2046,-744.76805825815,207.440047361664
2047,-744.46805825815,207.140047361664
2048,-744.46805825815,205.240047361663
2049,-744.76805825815,204.940047361663
2050,-747.368058258149,204.940047361663
2051,-747.668058258149,205.240047361663
2052,-747.668058258149,207.140047361664
2053,-743.118058258149,207.440047361664
2054,-740.51805825815,207.440047361664
2055,-740.21805825815,207.140047361664
2056,-740.21805825815,205.240047361663
2057,-740.51805825815,204.940047361663
2058,-743.118058258149,204.940047361663
2059,-743.418058258149,205.240047361663
2060,-743.418058258149,207.140047361664
2061,-738.868058258149,207.440047361664
2062,-736.26805825815,207.440047361664
2063,-735.96805825815,207.140047361664
2064,-735.96805825815,205.240047361663
2065,-736.26805825815,204.940047361663
2066,-738.868058258149,204.940047361663
2067,-739.168058258149,205.240047361663
2068,-739.168058258149,207.140047361664
2069,-734.618058258149,207.440047361664
2070,-732.01805825815,207.440047361664
2071,-731.71805825815,207.140047361664
2072,-731.71805825815,205.240047361663
2073,-732.01805825815,204.940047361663
2074,-734.618058258149,204.940047361663
2075,-734.918058258149,205.240047361663
2076,-734.918058258149,207.140047361664
2077,-730.368058258149,207.440047361664
2078,-727.76805825815,207.440047361664
2079,-727.46805825815,207.140047361664
2080,-727.46805825815,205.240047361663
2081,-727.76805825815,204.940047361663
2082,-730.368058258149,204.940047361663
2083,-730.668058258149,205.240047361663
2084,-730.668058258149,207.140047361664
2085,-726.118058258149,207.440047361664
2086,-723.51805825815,207.440047361664
2087,-723.21805825815,207.140047361664
2088,-723.21805825815,205.240047361663
2089,-723.51805825815,204.940047361663
2090,-726.118058258149,204.940047361663
2091,-726.418058258149,205.240047361663
2092,-726.418058258149,207.140047361664
2093,-721.868058258149,207.440047361664
2094,-719.26805825815,207.440047361664
2095,-718.96805825815,207.140047361664
2096,-718.96805825815,205.240047361663
2097,-719.26805825815,204.940047361663
2098,-721.868058258149,204.940047361663
2099,-722.168058258149,205.240047361663
2100,-722.168058258149,207.140047361664
2101,-717.618058258149,207.440047361664
2102,-715.01805825815,207.440047361664
2103,-714.71805825815,207.140047361664
2104,-714.71805825815,205.240047361663
2105,-715.01805825815,204.940047361663
2106,-717.618058258149,204.940047361663
2107,-717.918058258149,205.240047361663
2108,-717.918058258149,207.140047361664
2109,-713.368058258149,207.440047361664
2110,-710.76805825815,207.440047361664
2111,-710.46805825815,207.140047361664
2112,-710.46805825815,205.240047361663
2113,-710.76805825815,204.940047361663
2114,-713.368058258149,204.940047361663
2115,-713.668058258149,205.240047361663
2116,-713.668058258149,207.140047361664
2117,-709.118058258149,207.440047361664
2118,-706.51805825815,207.440047361664
2119,-706.21805825815,207.140047361664
2120,-706.21805825815,205.240047361663
2121,-706.51805825815,204.940047361663
2122,-709.118058258149,204.940047361663
2123,-709.418058258149,205.240047361663
2124,-709.418058258149,207.140047361664
2125,-704.868058258149,207.440047361664
2126,-702.26805825815,207.440047361664
2127,-701.96805825815,207.140047361664
2128,-701.96805825815,205.240047361663
2129,-702.26805825815,204.940047361663
2130,-704.868058258149,204.940047361663
2131,-705.168058258149,205.240047361663
2132,-705.168058258149,207.140047361664
2133,-700.618058258149,207.440047361664
2134,-698.01805825815,207.440047361664
2135,-697.71805825815,207.140047361664
2136,-697.71805825815,205.240047361663
2137,-698.01805825815,204.940047361663
2138,-700.618058258149,204.940047361663
2139,-700.918058258149,205.240047361663
2140,-700.918058258149,207.140047361664
2141,-696.368058258149,207.440047361664
2142,-693.76805825815,207.440047361664
2143,-693.46805825815,207.140047361664
2144,-693.46805825815,205.240047361663
2145,-693.76805825815,204.940047361663
2146,-696.368058258149,204.940047361663
2147,-696.668058258149,205.240047361663
2148,-696.668058258149,207.140047361664
2149,-692.118058258149,207.440047361664
2150,-689.51805825815,207.440047361664
2151,-689.21805825815,207.140047361664
2152,-689.21805825815,205.240047361663
2153,-689.51805825815,204.940047361663
2154,-692.118058258149,204.940047361663
2155,-692.418058258149,205.240047361663
2156,-692.418058258149,207.140047361664
2157,-687.868058258149,207.440047361664
2158,-685.26805825815,207.440047361664
2159,-684.96805825815,207.140047361664
2160,-684.96805825815,205.240047361663
2161,-685.26805825815,204.940047361663
2162,-687.868058258149,204.940047361663
2163,-688.168058258149,205.240047361663
2164,-688.168058258149,207.140047361664
2165,-683.618058258149,207.440047361664
2166,-681.01805825815,207.440047361664
2167,-680.71805825815,207.140047361664
2168,-680.71805825815,205.240047361663
2169,-681.01805825815,204.940047361663
2170,-683.618058258149,204.940047361663
2171,-683.918058258149,205.240047361663
2172,-683.918058258149,207.140047361664
2173,-679.368058258149,207.440047361664
2174,-676.76805825815,207.440047361664
2175,-676.46805825815,207.140047361664
2176,-676.46805825815,205.240047361663
2177,-676.76805825815,204.940047361663
2178,-679.368058258149,204.940047361663
2179,-679.668058258149,205.240047361663
2180,-679.668058258149,207.140047361664
2181,-675.118058258149,207.440047361664
2182,-672.51805825815,207.440047361664
2183,-672.21805825815,207.140047361664
2184,-672.21805825815,205.240047361663
2185,-672.51805825815,204.940047361663
2186,-675.118058258149,204.940047361663
2187,-675.418058258149,205.240047361663
2188,-675.418058258149,207.140047361664
2189,-670.868058258149,207.440047361664
2190,-668.26805825815,207.440047361664
2191,-667.96805825815,207.140047361664
2192,-667.96805825815,205.240047361663
2193,-668.26805825815,204.940047361663
2194,-670.868058258149,204.940047361663
2195,-671.168058258149,205.240047361663
2196,-671.168058258149,207.140047361664
2197,-666.618058258149,207.440047361664
2198,-664.01805825815,207.440047361664
2199,-663.71805825815,207.140047361664
2200,-663.71805825815,205.240047361663
2201,-664.01805825815,204.940047361663
2202,-666.618058258149,204.940047361663
2203,-666.918058258149,205.240047361663
2204,-666.918058258149,207.140047361664
2205,-666.618058258149,203.890047361664
2206,-664.01805825815,203.890047361664
2207,-663.71805825815,203.590047361664
2208,-663.71805825815,201.690047361663
2209,-664.01805825815,201.390047361663
2210,-666.618058258149,201.390047361663
2211,-666.918058258149,201.690047361663
2212,-666.918058258149,203.590047361664
2213,-670.868058258149,203.890047361664
2214,-668.26805825815,203.890047361664
2215,-667.96805825815,203.590047361664
2216,-667.96805825815,201.690047361663
2217,-668.26805825815,201.390047361663
2218,-670.868058258149,201.390047361663
2219,-671.168058258149,201.690047361663
2220,-671.168058258149,203.590047361664
2221,-675.118058258149,203.890047361664
2222,-672.51805825815,203.890047361664
2223,-672.21805825815,203.590047361664
2224,-672.21805825815,201.690047361663
2225,-672.51805825815,201.390047361663
2226,-675.118058258149,201.390047361663
2227,-675.418058258149,201.690047361663
2228,-675.418058258149,203.590047361664
2229,-679.368058258149,203.890047361664
2230,-676.76805825815,203.890047361664
2231,-676.46805825815,203.590047361664
2232,-676.46805825815,201.690047361663
2233,-676.76805825815,201.390047361663
2234,-679.368058258149,201.390047361663
2235,-679.668058258149,201.690047361663
2236,-679.668058258149,203.590047361664
2237,-683.618058258149,203.890047361664
2238,-681.01805825815,203.890047361664
2239,-680.71805825815,203.590047361664
2240,-680.71805825815,201.690047361663
2241,-681.01805825815,201.390047361663
2242,-683.618058258149,201.390047361663
2243,-683.918058258149,201.690047361663
2244,-683.918058258149,203.590047361664
2245,-687.868058258149,203.890047361664
2246,-685.26805825815,203.890047361664
2247,-684.96805825815,203.590047361664
2248,-684.96805825815,201.690047361663
2249,-685.26805825815,201.390047361663
2250,-687.868058258149,201.390047361663
2251,-688.168058258149,201.690047361663
2252,-688.168058258149,203.590047361664
2253,-692.118058258149,203.890047361664
2254,-689.51805825815,203.890047361664
2255,-689.21805825815,203.590047361664
2256,-689.21805825815,201.690047361663
2257,-689.51805825815,201.390047361663
2258,-692.118058258149,201.390047361663
2259,-692.418058258149,201.690047361663
2260,-692.418058258149,203.590047361664
2261,-696.368058258149,203.890047361664
2262,-693.76805825815,203.890047361664
2263,-693.46805825815,203.590047361664
2264,-693.46805825815,201.690047361663
2265,-693.76805825815,201.390047361663
2266,-696.368058258149,201.390047361663
2267,-696.668058258149,201.690047361663
2268,-696.668058258149,203.590047361664
2269,-700.618058258149,203.890047361664
2270,-698.01805825815,203.890047361664
2271,-697.71805825815,203.590047361664
2272,-697.71805825815,201.690047361663
2273,-698.01805825815,201.390047361663
2274,-700.618058258149,201.390047361663
2275,-700.918058258149,201.690047361663
2276,-700.918058258149,203.590047361664
2277,-704.868058258149,203.890047361664
2278,-702.26805825815,203.890047361664
2279,-701.96805825815,203.590047361664
2280,-701.96805825815,201.690047361663
2281,-702.26805825815,201.390047361663
2282,-704.868058258149,201.390047361663
2283,-705.168058258149,201.690047361663
2284,-705.168058258149,203.590047361664
2285,-709.118058258149,203.890047361664
2286,-706.51805825815,203.890047361664
2287,-706.21805825815,203.590047361664
2288,-706.21805825815,201.690047361663
2289,-706.51805825815,201.390047361663
2290,-709.118058258149,201.390047361663
2291,-709.418058258149,201.690047361663
2292,-709.418058258149,203.590047361664
2293,-713.368058258149,203.890047361664
2294,-710.76805825815,203.890047361664
2295,-710.46805825815,203.590047361664
2296,-710.46805825815,201.690047361663
2297,-710.76805825815,201.390047361663
2298,-713.368058258149,201.390047361663
2299,-713.668058258149,201.690047361663
2300,-713.668058258149,203.590047361664
2301,-717.618058258149,203.890047361664
2302,-715.01805825815,203.890047361664
2303,-714.71805825815,203.590047361664
2304,-714.71805825815,201.690047361663
2305,-715.01805825815,201.390047361663
2306,-717.618058258149,201.390047361663
2307,-717.918058258149,201.690047361663
2308,-717.918058258149,203.590047361664
2309,-721.868058258149,203.890047361664
2310,-719.26805825815,203.890047361664
2311,-718.96805825815,203.590047361664
2312,-718.96805825815,201.690047361663
2313,-719.26805825815,201.390047361663
2314,-721.868058258149,201.390047361663
2315,-722.168058258149,201.690047361663
2316,-722.168058258149,203.590047361664
2317,-726.118058258149,203.890047361664
2318,-723.51805825815,203.890047361664
2319,-723.21805825815,203.590047361664
2320,-723.21805825815,201.690047361663
2321,-723.51805825815,201.390047361663
2322,-726.118058258149,201.390047361663
2323,-726.418058258149,201.690047361663
2324,-726.418058258149,203.590047361664
2325,-730.368058258149,203.890047361664
2326,-727.76805825815,203.890047361664
2327,-727.46805825815,203.590047361664
2328,-727.46805825815,201.690047361663
2329,-727.76805825815,201.390047361663
2330,-730.368058258149,201.390047361663
2331,-730.668058258149,201.690047361663
2332,-730.668058258149,203.590047361664
2333,-734.618058258149,203.890047361664
2334,-732.01805825815,203.890047361664
2335,-731.71805825815,203.590047361664
2336,-731.71805825815,201.690047361663
2337,-732.01805825815,201.390047361663
2338,-734.618058258149,201.390047361663
2339,-734.918058258149,201.690047361663
2340,-734.918058258149,203.590047361664
2341,-738.868058258149,203.890047361664
2342,-736.26805825815,203.890047361664
2343,-735.96805825815,203.590047361664
2344,-735.96805825815,201.690047361663
2345,-736.26805825815,201.390047361663
2346,-738.868058258149,201.390047361663
2347,-739.168058258149,201.690047361663
2348,-739.168058258149,203.590047361664
2349,-743.118058258149,203.890047361664
2350,-740.51805825815,203.890047361664
2351,-740.21805825815,203.590047361664
2352,-740.21805825815,201.690047361663
2353,-740.51805825815,201.390047361663
2354,-743.118058258149,201.390047361663
2355,-743.418058258149,201.690047361663
2356,-743.418058258149,203.590047361664
2357,-747.368058258149,203.890047361664
2358,-744.76805825815,203.890047361664
2359,-744.46805825815,203.590047361664
2360,-744.46805825815,201.690047361663
2361,-744.76805825815,201.390047361663
2362,-747.368058258149,201.390047361663
2363,-747.668058258149,201.690047361663
2364,-747.668058258149,203.590047361664
2365,-751.618058258149,203.890047361664
2366,-749.01805825815,203.890047361664
2367,-748.71805825815,203.590047361664
2368,-748.71805825815,201.690047361663
2369,-749.01805825815,201.390047361663
2370,-751.618058258149,201.390047361663
2371,-751.918058258149,201.690047361663
2372,-751.918058258149,203.590047361664
2373,-755.868058258149,203.890047361664
2374,-753.26805825815,203.890047361664
2375,-752.96805825815,203.590047361664
2376,-752.96805825815,201.690047361663
2377,-753.26805825815,201.390047361663
2378,-755.868058258149,201.390047361663
2379,-756.168058258149,201.690047361663
2380,-756.168058258149,203.590047361664
2381,-760.118058258149,203.890047361664
2382,-757.51805825815,203.890047361664
2383,-757.21805825815,203.590047361664
2384,-757.21805825815,201.690047361663
2385,-757.51805825815,201.390047361663
2386,-760.118058258149,201.390047361663
2387,-760.418058258149,201.690047361663
2388,-760.418058258149,203.590047361664
2389,-764.368058258149,203.890047361664
2390,-761.76805825815,203.890047361664
2391,-761.46805825815,203.590047361664
2392,-761.46805825815,201.690047361663
2393,-761.76805825815,201.390047361663
2394,-764.368058258149,201.390047361663
2395,-764.668058258149,201.690047361663
2396,-764.668058258149,203.590047361664
2397,-768.618058258149,203.890047361664
2398,-766.01805825815,203.890047361664
2399,-765.71805825815,203.590047361664
2400,-765.71805825815,201.690047361663
2401,-766.01805825815,201.390047361663
2402,-768.618058258149,201.390047361663
2403,-768.918058258149,201.690047361663
2404,-768.918058258149,203.590047361664
2405,-768.618058258149,200.340047361664
2406,-766.01805825815,200.340047361664
2407,-765.71805825815,200.040047361664
2408,-765.71805825815,198.140047361663
2409,-766.01805825815,197.840047361663
2410,-768.618058258149,197.840047361663
2411,-768.918058258149,198.140047361663
2412,-768.918058258149,200.040047361664
2413,-764.368058258149,200.340047361664
2414,-761.76805825815,200.340047361664
2415,-761.46805825815,200.040047361664
2416,-761.46805825815,198.140047361663
2417,-761.76805825815,197.840047361663
2418,-764.368058258149,197.840047361663
2419,-764.668058258149,198.140047361663
2420,-764.668058258149,200.040047361664
2421,-760.118058258149,200.340047361664
2422,-757.51805825815,200.340047361664
2423,-757.21805825815,200.040047361664
2424,-757.21805825815,198.140047361663
2425,-757.51805825815,197.840047361663
2426,-760.118058258149,197.840047361663
2427,-760.418058258149,198.140047361663
2428,-760.418058258149,200.040047361664
2429,-755.868058258149,200.340047361664
2430,-753.26805825815,200.340047361664
2431,-752.96805825815,200.040047361664
2432,-752.96805825815,198.140047361663
2433,-753.26805825815,197.840047361663
2434,-755.868058258149,197.840047361663
2435,-756.168058258149,198.140047361663
2436,-756.168058258149,200.040047361664
2437,-751.618058258149,200.340047361664
2438,-749.01805825815,200.340047361664
2439,-748.71805825815,200.040047361664
2440,-748.71805825815,198.140047361663
2441,-749.01805825815,197.840047361663
2442,-751.618058258149,197.840047361663
2443,-751.918058258149,198.140047361663
2444,-751.918058258149,200.040047361664
2445,-747.368058258149,200.340047361664
2446,-744.76805825815,200.340047361664
2447,-744.46805825815,200.040047361664
2448,-744.46805825815,198.140047361663
2449,-744.76805825815,197.840047361663
2450,-747.368058258149,197.840047361663
2451,-747.668058258149,198.140047361663
2452,-747.668058258149,200.040047361664
2453,-743.118058258149,200.340047361664
2454,-740.51805825815,200.340047361664
2455,-740.21805825815,200.040047361664
2456,-740.21805825815,198.140047361663
2457,-740.51805825815,197.840047361663
2458,-743.118058258149,197.840047361663
2459,-743.418058258149,198.140047361663
2460,-743.418058258149,200.040047361664
2461,-738.868058258149,200.340047361664
2462,-736.26805825815,200.340047361664
2463,-735.96805825815,200.040047361664
2464,-735.96805825815,198.140047361663
2465,-736.26805825815,197.840047361663
2466,-738.868058258149,197.840047361663
2467,-739.168058258149,198.140047361663
2468,-739.168058258149,200.040047361664
2469,-734.618058258149,200.340047361664
2470,-732.01805825815,200.340047361664
2471,-731.71805825815,200.040047361664
2472,-731.71805825815,198.140047361663
2473,-732.01805825815,197.840047361663
2474,-734.618058258149,197.840047361663
2475,-734.918058258149,198.140047361663
2476,-734.918058258149,200.040047361664
2477,-730.368058258149,200.340047361664
2478,-727.76805825815,200.340047361664
2479,-727.46805825815,200.040047361664
2480,-727.46805825815,198.140047361663
2481,-727.76805825815,197.840047361663
2482,-730.368058258149,197.840047361663
2483,-730.668058258149,198.140047361663
2484,-730.668058258149,200.040047361664
2485,-726.118058258149,200.340047361664
2486,-723.51805825815,200.340047361664
2487,-723.21805825815,200.040047361664
2488,-723.21805825815,198.140047361663
2489,-723.51805825815,197.840047361663
2490,-726.118058258149,197.840047361663
2491,-726.418058258149,198.140047361663
2492,-726.418058258149,200.040047361664
2493,-721.868058258149,200.340047361664
2494,-719.26805825815,200.340047361664
2495,-718.96805825815,200.040047361664
2496,-718.96805825815,198.140047361663
2497,-719.26805825815,197.840047361663
2498,-721.868058258149,197.840047361663
2499,-722.168058258149,198.140047361663
2500,-722.168058258149,200.040047361664
2501,-717.618058258149,200.340047361664
2502,-715.01805825815,200.340047361664
2503,-714.71805825815,200.040047361664
2504,-714.71805825815,198.140047361663
2505,-715.01805825815,197.840047361663
2506,-717.618058258149,197.840047361663
2507,-717.918058258149,198.140047361663
2508,-717.918058258149,200.040047361664
2509,-713.368058258149,200.340047361664
2510,-710.76805825815,200.340047361664
2511,-710.46805825815,200.040047361664
2512,-710.46805825815,198.140047361663
2513,-710.76805825815,197.840047361663
2514,-713.368058258149,197.840047361663
2515,-713.668058258149,198.140047361663
2516,-713.668058258149,200.040047361664
2517,-709.118058258149,200.340047361664
2518,-706.51805825815,200.340047361664
2519,-706.21805825815,200.040047361664
2520,-706.21805825815,198.140047361663
2521,-706.51805825815,197.840047361663
2522,-709.118058258149,197.840047361663
2523,-709.418058258149,198.140047361663
2524,-709.418058258149,200.040047361664
2525,-704.868058258149,200.340047361664
2526,-702.26805825815,200.340047361664
2527,-701.96805825815,200.040047361664
2528,-701.96805825815,198.140047361663
2529,-702.26805825815,197.840047361663
2530,-704.868058258149,197.840047361663
2531,-705.168058258149,198.140047361663
2532,-705.168058258149,200.040047361664
2533,-700.618058258149,200.340047361664
2534,-698.01805825815,200.340047361664
2535,-697.71805825815,200.040047361664
2536,-697.71805825815,198.140047361663
2537,-698.01805825815,197.840047361663
2538,-700.618058258149,197.840047361663
2539,-700.918058258149,198.140047361663
2540,-700.918058258149,200.040047361664
2541,-696.368058258149,200.340047361664
2542,-693.76805825815,200.340047361664
2543,-693.46805825815,200.040047361664
2544,-693.46805825815,198.140047361663
2545,-693.76805825815,197.840047361663
2546,-696.368058258149,197.840047361663
2547,-696.668058258149,198.140047361663
2548,-696.668058258149,200.040047361664
2549,-692.118058258149,200.340047361664
2550,-689.51805825815,200.340047361664
2551,-689.21805825815,200.040047361664
2552,-689.21805825815,198.140047361663
2553,-689.51805825815,197.840047361663
2554,-692.118058258149,197.840047361663
2555,-692.418058258149,198.140047361663
2556,-692.418058258149,200.040047361664
2557,-687.868058258149,200.340047361664
2558,-685.26805825815,200.340047361664
2559,-684.96805825815,200.040047361664
2560,-684.96805825815,198.140047361663
2561,-685.26805825815,197.840047361663
2562,-687.868058258149,197.840047361663
2563,-688.168058258149,198.140047361663
2564,-688.168058258149,200.040047361664
2565,-683.618058258149,200.340047361664
2566,-681.01805825815,200.340047361664
2567,-680.71805825815,200.040047361664
2568,-680.71805825815,198.140047361663
2569,-681.01805825815,197.840047361663
2570,-683.618058258149,197.840047361663
2571,-683.918058258149,198.140047361663
2572,-683.918058258149,200.040047361664
2573,-679.368058258149,200.340047361664
2574,-676.76805825815,200.340047361664
2575,-676.46805825815,200.040047361664
2576,-676.46805825815,198.140047361663
2577,-676.76805825815,197.840047361663
2578,-679.368058258149,197.840047361663
2579,-679.668058258149,198.140047361663
2580,-679.668058258149,200.040047361664
2581,-675.118058258149,200.340047361664
2582,-672.51805825815,200.340047361664
2583,-672.21805825815,200.040047361664
2584,-672.21805825815,198.140047361663
2585,-672.51805825815,197.840047361663
2586,-675.118058258149,197.840047361663
2587,-675.418058258149,198.140047361663
2588,-675.418058258149,200.040047361664
2589,-670.868058258149,200.340047361664
2590,-668.26805825815,200.340047361664
2591,-667.96805825815,200.040047361664
2592,-667.96805825815,198.140047361663
2593,-668.26805825815,197.840047361663
2594,-670.868058258149,197.840047361663
2595,-671.168058258149,198.140047361663
2596,-671.168058258149,200.040047361664
2597,-666.618058258149,200.340047361664
2598,-664.01805825815,200.340047361664
2599,-663.71805825815,200.040047361664
2600,-663.71805825815,198.140047361663
2601,-664.01805825815,197.840047361663
2602,-666.618058258149,197.840047361663
2603,-666.918058258149,198.140047361663
2604,-666.918058258149,200.040047361664
2605,-666.618058258149,196.790047361664
2606,-664.01805825815,196.790047361664
2607,-663.71805825815,196.490047361664
2608,-663.71805825815,194.590047361663
2609,-664.01805825815,194.290047361663
2610,-666.618058258149,194.290047361663
2611,-666.918058258149,194.590047361663
2612,-666.918058258149,196.490047361664
2613,-670.868058258149,196.790047361664
2614,-668.26805825815,196.790047361664
2615,-667.96805825815,196.490047361664
2616,-667.96805825815,194.590047361663
2617,-668.26805825815,194.290047361663
2618,-670.868058258149,194.290047361663
2619,-671.168058258149,194.590047361663
2620,-671.168058258149,196.490047361664
2621,-675.118058258149,196.790047361664
2622,-672.51805825815,196.790047361664
2623,-672.21805825815,196.490047361664
2624,-672.21805825815,194.590047361663
2625,-672.51805825815,194.290047361663
2626,-675.118058258149,194.290047361663
2627,-675.418058258149,194.590047361663
2628,-675.418058258149,196.490047361664
2629,-679.368058258149,196.790047361664
2630,-676.76805825815,196.790047361664
2631,-676.46805825815,196.490047361664
2632,-676.46805825815,194.590047361663
2633,-676.76805825815,194.290047361663
2634,-679.368058258149,194.290047361663
2635,-679.668058258149,194.590047361663
2636,-679.668058258149,196.490047361664
2637,-683.618058258149,196.790047361664
2638,-681.01805825815,196.790047361664
2639,-680.71805825815,196.490047361664
2640,-680.71805825815,194.590047361663
2641,-681.01805825815,194.290047361663
2642,-683.618058258149,194.290047361663
2643,-683.918058258149,194.590047361663
2644,-683.918058258149,196.490047361664
2645,-687.868058258149,196.790047361664
2646,-685.26805825815,196.790047361664
2647,-684.96805825815,196.490047361664
2648,-684.96805825815,194.590047361663
2649,-685.26805825815,194.290047361663
2650,-687.868058258149,194.290047361663
2651,-688.168058258149,194.590047361663
2652,-688.168058258149,196.490047361664
2653,-692.118058258149,196.790047361664
2654,-689.51805825815,196.790047361664
2655,-689.21805825815,196.490047361664
2656,-689.21805825815,194.590047361663
2657,-689.51805825815,194.290047361663
2658,-692.118058258149,194.290047361663
2659,-692.418058258149,194.590047361663
2660,-692.418058258149,196.490047361664
2661,-696.368058258149,196.790047361664
2662,-693.76805825815,196.790047361664
2663,-693.46805825815,196.490047361664
2664,-693.46805825815,194.590047361663
2665,-693.76805825815,194.290047361663
2666,-696.368058258149,194.290047361663
2667,-696.668058258149,194.590047361663
2668,-696.668058258149,196.490047361664
2669,-700.618058258149,196.790047361664
2670,-698.01805825815,196.790047361664
2671,-697.71805825815,196.490047361664
2672,-697.71805825815,194.590047361663
2673,-698.01805825815,194.290047361663
2674,-700.618058258149,194.290047361663
2675,-700.918058258149,194.590047361663
2676,-700.918058258149,196.490047361664
2677,-704.868058258149,196.790047361664
2678,-702.26805825815,196.790047361664
2679,-701.96805825815,196.490047361664
2680,-701.96805825815,194.590047361663
2681,-702.26805825815,194.290047361663
2682,-704.868058258149,194.290047361663
2683,-705.168058258149,194.590047361663
2684,-705.168058258149,196.490047361664
2685,-709.118058258149,196.790047361664
2686,-706.51805825815,196.790047361664
2687,-706.21805825815,196.490047361664
2688,-706.21805825815,194.590047361663
2689,-706.51805825815,194.290047361663
2690,-709.118058258149,194.290047361663
2691,-709.418058258149,194.590047361663
2692,-709.418058258149,196.490047361664
2693,-713.368058258149,196.790047361664
2694,-710.76805825815,196.790047361664
2695,-710.46805825815,196.490047361664
2696,-710.46805825815,194.590047361663
2697,-710.76805825815,194.290047361663
2698,-713.368058258149,194.290047361663
2699,-713.668058258149,194.590047361663
2700,-713.668058258149,196.490047361664
2701,-717.618058258149,196.790047361664
2702,-715.01805825815,196.790047361664
2703,-714.71805825815,196.490047361664
2704,-714.71805825815,194.590047361663
2705,-715.01805825815,194.290047361663
2706,-717.618058258149,194.290047361663
2707,-717.918058258149,194.590047361663
2708,-717.918058258149,196.490047361664
2709,-721.868058258149,196.790047361664
2710,-719.26805825815,196.790047361664
2711,-718.96805825815,196.490047361664
2712,-718.96805825815,194.590047361663
2713,-719.26805825815,194.290047361663
2714,-721.868058258149,194.290047361663
2715,-722.168058258149,194.590047361663
2716,-722.168058258149,196.490047361664
2717,-726.118058258149,196.790047361664
2718,-723.51805825815,196.790047361664
2719,-723.21805825815,196.490047361664
2720,-723.21805825815,194.590047361663
2721,-723.51805825815,194.290047361663
2722,-726.118058258149,194.290047361663
2723,-726.418058258149,194.590047361663
2724,-726.418058258149,196.490047361664
2725,-730.368058258149,196.790047361664
2726,-727.76805825815,196.790047361664
2727,-727.46805825815,196.490047361664
2728,-727.46805825815,194.590047361663
2729,-727.76805825815,194.290047361663
2730,-730.368058258149,194.290047361663
2731,-730.668058258149,194.590047361663
2732,-730.668058258149,196.490047361664
2733,-734.618058258149,196.790047361664
2734,-732.01805825815,196.790047361664
2735,-731.71805825815,196.490047361664
2736,-731.71805825815,194.590047361663
2737,-732.01805825815,194.290047361663
2738,-734.618058258149,194.290047361663
2739,-734.918058258149,194.590047361663
2740,-734.918058258149,196.490047361664
2741,-738.868058258149,196.790047361664
2742,-736.26805825815,196.790047361664
2743,-735.96805825815,196.490047361664
2744,-735.96805825815,194.590047361663
2745,-736.26805825815,194.290047361663
2746,-738.868058258149,194.290047361663
2747,-739.168058258149,194.590047361663
2748,-739.168058258149,196.490047361664
2749,-743.118058258149,196.790047361664
2750,-740.51805825815,196.790047361664
2751,-740.21805825815,196.490047361664
2752,-740.21805825815,194.590047361663
2753,-740.51805825815,194.290047361663
2754,-743.118058258149,194.290047361663
2755,-743.418058258149,194.590047361663
2756,-743.418058258149,196.490047361664
2757,-747.368058258149,196.790047361664
2758,-744.76805825815,196.790047361664
2759,-744.46805825815,196.490047361664
2760,-744.46805825815,194.590047361663
2761,-744.76805825815,194.290047361663
2762,-747.368058258149,194.290047361663
2763,-747.668058258149,194.590047361663
2764,-747.668058258149,196.490047361664
2765,-751.618058258149,196.790047361664
2766,-749.01805825815,196.790047361664
2767,-748.71805825815,196.490047361664
2768,-748.71805825815,194.590047361663
2769,-749.01805825815,194.290047361663
2770,-751.618058258149,194.290047361663
2771,-751.918058258149,194.590047361663
2772,-751.918058258149,196.490047361664
2773,-755.868058258149,196.790047361664
2774,-753.26805825815,196.790047361664
2775,-752.96805825815,196.490047361664
2776,-752.96805825815,194.590047361663
2777,-753.26805825815,194.290047361663
2778,-755.868058258149,194.290047361663
2779,-756.168058258149,194.590047361663
2780,-756.168058258149,196.490047361664
2781,-760.118058258149,196.790047361664
2782,-757.51805825815,196.790047361664
2783,-757.21805825815,196.490047361664
2784,-757.21805825815,194.590047361663
2785,-757.51805825815,194.290047361663
2786,-760.118058258149,194.290047361663
2787,-760.418058258149,194.590047361663
2788,-760.418058258149,196.490047361664
2789,-764.368058258149,196.790047361664
2790,-761.76805825815,196.790047361664
2791,-761.46805825815,196.490047361664
2792,-761.46805825815,194.590047361663
2793,-761.76805825815,194.290047361663
2794,-764.368058258149,194.290047361663
2795,-764.668058258149,194.590047361663
2796,-764.668058258149,196.490047361664
2797,-768.618058258149,196.790047361664
2798,-766.01805825815,196.790047361664
2799,-765.71805825815,196.490047361664
2800,-765.71805825815,194.590047361663
2801,-766.01805825815,194.290047361663
2802,-768.618058258149,194.290047361663
2803,-768.918058258149,194.590047361663
2804,-768.918058258149,196.490047361664
2805,-768.618058258149,193.240047361664
2806,-766.01805825815,193.240047361664
2807,-765.71805825815,192.940047361664
2808,-765.71805825815,191.040047361663
2809,-766.01805825815,190.740047361663
2810,-768.618058258149,190.740047361663
2811,-768.918058258149,191.040047361663
2812,-768.918058258149,192.940047361664
2813,-764.368058258149,193.240047361664
2814,-761.76805825815,193.240047361664
2815,-761.46805825815,192.940047361664
2816,-761.46805825815,191.040047361663
2817,-761.76805825815,190.740047361663
2818,-764.368058258149,190.740047361663
2819,-764.668058258149,191.040047361663
2820,-764.668058258149,192.940047361664
2821,-760.118058258149,193.240047361664
2822,-757.51805825815,193.240047361664
2823,-757.21805825815,192.940047361664
2824,-757.21805825815,191.040047361663
2825,-757.51805825815,190.740047361663
2826,-760.118058258149,190.740047361663
2827,-760.418058258149,191.040047361663
2828,-760.418058258149,192.940047361664
2829,-755.868058258149,193.240047361664
2830,-753.26805825815,193.240047361664
2831,-752.96805825815,192.940047361664
2832,-752.96805825815,191.040047361663
2833,-753.26805825815,190.740047361663
2834,-755.868058258149,190.740047361663
2835,-756.168058258149,191.040047361663
2836,-756.168058258149,192.940047361664
2837,-751.618058258149,193.240047361664
2838,-749.01805825815,193.240047361664
2839,-748.71805825815,192.940047361664
2840,-748.71805825815,191.040047361663
2841,-749.01805825815,190.740047361663
2842,-751.618058258149,190.740047361663
2843,-751.918058258149,191.040047361663
2844,-751.918058258149,192.940047361664
2845,-747.368058258149,193.240047361664
2846,-744.76805825815,193.240047361664
2847,-744.46805825815,192.940047361664
2848,-744.46805825815,191.040047361663
2849,-744.76805825815,190.740047361663
2850,-747.368058258149,190.740047361663
2851,-747.668058258149,191.040047361663
2852,-747.668058258149,192.940047361664
2853,-743.118058258149,193.240047361664
2854,-740.51805825815,193.240047361664
2855,-740.21805825815,192.940047361664
2856,-740.21805825815,191.040047361663
2857,-740.51805825815,190.740047361663
2858,-743.118058258149,190.740047361663
2859,-743.418058258149,191.040047361663
2860,-743.418058258149,192.940047361664
2861,-738.868058258149,193.240047361664
2862,-736.26805825815,193.240047361664
2863,-735.96805825815,192.940047361664
2864,-735.96805825815,191.040047361663
2865,-736.26805825815,190.740047361663
2866,-738.868058258149,190.740047361663
2867,-739.168058258149,191.040047361663
2868,-739.168058258149,192.940047361664
2869,-734.618058258149,193.240047361664
2870,-732.01805825815,193.240047361664
2871,-731.71805825815,192.940047361664
2872,-731.71805825815,191.040047361663
2873,-732.01805825815,190.740047361663
2874,-734.618058258149,190.740047361663
2875,-734.918058258149,191.040047361663
2876,-734.918058258149,192.940047361664
2877,-730.368058258149,193.240047361664
2878,-727.76805825815,193.240047361664
2879,-727.46805825815,192.940047361664
2880,-727.46805825815,191.040047361663
2881,-727.76805825815,190.740047361663
2882,-730.368058258149,190.740047361663
2883,-730.668058258149,191.040047361663
2884,-730.668058258149,192.940047361664
2885,-726.118058258149,193.240047361664
2886,-723.51805825815,193.240047361664
2887,-723.21805825815,192.940047361664
2888,-723.21805825815,191.040047361663
2889,-723.51805825815,190.740047361663
2890,-726.118058258149,190.740047361663
2891,-726.418058258149,191.040047361663
2892,-726.418058258149,192.940047361664
2893,-721.868058258149,193.240047361664
2894,-719.26805825815,193.240047361664
2895,-718.96805825815,192.940047361664
2896,-718.96805825815,191.040047361663
2897,-719.26805825815,190.740047361663
2898,-721.868058258149,190.740047361663
2899,-722.168058258149,191.040047361663
2900,-722.168058258149,192.940047361664
2901,-717.618058258149,193.240047361664
2902,-715.01805825815,193.240047361664
2903,-714.71805825815,192.940047361664
2904,-714.71805825815,191.040047361663
2905,-715.01805825815,190.740047361663
2906,-717.618058258149,190.740047361663
2907,-717.918058258149,191.040047361663
2908,-717.918058258149,192.940047361664
2909,-713.368058258149,193.240047361664
2910,-710.76805825815,193.240047361664
2911,-710.46805825815,192.940047361664
2912,-710.46805825815,191.040047361663
2913,-710.76805825815,190.740047361663
2914,-713.368058258149,190.740047361663
2915,-713.668058258149,191.040047361663
2916,-713.668058258149,192.940047361664
2917,-709.118058258149,193.240047361664
2918,-706.51805825815,193.240047361664
2919,-706.21805825815,192.940047361664
2920,-706.21805825815,191.040047361663
2921,-706.51805825815,190.740047361663
2922,-709.118058258149,190.740047361663
2923,-709.418058258149,191.040047361663
2924,-709.418058258149,192.940047361664
2925,-704.868058258149,193.240047361664
2926,-702.26805825815,193.240047361664
2927,-701.96805825815,192.940047361664
2928,-701.96805825815,191.040047361663
2929,-702.26805825815,190.740047361663
2930,-704.868058258149,190.740047361663
2931,-705.168058258149,191.040047361663
2932,-705.168058258149,192.940047361664
2933,-700.618058258149,193.240047361664
2934,-698.01805825815,193.240047361664
2935,-697.71805825815,192.940047361664
2936,-697.71805825815,191.040047361663
2937,-698.01805825815,190.740047361663
2938,-700.618058258149,190.740047361663
2939,-700.918058258149,191.040047361663
2940,-700.918058258149,192.940047361664
2941,-696.368058258149,193.240047361664
2942,-693.76805825815,193.240047361664
2943,-693.46805825815,192.940047361664
2944,-693.46805825815,191.040047361663
2945,-693.76805825815,190.740047361663
2946,-696.368058258149,190.740047361663
2947,-696.668058258149,191.040047361663
2948,-696.668058258149,192.940047361664
2949,-692.118058258149,193.240047361664
2950,-689.51805825815,193.240047361664
2951,-689.21805825815,192.940047361664
2952,-689.21805825815,191.040047361663
2953,-689.51805825815,190.740047361663
2954,-692.118058258149,190.740047361663
2955,-692.418058258149,191.040047361663
2956,-692.418058258149,192.940047361664
2957,-687.868058258149,193.240047361664
2958,-685.26805825815,193.240047361664
2959,-684.96805825815,192.940047361664
2960,-684.96805825815,191.040047361663
2961,-685.26805825815,190.740047361663
2962,-687.868058258149,190.740047361663
2963,-688.168058258149,191.040047361663
2964,-688.168058258149,192.940047361664
2965,-683.618058258149,193.240047361664
2966,-681.01805825815,193.240047361664
2967,-680.71805825815,192.940047361664
2968,-680.71805825815,191.040047361663
2969,-681.01805825815,190.740047361663
2970,-683.618058258149,190.740047361663
2971,-683.918058258149,191.040047361663
2972,-683.918058258149,192.940047361664
2973,-679.368058258149,193.240047361664
2974,-676.76805825815,193.240047361664
2975,-676.46805825815,192.940047361664
2976,-676.46805825815,191.040047361663
2977,-676.76805825815,190.740047361663
2978,-679.368058258149,190.740047361663
2979,-679.668058258149,191.040047361663
2980,-679.668058258149,192.940047361664
2981,-675.118058258149,193.240047361664
2982,-672.51805825815,193.240047361664
2983,-672.21805825815,192.940047361664
2984,-672.21805825815,191.040047361663
2985,-672.51805825815,190.740047361663
2986,-675.118058258149,190.740047361663
2987,-675.418058258149,191.040047361663
2988,-675.418058258149,192.940047361664
2989,-670.868058258149,193.240047361664
2990,-668.26805825815,193.240047361664
2991,-667.96805825815,192.940047361664
2992,-667.96805825815,191.040047361663
2993,-668.26805825815,190.740047361663
2994,-670.868058258149,190.740047361663
2995,-671.168058258149,191.040047361663
2996,-671.168058258149,192.940047361664
2997,-666.618058258149,193.240047361664
2998,-664.01805825815,193.240047361664
2999,-663.71805825815,192.940047361664
3000,-663.71805825815,191.040047361663
3001,-664.01805825815,190.740047361663
3002,-666.618058258149,190.740047361663
3003,-666.918058258149,191.040047361663
3004,-666.918058258149,192.940047361664
3005,-666.618058258149,189.690047361664
3006,-664.01805825815,189.690047361664
3007,-663.71805825815,189.390047361664
3008,-663.71805825815,187.490047361663
3009,-664.01805825815,187.190047361663
3010,-666.618058258149,187.190047361663
3011,-666.918058258149,187.490047361663
3012,-666.918058258149,189.390047361664
3013,-670.868058258149,189.690047361664
3014,-668.26805825815,189.690047361664
3015,-667.96805825815,189.390047361664
3016,-667.96805825815,187.490047361663
3017,-668.26805825815,187.190047361663
3018,-670.868058258149,187.190047361663
3019,-671.168058258149,187.490047361663
3020,-671.168058258149,189.390047361664
3021,-675.118058258149,189.690047361664
3022,-672.51805825815,189.690047361664
3023,-672.21805825815,189.390047361664
3024,-672.21805825815,187.490047361663
3025,-672.51805825815,187.190047361663
3026,-675.118058258149,187.190047361663
3027,-675.418058258149,187.490047361663
3028,-675.418058258149,189.390047361664
3029,-679.368058258149,189.690047361664
3030,-676.76805825815,189.690047361664
3031,-676.46805825815,189.390047361664
3032,-676.46805825815,187.490047361663
3033,-676.76805825815,187.190047361663
3034,-679.368058258149,187.190047361663
3035,-679.668058258149,187.490047361663
3036,-679.668058258149,189.390047361664
3037,-683.618058258149,189.690047361664
3038,-681.01805825815,189.690047361664
3039,-680.71805825815,189.390047361664
3040,-680.71805825815,187.490047361663
3041,-681.01805825815,187.190047361663
3042,-683.618058258149,187.190047361663
3043,-683.918058258149,187.490047361663
3044,-683.918058258149,189.390047361664
3045,-687.868058258149,189.690047361664
3046,-685.26805825815,189.690047361664
3047,-684.96805825815,189.390047361664
3048,-684.96805825815,187.490047361663
3049,-685.26805825815,187.190047361663
3050,-687.868058258149,187.190047361663
3051,-688.168058258149,187.490047361663
3052,-688.168058258149,189.390047361664
3053,-692.118058258149,189.690047361664
3054,-689.51805825815,189.690047361664
3055,-689.21805825815,189.390047361664
3056,-689.21805825815,187.490047361663
3057,-689.51805825815,187.190047361663
3058,-692.118058258149,187.190047361663
3059,-692.418058258149,187.490047361663
3060,-692.418058258149,189.390047361664
3061,-696.368058258149,189.690047361664
3062,-693.76805825815,189.690047361664
3063,-693.46805825815,189.390047361664
3064,-693.46805825815,187.490047361663
3065,-693.76805825815,187.190047361663
3066,-696.368058258149,187.190047361663
3067,-696.668058258149,187.490047361663
3068,-696.668058258149,189.390047361664
3069,-700.618058258149,189.690047361664
3070,-698.01805825815,189.690047361664
3071,-697.71805825815,189.390047361664
3072,-697.71805825815,187.490047361663
3073,-698.01805825815,187.190047361663
3074,-700.618058258149,187.190047361663
3075,-700.918058258149,187.490047361663
3076,-700.918058258149,189.390047361664
3077,-704.868058258149,189.690047361664
3078,-702.26805825815,189.690047361664
3079,-701.96805825815,189.390047361664
3080,-701.96805825815,187.490047361663
3081,-702.26805825815,187.190047361663
3082,-704.868058258149,187.190047361663
3083,-705.168058258149,187.490047361663
3084,-705.168058258149,189.390047361664
3085,-709.118058258149,189.690047361664
3086,-706.51805825815,189.690047361664
3087,-706.21805825815,189.390047361664
3088,-706.21805825815,187.490047361663
3089,-706.51805825815,187.190047361663
3090,-709.118058258149,187.190047361663
3091,-709.418058258149,187.490047361663
3092,-709.418058258149,189.390047361664
3093,-713.368058258149,189.690047361664
3094,-710.76805825815,189.690047361664
3095,-710.46805825815,189.390047361664
3096,-710.46805825815,187.490047361663
3097,-710.76805825815,187.190047361663
3098,-713.368058258149,187.190047361663
3099,-713.668058258149,187.490047361663
3100,-713.668058258149,189.390047361664
3101,-717.618058258149,189.690047361664
3102,-715.01805825815,189.690047361664
3103,-714.71805825815,189.390047361664
3104,-714.71805825815,187.490047361663
3105,-715.01805825815,187.190047361663
3106,-717.618058258149,187.190047361663
3107,-717.918058258149,187.490047361663
3108,-717.918058258149,189.390047361664
3109,-721.868058258149,189.690047361664
3110,-719.26805825815,189.690047361664
3111,-718.96805825815,189.390047361664
3112,-718.96805825815,187.490047361663
3113,-719.26805825815,187.190047361663
3114,-721.868058258149,187.190047361663
3115,-722.168058258149,187.490047361663
3116,-722.168058258149,189.390047361664
3117,-726.118058258149,189.690047361664
3118,-723.51805825815,189.690047361664
3119,-723.21805825815,189.390047361664
3120,-723.21805825815,187.490047361663
3121,-723.51805825815,187.190047361663
3122,-726.118058258149,187.190047361663
3123,-726.418058258149,187.490047361663
3124,-726.418058258149,189.390047361664
3125,-730.368058258149,189.690047361664
3126,-727.76805825815,189.690047361664
3127,-727.46805825815,189.390047361664
3128,-727.46805825815,187.490047361663
3129,-727.76805825815,187.190047361663
3130,-730.368058258149,187.190047361663
3131,-730.668058258149,187.490047361663
3132,-730.668058258149,189.390047361664
3133,-734.618058258149,189.690047361664
3134,-732.01805825815,189.690047361664
3135,-731.71805825815,189.390047361664
3136,-731.71805825815,187.490047361663
3137,-732.01805825815,187.190047361663
3138,-734.618058258149,187.190047361663
3139,-734.918058258149,187.490047361663
3140,-734.918058258149,189.390047361664
3141,-738.868058258149,189.690047361664
3142,-736.26805825815,189.690047361664
3143,-735.96805825815,189.390047361664
3144,-735.96805825815,187.490047361663
3145,-736.26805825815,187.190047361663
3146,-738.868058258149,187.190047361663
3147,-739.168058258149,187.490047361663
3148,-739.168058258149,189.390047361664
3149,-743.118058258149,189.690047361664
3150,-740.51805825815,189.690047361664
3151,-740.21805825815,189.390047361664
3152,-740.21805825815,187.490047361663
3153,-740.51805825815,187.190047361663
3154,-743.118058258149,187.190047361663
3155,-743.418058258149,187.490047361663
3156,-743.418058258149,189.390047361664
3157,-747.368058258149,189.690047361664
3158,-744.76805825815,189.690047361664
3159,-744.46805825815,189.390047361664
3160,-744.46805825815,187.490047361663
3161,-744.76805825815,187.190047361663
3162,-747.368058258149,187.190047361663
3163,-747.668058258149,187.490047361663
3164,-747.668058258149,189.390047361664
3165,-751.618058258149,189.690047361664
3166,-749.01805825815,189.690047361664
3167,-748.71805825815,189.390047361664
3168,-748.71805825815,187.490047361663
3169,-749.01805825815,187.190047361663
3170,-751.618058258149,187.190047361663
3171,-751.918058258149,187.490047361663
3172,-751.918058258149,189.390047361664
3173,-755.868058258149,189.690047361664
3174,-753.26805825815,189.690047361664
3175,-752.96805825815,189.390047361664
3176,-752.96805825815,187.490047361663
3177,-753.26805825815,187.190047361663
3178,-755.868058258149,187.190047361663
3179,-756.168058258149,187.490047361663
3180,-756.168058258149,189.390047361664
3181,-760.118058258149,189.690047361664
3182,-757.51805825815,189.690047361664
3183,-757.21805825815,189.390047361664
3184,-757.21805825815,187.490047361663
3185,-757.51805825815,187.190047361663
3186,-760.118058258149,187.190047361663
3187,-760.418058258149,187.490047361663
3188,-760.418058258149,189.390047361664
3189,-764.368058258149,189.690047361664
3190,-761.76805825815,189.690047361664
3191,-761.46805825815,189.390047361664
3192,-761.46805825815,187.490047361663
3193,-761.76805825815,187.190047361663
3194,-764.368058258149,187.190047361663
3195,-764.668058258149,187.490047361663
3196,-764.668058258149,189.390047361664
3197,-768.618058258149,189.690047361664
3198,-766.01805825815,189.690047361664
3199,-765.71805825815,189.390047361664
3200,-765.71805825815,187.490047361663
3201,-766.01805825815,187.190047361663
3202,-768.618058258149,187.190047361663
3203,-768.918058258149,187.490047361663
3204,-768.918058258149,189.390047361664
3205,-768.618058258149,186.140047361664
3206,-766.01805825815,186.140047361664
3207,-765.71805825815,185.840047361664
3208,-765.71805825815,183.940047361663
3209,-766.01805825815,183.640047361663
3210,-768.618058258149,183.640047361663
3211,-768.918058258149,183.940047361663
3212,-768.918058258149,185.840047361664
3213,-764.368058258149,186.140047361664
3214,-761.76805825815,186.140047361664
3215,-761.46805825815,185.840047361664
3216,-761.46805825815,183.940047361663
3217,-761.76805825815,183.640047361663
3218,-764.368058258149,183.640047361663
3219,-764.668058258149,183.940047361663
3220,-764.668058258149,185.840047361664
3221,-760.118058258149,186.140047361664
3222,-757.51805825815,186.140047361664
3223,-757.21805825815,185.840047361664
3224,-757.21805825815,183.940047361663
3225,-757.51805825815,183.640047361663
3226,-760.118058258149,183.640047361663
3227,-760.418058258149,183.940047361663
3228,-760.418058258149,185.840047361664
3229,-755.868058258149,186.140047361664
3230,-753.26805825815,186.140047361664
3231,-752.96805825815,185.840047361664
3232,-752.96805825815,183.940047361663
3233,-753.26805825815,183.640047361663
3234,-755.868058258149,183.640047361663
3235,-756.168058258149,183.940047361663
3236,-756.168058258149,185.840047361664
3237,-751.618058258149,186.140047361664
3238,-749.01805825815,186.140047361664
3239,-748.71805825815,185.840047361664
3240,-748.71805825815,183.940047361663
3241,-749.01805825815,183.640047361663
3242,-751.618058258149,183.640047361663
3243,-751.918058258149,183.940047361663
3244,-751.918058258149,185.840047361664
3245,-747.368058258149,186.140047361664
3246,-744.76805825815,186.140047361664
3247,-744.46805825815,185.840047361664
3248,-744.46805825815,183.940047361663
3249,-744.76805825815,183.640047361663
3250,-747.368058258149,183.640047361663
3251,-747.668058258149,183.940047361663
3252,-747.668058258149,185.840047361664
3253,-743.118058258149,186.140047361664
3254,-740.51805825815,186.140047361664
3255,-740.21805825815,185.840047361664
3256,-740.21805825815,183.940047361663
3257,-740.51805825815,183.640047361663
3258,-743.118058258149,183.640047361663
3259,-743.418058258149,183.940047361663
3260,-743.418058258149,185.840047361664
3261,-738.868058258149,186.140047361664
3262,-736.26805825815,186.140047361664
3263,-735.96805825815,185.840047361664
3264,-735.96805825815,183.940047361663
3265,-736.26805825815,183.640047361663
3266,-738.868058258149,183.640047361663
3267,-739.168058258149,183.940047361663
3268,-739.168058258149,185.840047361664
3269,-734.618058258149,186.140047361664
3270,-732.01805825815,186.140047361664
3271,-731.71805825815,185.840047361664
3272,-731.71805825815,183.940047361663
3273,-732.01805825815,183.640047361663
3274,-734.618058258149,183.640047361663
3275,-734.918058258149,183.940047361663
3276,-734.918058258149,185.840047361664
3277,-730.368058258149,186.140047361664
3278,-727.76805825815,186.140047361664
3279,-727.46805825815,185.840047361664
3280,-727.46805825815,183.940047361663
3281,-727.76805825815,183.640047361663
3282,-730.368058258149,183.640047361663
3283,-730.668058258149,183.940047361663
3284,-730.668058258149,185.840047361664
3285,-726.118058258149,186.140047361664
3286,-723.51805825815,186.140047361664
3287,-723.21805825815,185.840047361664
3288,-723.21805825815,183.940047361663
3289,-723.51805825815,183.640047361663
3290,-726.118058258149,183.640047361663
3291,-726.418058258149,183.940047361663
3292,-726.418058258149,185.840047361664
3293,-721.868058258149,186.140047361664
3294,-719.26805825815,186.140047361664
3295,-718.96805825815,185.840047361664
3296,-718.96805825815,183.940047361663
3297,-719.26805825815,183.640047361663
3298,-721.868058258149,183.640047361663
3299,-722.168058258149,183.940047361663
3300,-722.168058258149,185.840047361664
3301,-717.618058258149,186.140047361664
3302,-715.01805825815,186.140047361664
3303,-714.71805825815,185.840047361664
3304,-714.71805825815,183.940047361663
3305,-715.01805825815,183.640047361663
3306,-717.618058258149,183.640047361663
3307,-717.918058258149,183.940047361663
3308,-717.918058258149,185.840047361664
3309,-713.368058258149,186.140047361664
3310,-710.76805825815,186.140047361664
3311,-710.46805825815,185.840047361664
3312,-710.46805825815,183.940047361663
3313,-710.76805825815,183.640047361663
3314,-713.368058258149,183.640047361663
3315,-713.668058258149,183.940047361663
3316,-713.668058258149,185.840047361664
3317,-709.118058258149,186.140047361664
3318,-706.51805825815,186.140047361664
3319,-706.21805825815,185.840047361664
3320,-706.21805825815,183.940047361663
3321,-706.51805825815,183.640047361663
3322,-709.118058258149,183.640047361663
3323,-709.418058258149,183.940047361663
3324,-709.418058258149,185.840047361664
3325,-704.868058258149,186.140047361664
3326,-702.26805825815,186.140047361664
3327,-701.96805825815,185.840047361664
3328,-701.96805825815,183.940047361663
3329,-702.26805825815,183.640047361663
3330,-704.868058258149,183.640047361663
3331,-705.168058258149,183.940047361663
3332,-705.168058258149,185.840047361664
3333,-700.618058258149,186.140047361664
3334,-698.01805825815,186.140047361664
3335,-697.71805825815,185.840047361664
3336,-697.71805825815,183.940047361663
3337,-698.01805825815,183.640047361663
3338,-700.618058258149,183.640047361663
3339,-700.918058258149,183.940047361663
3340,-700.918058258149,185.840047361664
3341,-696.368058258149,186.140047361664
3342,-693.76805825815,186.140047361664
3343,-693.46805825815,185.840047361664
3344,-693.46805825815,183.940047361663
3345,-693.76805825815,183.640047361663
3346,-696.368058258149,183.640047361663
3347,-696.668058258149,183.940047361663
3348,-696.668058258149,185.840047361664
3349,-692.118058258149,186.140047361664
3350,-689.51805825815,186.140047361664
3351,-689.21805825815,185.840047361664
3352,-689.21805825815,183.940047361663
3353,-689.51805825815,183.640047361663
3354,-692.118058258149,183.640047361663
3355,-692.418058258149,183.940047361663
3356,-692.418058258149,185.840047361664
3357,-687.868058258149,186.140047361664
3358,-685.26805825815,186.140047361664
3359,-684.96805825815,185.840047361664
3360,-684.96805825815,183.940047361663
3361,-685.26805825815,183.640047361663
3362,-687.868058258149,183.640047361663
3363,-688.168058258149,183.940047361663
3364,-688.168058258149,185.840047361664
3365,-683.618058258149,186.140047361664
3366,-681.01805825815,186.140047361664
3367,-680.71805825815,185.840047361664
3368,-680.71805825815,183.940047361663
3369,-681.01805825815,183.640047361663
3370,-683.618058258149,183.640047361663
3371,-683.918058258149,183.940047361663
3372,-683.918058258149,185.840047361664
3373,-679.368058258149,186.140047361664
3374,-676.76805825815,186.140047361664
3375,-676.46805825815,185.840047361664
3376,-676.46805825815,183.940047361663
3377,-676.76805825815,183.640047361663
3378,-679.368058258149,183.640047361663
3379,-679.668058258149,183.940047361663
3380,-679.668058258149,185.840047361664
3381,-675.118058258149,186.140047361664
3382,-672.51805825815,186.140047361664
3383,-672.21805825815,185.840047361664
3384,-672.21805825815,183.940047361663
3385,-672.51805825815,183.640047361663
3386,-675.118058258149,183.640047361663
3387,-675.418058258149,183.940047361663
3388,-675.418058258149,185.840047361664
3389,-670.868058258149,186.140047361664
3390,-668.26805825815,186.140047361664
3391,-667.96805825815,185.840047361664
3392,-667.96805825815,183.940047361663
3393,-668.26805825815,183.640047361663
3394,-670.868058258149,183.640047361663
3395,-671.168058258149,183.940047361663
3396,-671.168058258149,185.840047361664
3397,-666.618058258149,186.140047361664
3398,-664.01805825815,186.140047361664
3399,-663.71805825815,185.840047361664
3400,-663.71805825815,183.940047361663
3401,-664.01805825815,183.640047361663
3402,-666.618058258149,183.640047361663
3403,-666.918058258149,183.940047361663
3404,-666.918058258149,185.840047361664
3405,-666.618058258149,182.590047361664
3406,-664.01805825815,182.590047361664
3407,-663.71805825815,182.290047361664
3408,-663.71805825815,180.390047361663
3409,-664.01805825815,180.090047361663
3410,-666.618058258149,180.090047361663
3411,-666.918058258149,180.390047361663
3412,-666.918058258149,182.290047361664
3413,-670.868058258149,182.590047361664
3414,-668.26805825815,182.590047361664
3415,-667.96805825815,182.290047361664
3416,-667.96805825815,180.390047361663
3417,-668.26805825815,180.090047361663
3418,-670.868058258149,180.090047361663
3419,-671.168058258149,180.390047361663
3420,-671.168058258149,182.290047361664
3421,-675.118058258149,182.590047361664
3422,-672.51805825815,182.590047361664
3423,-672.21805825815,182.290047361664
3424,-672.21805825815,180.390047361663
3425,-672.51805825815,180.090047361663
3426,-675.118058258149,180.090047361663
3427,-675.418058258149,180.390047361663
3428,-675.418058258149,182.290047361664
3429,-679.368058258149,182.590047361664
3430,-676.76805825815,182.590047361664
3431,-676.46805825815,182.290047361664
3432,-676.46805825815,180.390047361663
3433,-676.76805825815,180.090047361663
3434,-679.368058258149,180.090047361663
3435,-679.668058258149,180.390047361663
3436,-679.668058258149,182.290047361664
3437,-683.618058258149,182.590047361664
3438,-681.01805825815,182.590047361664
3439,-680.71805825815,182.290047361664
3440,-680.71805825815,180.390047361663
3441,-681.01805825815,180.090047361663
3442,-683.618058258149,180.090047361663
3443,-683.918058258149,180.390047361663
3444,-683.918058258149,182.290047361664
3445,-687.868058258149,182.590047361664
3446,-685.26805825815,182.590047361664
3447,-684.96805825815,182.290047361664
3448,-684.96805825815,180.390047361663
3449,-685.26805825815,180.090047361663
3450,-687.868058258149,180.090047361663
3451,-688.168058258149,180.390047361663
3452,-688.168058258149,182.290047361664
3453,-692.118058258149,182.590047361664
3454,-689.51805825815,182.590047361664
3455,-689.21805825815,182.290047361664
3456,-689.21805825815,180.390047361663
3457,-689.51805825815,180.090047361663
3458,-692.118058258149,180.090047361663
3459,-692.418058258149,180.390047361663
3460,-692.418058258149,182.290047361664
3461,-696.368058258149,182.590047361664
3462,-693.76805825815,182.590047361664
3463,-693.46805825815,182.290047361664
3464,-693.46805825815,180.390047361663
3465,-693.76805825815,180.090047361663
3466,-696.368058258149,180.090047361663
3467,-696.668058258149,180.390047361663
3468,-696.668058258149,182.290047361664
3469,-700.618058258149,182.590047361664
3470,-698.01805825815,182.590047361664
3471,-697.71805825815,182.290047361664
3472,-697.71805825815,180.390047361663
3473,-698.01805825815,180.090047361663
3474,-700.618058258149,180.090047361663
3475,-700.918058258149,180.390047361663
3476,-700.918058258149,182.290047361664
3477,-704.868058258149,182.590047361664
3478,-702.26805825815,182.590047361664
3479,-701.96805825815,182.290047361664
3480,-701.96805825815,180.390047361663
3481,-702.26805825815,180.090047361663
3482,-704.868058258149,180.090047361663
3483,-705.168058258149,180.390047361663
3484,-705.168058258149,182.290047361664
3485,-709.118058258149,182.590047361664
3486,-706.51805825815,182.590047361664
3487,-706.21805825815,182.290047361664
3488,-706.21805825815,180.390047361663
3489,-706.51805825815,180.090047361663
3490,-709.118058258149,180.090047361663
3491,-709.418058258149,180.390047361663
3492,-709.418058258149,182.290047361664
3493,-713.368058258149,182.590047361664
3494,-710.76805825815,182.590047361664
3495,-710.46805825815,182.290047361664
3496,-710.46805825815,180.390047361663
3497,-710.76805825815,180.090047361663
3498,-713.368058258149,180.090047361663
3499,-713.668058258149,180.390047361663
3500,-713.668058258149,182.290047361664
3501,-717.618058258149,182.590047361664
3502,-715.01805825815,182.590047361664
3503,-714.71805825815,182.290047361664
3504,-714.71805825815,180.390047361663
3505,-715.01805825815,180.090047361663
3506,-717.618058258149,180.090047361663
3507,-717.918058258149,180.390047361663
3508,-717.918058258149,182.290047361664
3509,-721.868058258149,182.590047361664
3510,-719.26805825815,182.590047361664
3511,-718.96805825815,182.290047361664
3512,-718.96805825815,180.390047361663
3513,-719.26805825815,180.090047361663
3514,-721.868058258149,180.090047361663
3515,-722.168058258149,180.390047361663
3516,-722.168058258149,182.290047361664
3517,-726.118058258149,182.590047361664
3518,-723.51805825815,182.590047361664
3519,-723.21805825815,182.290047361664
3520,-723.21805825815,180.390047361663
3521,-723.51805825815,180.090047361663
3522,-726.118058258149,180.090047361663
3523,-726.418058258149,180.390047361663
3524,-726.418058258149,182.290047361664
3525,-730.368058258149,182.590047361664
3526,-727.76805825815,182.590047361664
3527,-727.46805825815,182.290047361664
3528,-727.46805825815,180.390047361663
3529,-727.76805825815,180.090047361663
3530,-730.368058258149,180.090047361663
3531,-730.668058258149,180.390047361663
3532,-730.668058258149,182.290047361664
3533,-734.618058258149,182.590047361664
3534,-732.01805825815,182.590047361664
3535,-731.71805825815,182.290047361664
3536,-731.71805825815,180.390047361663
3537,-732.01805825815,180.090047361663
3538,-734.618058258149,180.090047361663
3539,-734.918058258149,180.390047361663
3540,-734.918058258149,182.290047361664
3541,-738.868058258149,182.590047361664
3542,-736.26805825815,182.590047361664
3543,-735.96805825815,182.290047361664
3544,-735.96805825815,180.390047361663
3545,-736.26805825815,180.090047361663
3546,-738.868058258149,180.090047361663
3547,-739.168058258149,180.390047361663
3548,-739.168058258149,182.290047361664
3549,-743.118058258149,182.590047361664
3550,-740.51805825815,182.590047361664
3551,-740.21805825815,182.290047361664
3552,-740.21805825815,180.390047361663
3553,-740.51805825815,180.090047361663
3554,-743.118058258149,180.090047361663
3555,-743.418058258149,180.390047361663
3556,-743.418058258149,182.290047361664
3557,-747.368058258149,182.590047361664
3558,-744.76805825815,182.590047361664
3559,-744.46805825815,182.290047361664
3560,-744.46805825815,180.390047361663
3561,-744.76805825815,180.090047361663
3562,-747.368058258149,180.090047361663
3563,-747.668058258149,180.390047361663
3564,-747.668058258149,182.290047361664
3565,-751.618058258149,182.590047361664
3566,-749.01805825815,182.590047361664
3567,-748.71805825815,182.290047361664
3568,-748.71805825815,180.390047361663
3569,-749.01805825815,180.090047361663
3570,-751.618058258149,180.090047361663
3571,-751.918058258149,180.390047361663
3572,-751.918058258149,182.290047361664
3573,-755.868058258149,182.590047361664
3574,-753.26805825815,182.590047361664
3575,-752.96805825815,182.290047361664
3576,-752.96805825815,180.390047361663
3577,-753.26805825815,180.090047361663
3578,-755.868058258149,180.090047361663
3579,-756.168058258149,180.390047361663
3580,-756.168058258149,182.290047361664
3581,-760.118058258149,182.590047361664
3582,-757.51805825815,182.590047361664
3583,-757.21805825815,182.290047361664
3584,-757.21805825815,180.390047361663
3585,-757.51805825815,180.090047361663
3586,-760.118058258149,180.090047361663
3587,-760.418058258149,180.390047361663
3588,-760.418058258149,182.290047361664
3589,-764.368058258149,182.590047361664
3590,-761.76805825815,182.590047361664
3591,-761.46805825815,182.290047361664
3592,-761.46805825815,180.390047361663
3593,-761.76805825815,180.090047361663
3594,-764.368058258149,180.090047361663
3595,-764.668058258149,180.390047361663
3596,-764.668058258149,182.290047361664
3597,-768.618058258149,182.590047361664
3598,-766.01805825815,182.590047361664
3599,-765.71805825815,182.290047361664
3600,-765.71805825815,180.390047361663
3601,-766.01805825815,180.090047361663
3602,-768.618058258149,180.090047361663
3603,-768.918058258149,180.390047361663
3604,-768.918058258149,182.290047361664
3605,-768.618058258149,179.040047361664
3606,-766.01805825815,179.040047361664
3607,-765.71805825815,178.740047361664
3608,-765.71805825815,176.840047361663
3609,-766.01805825815,176.540047361663
3610,-768.618058258149,176.540047361663
3611,-768.918058258149,176.840047361663
3612,-768.918058258149,178.740047361664
3613,-764.368058258149,179.040047361664
3614,-761.76805825815,179.040047361664
3615,-761.46805825815,178.740047361664
3616,-761.46805825815,176.840047361663
3617,-761.76805825815,176.540047361663
3618,-764.368058258149,176.540047361663
3619,-764.668058258149,176.840047361663
3620,-764.668058258149,178.740047361664
3621,-760.118058258149,179.040047361664
3622,-757.51805825815,179.040047361664
3623,-757.21805825815,178.740047361664
3624,-757.21805825815,176.840047361663
3625,-757.51805825815,176.540047361663
3626,-760.118058258149,176.540047361663
3627,-760.418058258149,176.840047361663
3628,-760.418058258149,178.740047361664
3629,-755.868058258149,179.040047361664
3630,-753.26805825815,179.040047361664
3631,-752.96805825815,178.740047361664
3632,-752.96805825815,176.840047361663
3633,-753.26805825815,176.540047361663
3634,-755.868058258149,176.540047361663
3635,-756.168058258149,176.840047361663
3636,-756.168058258149,178.740047361664
3637,-751.618058258149,179.040047361664
3638,-749.01805825815,179.040047361664
3639,-748.71805825815,178.740047361664
3640,-748.71805825815,176.840047361663
3641,-749.01805825815,176.540047361663
3642,-751.618058258149,176.540047361663
3643,-751.918058258149,176.840047361663
3644,-751.918058258149,178.740047361664
3645,-747.368058258149,179.040047361664
3646,-744.76805825815,179.040047361664
3647,-744.46805825815,178.740047361664
3648,-744.46805825815,176.840047361663
3649,-744.76805825815,176.540047361663
3650,-747.368058258149,176.540047361663
3651,-747.668058258149,176.840047361663
3652,-747.668058258149,178.740047361664
3653,-743.118058258149,179.040047361664
3654,-740.51805825815,179.040047361664
3655,-740.21805825815,178.740047361664
3656,-740.21805825815,176.840047361663
3657,-740.51805825815,176.540047361663
3658,-743.118058258149,176.540047361663
3659,-743.418058258149,176.840047361663
3660,-743.418058258149,178.740047361664
3661,-738.868058258149,179.040047361664
3662,-736.26805825815,179.040047361664
3663,-735.96805825815,178.740047361664
3664,-735.96805825815,176.840047361663
3665,-736.26805825815,176.540047361663
3666,-738.868058258149,176.540047361663
3667,-739.168058258149,176.840047361663
3668,-739.168058258149,178.740047361664
3669,-734.618058258149,179.040047361664
3670,-732.01805825815,179.040047361664
3671,-731.71805825815,178.740047361664
3672,-731.71805825815,176.840047361663
3673,-732.01805825815,176.540047361663
3674,-734.618058258149,176.540047361663
3675,-734.918058258149,176.840047361663
3676,-734.918058258149,178.740047361664
3677,-730.368058258149,179.040047361664
3678,-727.76805825815,179.040047361664
3679,-727.46805825815,178.740047361664
3680,-727.46805825815,176.840047361663
3681,-727.76805825815,176.540047361663
3682,-730.368058258149,176.540047361663
3683,-730.668058258149,176.840047361663
3684,-730.668058258149,178.740047361664
3685,-726.118058258149,179.040047361664
3686,-723.51805825815,179.040047361664
3687,-723.21805825815,178.740047361664
3688,-723.21805825815,176.840047361663
3689,-723.51805825815,176.540047361663
3690,-726.118058258149,176.540047361663
3691,-726.418058258149,176.840047361663
3692,-726.418058258149,178.740047361664
3693,-721.868058258149,179.040047361664
3694,-719.26805825815,179.040047361664
3695,-718.96805825815,178.740047361664
3696,-718.96805825815,176.840047361663
3697,-719.26805825815,176.540047361663
3698,-721.868058258149,176.540047361663
3699,-722.168058258149,176.840047361663
3700,-722.168058258149,178.740047361664
3701,-717.618058258149,179.040047361664
3702,-715.01805825815,179.040047361664
3703,-714.71805825815,178.740047361664
3704,-714.71805825815,176.840047361663
3705,-715.01805825815,176.540047361663
3706,-717.618058258149,176.540047361663
3707,-717.918058258149,176.840047361663
3708,-717.918058258149,178.740047361664
3709,-713.368058258149,179.040047361664
3710,-710.76805825815,179.040047361664
3711,-710.46805825815,178.740047361664
3712,-710.46805825815,176.840047361663
3713,-710.76805825815,176.540047361663
3714,-713.368058258149,176.540047361663
3715,-713.668058258149,176.840047361663
3716,-713.668058258149,178.740047361664
3717,-709.118058258149,179.040047361664
3718,-706.51805825815,179.040047361664
3719,-706.21805825815,178.740047361664
3720,-706.21805825815,176.840047361663
3721,-706.51805825815,176.540047361663
3722,-709.118058258149,176.540047361663
3723,-709.418058258149,176.840047361663
3724,-709.418058258149,178.740047361664
3725,-704.868058258149,179.040047361664
3726,-702.26805825815,179.040047361664
3727,-701.96805825815,178.740047361664
3728,-701.96805825815,176.840047361663
3729,-702.26805825815,176.540047361663
3730,-704.868058258149,176.540047361663
3731,-705.168058258149,176.840047361663
3732,-705.168058258149,178.740047361664
3733,-700.618058258149,179.040047361664
3734,-698.01805825815,179.040047361664
3735,-697.71805825815,178.740047361664
3736,-697.71805825815,176.840047361663
3737,-698.01805825815,176.540047361663
3738,-700.618058258149,176.540047361663
3739,-700.918058258149,176.840047361663
3740,-700.918058258149,178.740047361664
3741,-696.368058258149,179.040047361664
3742,-693.76805825815,179.040047361664
3743,-693.46805825815,178.740047361664
3744,-693.46805825815,176.840047361663
3745,-693.76805825815,176.540047361663
3746,-696.368058258149,176.540047361663
3747,-696.668058258149,176.840047361663
3748,-696.668058258149,178.740047361664
3749,-692.118058258149,179.040047361664
3750,-689.51805825815,179.040047361664
3751,-689.21805825815,178.740047361664
3752,-689.21805825815,176.840047361663
3753,-689.51805825815,176.540047361663
3754,-692.118058258149,176.540047361663
3755,-692.418058258149,176.840047361663
3756,-692.418058258149,178.740047361664
3757,-687.868058258149,179.040047361664
3758,-685.26805825815,179.040047361664
3759,-684.96805825815,178.740047361664
3760,-684.96805825815,176.840047361663
3761,-685.26805825815,176.540047361663
3762,-687.868058258149,176.540047361663
3763,-688.168058258149,176.840047361663
3764,-688.168058258149,178.740047361664
3765,-683.618058258149,179.040047361664
3766,-681.01805825815,179.040047361664
3767,-680.71805825815,178.740047361664
3768,-680.71805825815,176.840047361663
3769,-681.01805825815,176.540047361663
3770,-683.618058258149,176.540047361663
3771,-683.918058258149,176.840047361663
3772,-683.918058258149,178.740047361664
3773,-679.368058258149,179.040047361664
3774,-676.76805825815,179.040047361664
3775,-676.46805825815,178.740047361664
3776,-676.46805825815,176.840047361663
3777,-676.76805825815,176.540047361663
3778,-679.368058258149,176.540047361663
3779,-679.668058258149,176.840047361663
3780,-679.668058258149,178.740047361664
3781,-675.118058258149,179.040047361664
3782,-672.51805825815,179.040047361664
3783,-672.21805825815,178.740047361664
3784,-672.21805825815,176.840047361663
3785,-672.51805825815,176.540047361663
3786,-675.118058258149,176.540047361663
3787,-675.418058258149,176.840047361663
3788,-675.418058258149,178.740047361664
3789,-670.868058258149,179.040047361664
3790,-668.26805825815,179.040047361664
3791,-667.96805825815,178.740047361664
3792,-667.96805825815,176.840047361663
3793,-668.26805825815,176.540047361663
3794,-670.868058258149,176.540047361663
3795,-671.168058258149,176.840047361663
3796,-671.168058258149,178.740047361664
3797,-666.618058258149,179.040047361664
3798,-664.01805825815,179.040047361664
3799,-663.71805825815,178.740047361664
3800,-663.71805825815,176.840047361663
3801,-664.01805825815,176.540047361663
3802,-666.618058258149,176.540047361663
3803,-666.918058258149,176.840047361663
3804,-666.918058258149,178.740047361664
3805,-666.618058258149,175.490047361664
3806,-664.01805825815,175.490047361664
3807,-663.71805825815,175.190047361664
3808,-663.71805825815,173.290047361663
3809,-664.01805825815,172.990047361663
3810,-666.618058258149,172.990047361663
3811,-666.918058258149,173.290047361663
3812,-666.918058258149,175.190047361664
3813,-670.868058258149,175.490047361664
3814,-668.26805825815,175.490047361664
3815,-667.96805825815,175.190047361664
3816,-667.96805825815,173.290047361663
3817,-668.26805825815,172.990047361663
3818,-670.868058258149,172.990047361663
3819,-671.168058258149,173.290047361663
3820,-671.168058258149,175.190047361664
3821,-675.118058258149,175.490047361664
3822,-672.51805825815,175.490047361664
3823,-672.21805825815,175.190047361664
3824,-672.21805825815,173.290047361663
3825,-672.51805825815,172.990047361663
3826,-675.118058258149,172.990047361663
3827,-675.418058258149,173.290047361663
3828,-675.418058258149,175.190047361664
3829,-679.368058258149,175.490047361664
3830,-676.76805825815,175.490047361664
3831,-676.46805825815,175.190047361664
3832,-676.46805825815,173.290047361663
3833,-676.76805825815,172.990047361663
3834,-679.368058258149,172.990047361663
3835,-679.668058258149,173.290047361663
3836,-679.668058258149,175.190047361664
3837,-683.618058258149,175.490047361664
3838,-681.01805825815,175.490047361664
3839,-680.71805825815,175.190047361664
3840,-680.71805825815,173.290047361663
3841,-681.01805825815,172.990047361663
3842,-683.618058258149,172.990047361663
3843,-683.918058258149,173.290047361663
3844,-683.918058258149,175.190047361664
3845,-687.868058258149,175.490047361664
3846,-685.26805825815,175.490047361664
3847,-684.96805825815,175.190047361664
3848,-684.96805825815,173.290047361663
3849,-685.26805825815,172.990047361663
3850,-687.868058258149,172.990047361663
3851,-688.168058258149,173.290047361663
3852,-688.168058258149,175.190047361664
3853,-692.118058258149,175.490047361664
3854,-689.51805825815,175.490047361664
3855,-689.21805825815,175.190047361664
3856,-689.21805825815,173.290047361663
3857,-689.51805825815,172.990047361663
3858,-692.118058258149,172.990047361663
3859,-692.418058258149,173.290047361663
3860,-692.418058258149,175.190047361664
3861,-696.368058258149,175.490047361664
3862,-693.76805825815,175.490047361664
3863,-693.46805825815,175.190047361664
3864,-693.46805825815,173.290047361663
3865,-693.76805825815,172.990047361663
3866,-696.368058258149,172.990047361663
3867,-696.668058258149,173.290047361663
3868,-696.668058258149,175.190047361664
3869,-700.618058258149,175.490047361664
3870,-698.01805825815,175.490047361664
3871,-697.71805825815,175.190047361664
3872,-697.71805825815,173.290047361663
3873,-698.01805825815,172.990047361663
3874,-700.618058258149,172.990047361663
3875,-700.918058258149,173.290047361663
3876,-700.918058258149,175.190047361664
3877,-704.868058258149,175.490047361664
3878,-702.26805825815,175.490047361664
3879,-701.96805825815,175.190047361664
3880,-701.96805825815,173.290047361663
3881,-702.26805825815,172.990047361663
3882,-704.868058258149,172.990047361663
3883,-705.168058258149,173.290047361663
3884,-705.168058258149,175.190047361664
3885,-709.118058258149,175.490047361664
3886,-706.51805825815,175.490047361664
3887,-706.21805825815,175.190047361664
3888,-706.21805825815,173.290047361663
3889,-706.51805825815,172.990047361663
3890,-709.118058258149,172.990047361663
3891,-709.418058258149,173.290047361663
3892,-709.418058258149,175.190047361664
3893,-713.368058258149,175.490047361664
3894,-710.76805825815,175.490047361664
3895,-710.46805825815,175.190047361664
3896,-710.46805825815,173.290047361663
3897,-710.76805825815,172.990047361663
3898,-713.368058258149,172.990047361663
3899,-713.668058258149,173.290047361663
3900,-713.668058258149,175.190047361664
3901,-717.618058258149,175.490047361664
3902,-715.01805825815,175.490047361664
3903,-714.71805825815,175.190047361664
3904,-714.71805825815,173.290047361663
3905,-715.01805825815,172.990047361663
3906,-717.618058258149,172.990047361663
3907,-717.918058258149,173.290047361663
3908,-717.918058258149,175.190047361664
3909,-721.868058258149,175.490047361664
3910,-719.26805825815,175.490047361664
3911,-718.96805825815,175.190047361664
3912,-718.96805825815,173.290047361663
3913,-719.26805825815,172.990047361663
3914,-721.868058258149,172.990047361663
3915,-722.168058258149,173.290047361663
3916,-722.168058258149,175.190047361664
3917,-726.118058258149,175.490047361664
3918,-723.51805825815,175.490047361664
3919,-723.21805825815,175.190047361664
3920,-723.21805825815,173.290047361663
3921,-723.51805825815,172.990047361663
3922,-726.118058258149,172.990047361663
3923,-726.418058258149,173.290047361663
3924,-726.418058258149,175.190047361664
3925,-730.368058258149,175.490047361664
3926,-727.76805825815,175.490047361664
3927,-727.46805825815,175.190047361664
3928,-727.46805825815,173.290047361663
3929,-727.76805825815,172.990047361663
3930,-730.368058258149,172.990047361663
3931,-730.668058258149,173.290047361663
3932,-730.668058258149,175.190047361664
3933,-734.618058258149,175.490047361664
3934,-732.01805825815,175.490047361664
3935,-731.71805825815,175.190047361664
3936,-731.71805825815,173.290047361663
3937,-732.01805825815,172.990047361663
3938,-734.618058258149,172.990047361663
3939,-734.918058258149,173.290047361663
3940,-734.918058258149,175.190047361664
3941,-738.868058258149,175.490047361664
3942,-736.26805825815,175.490047361664
3943,-735.96805825815,175.190047361664
3944,-735.96805825815,173.290047361663
3945,-736.26805825815,172.990047361663
3946,-738.868058258149,172.990047361663
3947,-739.168058258149,173.290047361663
3948,-739.168058258149,175.190047361664
3949,-743.118058258149,175.490047361664
3950,-740.51805825815,175.490047361664
3951,-740.21805825815,175.190047361664
3952,-740.21805825815,173.290047361663
3953,-740.51805825815,172.990047361663
3954,-743.118058258149,172.990047361663
3955,-743.418058258149,173.290047361663
3956,-743.418058258149,175.190047361664
3957,-747.368058258149,175.490047361664
3958,-744.76805825815,175.490047361664
3959,-744.46805825815,175.190047361664
3960,-744.46805825815,173.290047361663
3961,-744.76805825815,172.990047361663
3962,-747.368058258149,172.990047361663
3963,-747.668058258149,173.290047361663
3964,-747.668058258149,175.190047361664
3965,-751.618058258149,175.490047361664
3966,-749.01805825815,175.490047361664
3967,-748.71805825815,175.190047361664
3968,-748.71805825815,173.290047361663
3969,-749.01805825815,172.990047361663
3970,-751.618058258149,172.990047361663
3971,-751.918058258149,173.290047361663
3972,-751.918058258149,175.190047361664
3973,-755.868058258149,175.490047361664
3974,-753.26805825815,175.490047361664
3975,-752.96805825815,175.190047361664
3976,-752.96805825815,173.290047361663
3977,-753.26805825815,172.990047361663
3978,-755.868058258149,172.990047361663
3979,-756.168058258149,173.290047361663
3980,-756.168058258149,175.190047361664
3981,-760.118058258149,175.490047361664
3982,-757.51805825815,175.490047361664
3983,-757.21805825815,175.190047361664
3984,-757.21805825815,173.290047361663
3985,-757.51805825815,172.990047361663
3986,-760.118058258149,172.990047361663
3987,-760.418058258149,173.290047361663
3988,-760.418058258149,175.190047361664
3989,-764.368058258149,175.490047361664
3990,-761.76805825815,175.490047361664
3991,-761.46805825815,175.190047361664
3992,-761.46805825815,173.290047361663
3993,-761.76805825815,172.990047361663
3994,-764.368058258149,172.990047361663
3995,-764.668058258149,173.290047361663
3996,-764.668058258149,175.190047361664
3997,-768.618058258149,175.490047361664
3998,-766.01805825815,175.490047361664
3999,-765.71805825815,175.190047361664
4000,-765.71805825815,173.290047361663
4001,-766.01805825815,172.990047361663
4002,-768.618058258149,172.990047361663
4003,-768.918058258149,173.290047361663
4004,-768.918058258149,175.190047361664
4005,-768.618058258149,171.940047361664
4006,-766.01805825815,171.940047361664
4007,-765.71805825815,171.640047361664
4008,-765.71805825815,169.740047361663
4009,-766.01805825815,169.440047361663
4010,-768.618058258149,169.440047361663
4011,-768.918058258149,169.740047361663
4012,-768.918058258149,171.640047361664
4013,-764.368058258149,171.940047361664
4014,-761.76805825815,171.940047361664
4015,-761.46805825815,171.640047361664
4016,-761.46805825815,169.740047361663
4017,-761.76805825815,169.440047361663
4018,-764.368058258149,169.440047361663
4019,-764.668058258149,169.740047361663
4020,-764.668058258149,171.640047361664
4021,-760.118058258149,171.940047361664
4022,-757.51805825815,171.940047361664
4023,-757.21805825815,171.640047361664
4024,-757.21805825815,169.740047361663
4025,-757.51805825815,169.440047361663
4026,-760.118058258149,169.440047361663
4027,-760.418058258149,169.740047361663
4028,-760.418058258149,171.640047361664
4029,-755.868058258149,171.940047361664
4030,-753.26805825815,171.940047361664
4031,-752.96805825815,171.640047361664
4032,-752.96805825815,169.740047361663
4033,-753.26805825815,169.440047361663
4034,-755.868058258149,169.440047361663
4035,-756.168058258149,169.740047361663
4036,-756.168058258149,171.640047361664
4037,-751.618058258149,171.940047361664
4038,-749.01805825815,171.940047361664
4039,-748.71805825815,171.640047361664
4040,-748.71805825815,169.740047361663
4041,-749.01805825815,169.440047361663
4042,-751.618058258149,169.440047361663
4043,-751.918058258149,169.740047361663
4044,-751.918058258149,171.640047361664
4045,-747.368058258149,171.940047361664
4046,-744.76805825815,171.940047361664
4047,-744.46805825815,171.640047361664
4048,-744.46805825815,169.740047361663
4049,-744.76805825815,169.440047361663
4050,-747.368058258149,169.440047361663
4051,-747.668058258149,169.740047361663
4052,-747.668058258149,171.640047361664
4053,-743.118058258149,171.940047361664
4054,-740.51805825815,171.940047361664
4055,-740.21805825815,171.640047361664
4056,-740.21805825815,169.740047361663
4057,-740.51805825815,169.440047361663
4058,-743.118058258149,169.440047361663
4059,-743.418058258149,169.740047361663
4060,-743.418058258149,171.640047361664
4061,-738.868058258149,171.940047361664
4062,-736.26805825815,171.940047361664
4063,-735.96805825815,171.640047361664
4064,-735.96805825815,169.740047361663
4065,-736.26805825815,169.440047361663
4066,-738.868058258149,169.440047361663
4067,-739.168058258149,169.740047361663
4068,-739.168058258149,171.640047361664
4069,-734.618058258149,171.940047361664
4070,-732.01805825815,171.940047361664
4071,-731.71805825815,171.640047361664
4072,-731.71805825815,169.740047361663
4073,-732.01805825815,169.440047361663
4074,-734.618058258149,169.440047361663
4075,-734.918058258149,169.740047361663
4076,-734.918058258149,171.640047361664
4077,-730.368058258149,171.940047361664
4078,-727.76805825815,171.940047361664
4079,-727.46805825815,171.640047361664
4080,-727.46805825815,169.740047361663
4081,-727.76805825815,169.440047361663
4082,-730.368058258149,169.440047361663
4083,-730.668058258149,169.740047361663
4084,-730.668058258149,171.640047361664
4085,-726.118058258149,171.940047361664
4086,-723.51805825815,171.940047361664
4087,-723.21805825815,171.640047361664
4088,-723.21805825815,169.740047361663
4089,-723.51805825815,169.440047361663
4090,-726.118058258149,169.440047361663
4091,-726.418058258149,169.740047361663
4092,-726.418058258149,171.640047361664
4093,-721.868058258149,171.940047361664
4094,-719.26805825815,171.940047361664
4095,-718.96805825815,171.640047361664
4096,-718.96805825815,169.740047361663
4097,-719.26805825815,169.440047361663
4098,-721.868058258149,169.440047361663
4099,-722.168058258149,169.740047361663
4100,-722.168058258149,171.640047361664
4101,-717.618058258149,171.940047361664
4102,-715.01805825815,171.940047361664
4103,-714.71805825815,171.640047361664
4104,-714.71805825815,169.740047361663
4105,-715.01805825815,169.440047361663
4106,-717.618058258149,169.440047361663
4107,-717.918058258149,169.740047361663
4108,-717.918058258149,171.640047361664
4109,-713.368058258149,171.940047361664
4110,-710.76805825815,171.940047361664
4111,-710.46805825815,171.640047361664
4112,-710.46805825815,169.740047361663
4113,-710.76805825815,169.440047361663
4114,-713.368058258149,169.440047361663
4115,-713.668058258149,169.740047361663
4116,-713.668058258149,171.640047361664
4117,-709.118058258149,171.940047361664
4118,-706.51805825815,171.940047361664
4119,-706.21805825815,171.640047361664
4120,-706.21805825815,169.740047361663
4121,-706.51805825815,169.440047361663
4122,-709.118058258149,169.440047361663
4123,-709.418058258149,169.740047361663
4124,-709.418058258149,171.640047361664
4125,-704.868058258149,171.940047361664
4126,-702.26805825815,171.940047361664
4127,-701.96805825815,171.640047361664
4128,-701.96805825815,169.740047361663
4129,-702.26805825815,169.440047361663
4130,-704.868058258149,169.440047361663
4131,-705.168058258149,169.740047361663
4132,-705.168058258149,171.640047361664
4133,-700.618058258149,171.940047361664
4134,-698.01805825815,171.940047361664
4135,-697.71805825815,171.640047361664
4136,-697.71805825815,169.740047361663
4137,-698.01805825815,169.440047361663
4138,-700.618058258149,169.440047361663
4139,-700.918058258149,169.740047361663
4140,-700.918058258149,171.640047361664
4141,-696.368058258149,171.940047361664
4142,-693.76805825815,171.940047361664
4143,-693.46805825815,171.640047361664
4144,-693.46805825815,169.740047361663
4145,-693.76805825815,169.440047361663
4146,-696.368058258149,169.440047361663
4147,-696.668058258149,169.740047361663
4148,-696.668058258149,171.640047361664
4149,-692.118058258149,171.940047361664
4150,-689.51805825815,171.940047361664
4151,-689.21805825815,171.640047361664
4152,-689.21805825815,169.740047361663
4153,-689.51805825815,169.440047361663
4154,-692.118058258149,169.440047361663
4155,-692.418058258149,169.740047361663
4156,-692.418058258149,171.640047361664
4157,-687.868058258149,171.940047361664
4158,-685.26805825815,171.940047361664
4159,-684.96805825815,171.640047361664
4160,-684.96805825815,169.740047361663
4161,-685.26805825815,169.440047361663
4162,-687.868058258149,169.440047361663
4163,-688.168058258149,169.740047361663
4164,-688.168058258149,171.640047361664
4165,-683.618058258149,171.940047361664
4166,-681.01805825815,171.940047361664
4167,-680.71805825815,171.640047361664
4168,-680.71805825815,169.740047361663
4169,-681.01805825815,169.440047361663
4170,-683.618058258149,169.440047361663
4171,-683.918058258149,169.740047361663
4172,-683.918058258149,171.640047361664
4173,-679.368058258149,171.940047361664
4174,-676.76805825815,171.940047361664
4175,-676.46805825815,171.640047361664
4176,-676.46805825815,169.740047361663
4177,-676.76805825815,169.440047361663
4178,-679.368058258149,169.440047361663
4179,-679.668058258149,169.740047361663
4180,-679.668058258149,171.640047361664
4181,-675.118058258149,171.940047361664
4182,-672.51805825815,171.940047361664
4183,-672.21805825815,171.640047361664
4184,-672.21805825815,169.740047361663
4185,-672.51805825815,169.440047361663
4186,-675.118058258149,169.440047361663
4187,-675.418058258149,169.740047361663
4188,-675.418058258149,171.640047361664
4189,-670.868058258149,171.940047361664
4190,-668.26805825815,171.940047361664
4191,-667.96805825815,171.640047361664
4192,-667.96805825815,169.740047361663
4193,-668.26805825815,169.440047361663
4194,-670.868058258149,169.440047361663
4195,-671.168058258149,169.740047361663
4196,-671.168058258149,171.640047361664
4197,-666.618058258149,171.940047361664
4198,-664.01805825815,171.940047361664
4199,-663.71805825815,171.640047361664
4200,-663.71805825815,169.740047361663
4201,-664.01805825815,169.440047361663
4202,-666.618058258149,169.440047361663
4203,-666.918058258149,169.740047361663
4204,-666.918058258149,171.640047361664
4205,-666.618058258149,168.390047361664
4206,-664.01805825815,168.390047361664
4207,-663.71805825815,168.090047361664
4208,-663.71805825815,166.190047361663
4209,-664.01805825815,165.890047361663
4210,-666.618058258149,165.890047361663
4211,-666.918058258149,166.190047361663
4212,-666.918058258149,168.090047361664
4213,-670.868058258149,168.390047361664
4214,-668.26805825815,168.390047361664
4215,-667.96805825815,168.090047361664
4216,-667.96805825815,166.190047361663
4217,-668.26805825815,165.890047361663
4218,-670.868058258149,165.890047361663
4219,-671.168058258149,166.190047361663
4220,-671.168058258149,168.090047361664
4221,-675.118058258149,168.390047361664
4222,-672.51805825815,168.390047361664
4223,-672.21805825815,168.090047361664
4224,-672.21805825815,166.190047361663
4225,-672.51805825815,165.890047361663
4226,-675.118058258149,165.890047361663
4227,-675.418058258149,166.190047361663
4228,-675.418058258149,168.090047361664
4229,-679.368058258149,168.390047361664
4230,-676.76805825815,168.390047361664
4231,-676.46805825815,168.090047361664
4232,-676.46805825815,166.190047361663
4233,-676.76805825815,165.890047361663
4234,-679.368058258149,165.890047361663
4235,-679.668058258149,166.190047361663
4236,-679.668058258149,168.090047361664
4237,-683.618058258149,168.390047361664
4238,-681.01805825815,168.390047361664
4239,-680.71805825815,168.090047361664
4240,-680.71805825815,166.190047361663
4241,-681.01805825815,165.890047361663
4242,-683.618058258149,165.890047361663
4243,-683.918058258149,166.190047361663
4244,-683.918058258149,168.090047361664
4245,-687.868058258149,168.390047361664
4246,-685.26805825815,168.390047361664
4247,-684.96805825815,168.090047361664
4248,-684.96805825815,166.190047361663
4249,-685.26805825815,165.890047361663
4250,-687.868058258149,165.890047361663
4251,-688.168058258149,166.190047361663
4252,-688.168058258149,168.090047361664
4253,-692.118058258149,168.390047361664
4254,-689.51805825815,168.390047361664
4255,-689.21805825815,168.090047361664
4256,-689.21805825815,166.190047361663
4257,-689.51805825815,165.890047361663
4258,-692.118058258149,165.890047361663
4259,-692.418058258149,166.190047361663
4260,-692.418058258149,168.090047361664
4261,-696.368058258149,168.390047361664
4262,-693.76805825815,168.390047361664
4263,-693.46805825815,168.090047361664
4264,-693.46805825815,166.190047361663
4265,-693.76805825815,165.890047361663
4266,-696.368058258149,165.890047361663
4267,-696.668058258149,166.190047361663
4268,-696.668058258149,168.090047361664
4269,-700.618058258149,168.390047361664
4270,-698.01805825815,168.390047361664
4271,-697.71805825815,168.090047361664
4272,-697.71805825815,166.190047361663
4273,-698.01805825815,165.890047361663
4274,-700.618058258149,165.890047361663
4275,-700.918058258149,166.190047361663
4276,-700.918058258149,168.090047361664
4277,-704.868058258149,168.390047361664
4278,-702.26805825815,168.390047361664
4279,-701.96805825815,168.090047361664
4280,-701.96805825815,166.190047361663
4281,-702.26805825815,165.890047361663
4282,-704.868058258149,165.890047361663
4283,-705.168058258149,166.190047361663
4284,-705.168058258149,168.090047361664
4285,-709.118058258149,168.390047361664
4286,-706.51805825815,168.390047361664
4287,-706.21805825815,168.090047361664
4288,-706.21805825815,166.190047361663
4289,-706.51805825815,165.890047361663
4290,-709.118058258149,165.890047361663
4291,-709.418058258149,166.190047361663
4292,-709.418058258149,168.090047361664
4293,-713.368058258149,168.390047361664
4294,-710.76805825815,168.390047361664
4295,-710.46805825815,168.090047361664
4296,-710.46805825815,166.190047361663
4297,-710.76805825815,165.890047361663
4298,-713.368058258149,165.890047361663
4299,-713.668058258149,166.190047361663
4300,-713.668058258149,168.090047361664
4301,-717.618058258149,168.390047361664
4302,-715.01805825815,168.390047361664
4303,-714.71805825815,168.090047361664
4304,-714.71805825815,166.190047361663
4305,-715.01805825815,165.890047361663
4306,-717.618058258149,165.890047361663
4307,-717.918058258149,166.190047361663
4308,-717.918058258149,168.090047361664
4309,-721.868058258149,168.390047361664
4310,-719.26805825815,168.390047361664
4311,-718.96805825815,168.090047361664
4312,-718.96805825815,166.190047361663
4313,-719.26805825815,165.890047361663
4314,-721.868058258149,165.890047361663
4315,-722.168058258149,166.190047361663
4316,-722.168058258149,168.090047361664
4317,-726.118058258149,168.390047361664
4318,-723.51805825815,168.390047361664
4319,-723.21805825815,168.090047361664
4320,-723.21805825815,166.190047361663
4321,-723.51805825815,165.890047361663
4322,-726.118058258149,165.890047361663
4323,-726.418058258149,166.190047361663
4324,-726.418058258149,168.090047361664
4325,-730.368058258149,168.390047361664
4326,-727.76805825815,168.390047361664
4327,-727.46805825815,168.090047361664
4328,-727.46805825815,166.190047361663
4329,-727.76805825815,165.890047361663
4330,-730.368058258149,165.890047361663
4331,-730.668058258149,166.190047361663
4332,-730.668058258149,168.090047361664
4333,-734.618058258149,168.390047361664
4334,-732.01805825815,168.390047361664
4335,-731.71805825815,168.090047361664
4336,-731.71805825815,166.190047361663
4337,-732.01805825815,165.890047361663
4338,-734.618058258149,165.890047361663
4339,-734.918058258149,166.190047361663
4340,-734.918058258149,168.090047361664
4341,-738.868058258149,168.390047361664
4342,-736.26805825815,168.390047361664
4343,-735.96805825815,168.090047361664
4344,-735.96805825815,166.190047361663
4345,-736.26805825815,165.890047361663
4346,-738.868058258149,165.890047361663
4347,-739.168058258149,166.190047361663
4348,-739.168058258149,168.090047361664
4349,-743.118058258149,168.390047361664
4350,-740.51805825815,168.390047361664
4351,-740.21805825815,168.090047361664
4352,-740.21805825815,166.190047361663
4353,-740.51805825815,165.890047361663
4354,-743.118058258149,165.890047361663
4355,-743.418058258149,166.190047361663
4356,-743.418058258149,168.090047361664
4357,-747.368058258149,168.390047361664
4358,-744.76805825815,168.390047361664
4359,-744.46805825815,168.090047361664
4360,-744.46805825815,166.190047361663
4361,-744.76805825815,165.890047361663
4362,-747.368058258149,165.890047361663
4363,-747.668058258149,166.190047361663
4364,-747.668058258149,168.090047361664
4365,-751.618058258149,168.390047361664
4366,-749.01805825815,168.390047361664
4367,-748.71805825815,168.090047361664
4368,-748.71805825815,166.190047361663
4369,-749.01805825815,165.890047361663
4370,-751.618058258149,165.890047361663
4371,-751.918058258149,166.190047361663
4372,-751.918058258149,168.090047361664
4373,-755.868058258149,168.390047361664
4374,-753.26805825815,168.390047361664
4375,-752.96805825815,168.090047361664
4376,-752.96805825815,166.190047361663
4377,-753.26805825815,165.890047361663
4378,-755.868058258149,165.890047361663
4379,-756.168058258149,166.190047361663
4380,-756.168058258149,168.090047361664
4381,-760.118058258149,168.390047361664
4382,-757.51805825815,168.390047361664
4383,-757.21805825815,168.090047361664
4384,-757.21805825815,166.190047361663
4385,-757.51805825815,165.890047361663
4386,-760.118058258149,165.890047361663
4387,-760.418058258149,166.190047361663
4388,-760.418058258149,168.090047361664
4389,-764.368058258149,168.390047361664
4390,-761.76805825815,168.390047361664
4391,-761.46805825815,168.090047361664
4392,-761.46805825815,166.190047361663
4393,-761.76805825815,165.890047361663
4394,-764.368058258149,165.890047361663
4395,-764.668058258149,166.190047361663
4396,-764.668058258149,168.090047361664
4397,-768.618058258149,168.390047361664
4398,-766.01805825815,168.390047361664
4399,-765.71805825815,168.090047361664
4400,-765.71805825815,166.190047361663
4401,-766.01805825815,165.890047361663
4402,-768.618058258149,165.890047361663
4403,-768.918058258149,166.190047361663
4404,-768.918058258149,168.090047361664
4405,-768.618058258149,164.840047361664
4406,-766.01805825815,164.840047361664
4407,-765.71805825815,164.540047361664
4408,-765.71805825815,162.640047361663
4409,-766.01805825815,162.340047361663
4410,-768.618058258149,162.340047361663
4411,-768.918058258149,162.640047361663
4412,-768.918058258149,164.540047361664
4413,-764.368058258149,164.840047361664
4414,-761.76805825815,164.840047361664
4415,-761.46805825815,164.540047361664
4416,-761.46805825815,162.640047361663
4417,-761.76805825815,162.340047361663
4418,-764.368058258149,162.340047361663
4419,-764.668058258149,162.640047361663
4420,-764.668058258149,164.540047361664
4421,-760.118058258149,164.840047361664
4422,-757.51805825815,164.840047361664
4423,-757.21805825815,164.540047361664
4424,-757.21805825815,162.640047361663
4425,-757.51805825815,162.340047361663
4426,-760.118058258149,162.340047361663
4427,-760.418058258149,162.640047361663
4428,-760.418058258149,164.540047361664
4429,-755.868058258149,164.840047361664
4430,-753.26805825815,164.840047361664
4431,-752.96805825815,164.540047361664
4432,-752.96805825815,162.640047361663
4433,-753.26805825815,162.340047361663
4434,-755.868058258149,162.340047361663
4435,-756.168058258149,162.640047361663
4436,-756.168058258149,164.540047361664
4437,-751.618058258149,164.840047361664
4438,-749.01805825815,164.840047361664
4439,-748.71805825815,164.540047361664
4440,-748.71805825815,162.640047361663
4441,-749.01805825815,162.340047361663
4442,-751.618058258149,162.340047361663
4443,-751.918058258149,162.640047361663
4444,-751.918058258149,164.540047361664
4445,-747.368058258149,164.840047361664
4446,-744.76805825815,164.840047361664
4447,-744.46805825815,164.540047361664
4448,-744.46805825815,162.640047361663
4449,-744.76805825815,162.340047361663
4450,-747.368058258149,162.340047361663
4451,-747.668058258149,162.640047361663
4452,-747.668058258149,164.540047361664
4453,-743.118058258149,164.840047361664
4454,-740.51805825815,164.840047361664
4455,-740.21805825815,164.540047361664
4456,-740.21805825815,162.640047361663
4457,-740.51805825815,162.340047361663
4458,-743.118058258149,162.340047361663
4459,-743.418058258149,162.640047361663
4460,-743.418058258149,164.540047361664
4461,-738.868058258149,164.840047361664
4462,-736.26805825815,164.840047361664
4463,-735.96805825815,164.540047361664
4464,-735.96805825815,162.640047361663
4465,-736.26805825815,162.340047361663
4466,-738.868058258149,162.340047361663
4467,-739.168058258149,162.640047361663
4468,-739.168058258149,164.540047361664
4469,-734.618058258149,164.840047361664
4470,-732.01805825815,164.840047361664
4471,-731.71805825815,164.540047361664
4472,-731.71805825815,162.640047361663
4473,-732.01805825815,162.340047361663
4474,-734.618058258149,162.340047361663
4475,-734.918058258149,162.640047361663
4476,-734.918058258149,164.540047361664
4477,-730.368058258149,164.840047361664
4478,-727.76805825815,164.840047361664
4479,-727.46805825815,164.540047361664
4480,-727.46805825815,162.640047361663
4481,-727.76805825815,162.340047361663
4482,-730.368058258149,162.340047361663
4483,-730.668058258149,162.640047361663
4484,-730.668058258149,164.540047361664
4485,-726.118058258149,164.840047361664
4486,-723.51805825815,164.840047361664
4487,-723.21805825815,164.540047361664
4488,-723.21805825815,162.640047361663
4489,-723.51805825815,162.340047361663
4490,-726.118058258149,162.340047361663
4491,-726.418058258149,162.640047361663
4492,-726.418058258149,164.540047361664
4493,-721.868058258149,164.840047361664
4494,-719.26805825815,164.840047361664
4495,-718.96805825815,164.540047361664
4496,-718.96805825815,162.640047361663
4497,-719.26805825815,162.340047361663
4498,-721.868058258149,162.340047361663
4499,-722.168058258149,162.640047361663
4500,-722.168058258149,164.540047361664
4501,-717.618058258149,164.840047361664
4502,-715.01805825815,164.840047361664
4503,-714.71805825815,164.540047361664
4504,-714.71805825815,162.640047361663
4505,-715.01805825815,162.340047361663
4506,-717.618058258149,162.340047361663
4507,-717.918058258149,162.640047361663
4508,-717.918058258149,164.540047361664
4509,-713.368058258149,164.840047361664
4510,-710.76805825815,164.840047361664
4511,-710.46805825815,164.540047361664
4512,-710.46805825815,162.640047361663
4513,-710.76805825815,162.340047361663
4514,-713.368058258149,162.340047361663
4515,-713.668058258149,162.640047361663
4516,-713.668058258149,164.540047361664
4517,-709.118058258149,164.840047361664
4518,-706.51805825815,164.840047361664
4519,-706.21805825815,164.540047361664
4520,-706.21805825815,162.640047361663
4521,-706.51805825815,162.340047361663
4522,-709.118058258149,162.340047361663
4523,-709.418058258149,162.640047361663
4524,-709.418058258149,164.540047361664
4525,-704.868058258149,164.840047361664
4526,-702.26805825815,164.840047361664
4527,-701.96805825815,164.540047361664
4528,-701.96805825815,162.640047361663
4529,-702.26805825815,162.340047361663
4530,-704.868058258149,162.340047361663
4531,-705.168058258149,162.640047361663
4532,-705.168058258149,164.540047361664
4533,-700.618058258149,164.840047361664
4534,-698.01805825815,164.840047361664
4535,-697.71805825815,164.540047361664
4536,-697.71805825815,162.640047361663
4537,-698.01805825815,162.340047361663
4538,-700.618058258149,162.340047361663
4539,-700.918058258149,162.640047361663
4540,-700.918058258149,164.540047361664
4541,-696.368058258149,164.840047361664
4542,-693.76805825815,164.840047361664
4543,-693.46805825815,164.540047361664
4544,-693.46805825815,162.640047361663
4545,-693.76805825815,162.340047361663
4546,-696.368058258149,162.340047361663
4547,-696.668058258149,162.640047361663
4548,-696.668058258149,164.540047361664
4549,-692.118058258149,164.840047361664
4550,-689.51805825815,164.840047361664
4551,-689.21805825815,164.540047361664
4552,-689.21805825815,162.640047361663
4553,-689.51805825815,162.340047361663
4554,-692.118058258149,162.340047361663
4555,-692.418058258149,162.640047361663
4556,-692.418058258149,164.540047361664
4557,-687.868058258149,164.840047361664
4558,-685.26805825815,164.840047361664
4559,-684.96805825815,164.540047361664
4560,-684.96805825815,162.640047361663
4561,-685.26805825815,162.340047361663
4562,-687.868058258149,162.340047361663
4563,-688.168058258149,162.640047361663
4564,-688.168058258149,164.540047361664
4565,-683.618058258149,164.840047361664
4566,-681.01805825815,164.840047361664
4567,-680.71805825815,164.540047361664
4568,-680.71805825815,162.640047361663
4569,-681.01805825815,162.340047361663
4570,-683.618058258149,162.340047361663
4571,-683.918058258149,162.640047361663
4572,-683.918058258149,164.540047361664
4573,-679.368058258149,164.840047361664
4574,-676.76805825815,164.840047361664
4575,-676.46805825815,164.540047361664
4576,-676.46805825815,162.640047361663
4577,-676.76805825815,162.340047361663
4578,-679.368058258149,162.340047361663
4579,-679.668058258149,162.640047361663
4580,-679.668058258149,164.540047361664
4581,-675.118058258149,164.840047361664
4582,-672.51805825815,164.840047361664
4583,-672.21805825815,164.540047361664
4584,-672.21805825815,162.640047361663
4585,-672.51805825815,162.340047361663
4586,-675.118058258149,162.340047361663
4587,-675.418058258149,162.640047361663
4588,-675.418058258149,164.540047361664
4589,-670.868058258149,164.840047361664
4590,-668.26805825815,164.840047361664
4591,-667.96805825815,164.540047361664
4592,-667.96805825815,162.640047361663
4593,-668.26805825815,162.340047361663
4594,-670.868058258149,162.340047361663
4595,-671.168058258149,162.640047361663
4596,-671.168058258149,164.540047361664
4597,-666.618058258149,164.840047361664
4598,-664.01805825815,164.840047361664
4599,-663.71805825815,164.540047361664
4600,-663.71805825815,162.640047361663
4601,-664.01805825815,162.340047361663
4602,-666.618058258149,162.340047361663
4603,-666.918058258149,162.640047361663
4604,-666.918058258149,164.540047361664
4605,-666.618058258149,161.290047361664
4606,-664.01805825815,161.290047361664
4607,-663.71805825815,160.990047361664
4608,-663.71805825815,159.090047361663
4609,-664.01805825815,158.790047361663
4610,-666.618058258149,158.790047361663
4611,-666.918058258149,159.090047361663
4612,-666.918058258149,160.990047361664
4613,-670.868058258149,161.290047361664
4614,-668.26805825815,161.290047361664
4615,-667.96805825815,160.990047361664
4616,-667.96805825815,159.090047361663
4617,-668.26805825815,158.790047361663
4618,-670.868058258149,158.790047361663
4619,-671.168058258149,159.090047361663
4620,-671.168058258149,160.990047361664
4621,-675.118058258149,161.290047361664
4622,-672.51805825815,161.290047361664
4623,-672.21805825815,160.990047361664
4624,-672.21805825815,159.090047361663
4625,-672.51805825815,158.790047361663
4626,-675.118058258149,158.790047361663
4627,-675.418058258149,159.090047361663
4628,-675.418058258149,160.990047361664
4629,-679.368058258149,161.290047361664
4630,-676.76805825815,161.290047361664
4631,-676.46805825815,160.990047361664
4632,-676.46805825815,159.090047361663
4633,-676.76805825815,158.790047361663
4634,-679.368058258149,158.790047361663
4635,-679.668058258149,159.090047361663
4636,-679.668058258149,160.990047361664
4637,-683.618058258149,161.290047361664
4638,-681.01805825815,161.290047361664
4639,-680.71805825815,160.990047361664
4640,-680.71805825815,159.090047361663
4641,-681.01805825815,158.790047361663
4642,-683.618058258149,158.790047361663
4643,-683.918058258149,159.090047361663
4644,-683.918058258149,160.990047361664
4645,-687.868058258149,161.290047361664
4646,-685.26805825815,161.290047361664
4647,-684.96805825815,160.990047361664
4648,-684.96805825815,159.090047361663
4649,-685.26805825815,158.790047361663
4650,-687.868058258149,158.790047361663
4651,-688.168058258149,159.090047361663
4652,-688.168058258149,160.990047361664
4653,-692.118058258149,161.290047361664
4654,-689.51805825815,161.290047361664
4655,-689.21805825815,160.990047361664
4656,-689.21805825815,159.090047361663
4657,-689.51805825815,158.790047361663
4658,-692.118058258149,158.790047361663
4659,-692.418058258149,159.090047361663
4660,-692.418058258149,160.990047361664
4661,-696.368058258149,161.290047361664
4662,-693.76805825815,161.290047361664
4663,-693.46805825815,160.990047361664
4664,-693.46805825815,159.090047361663
4665,-693.76805825815,158.790047361663
4666,-696.368058258149,158.790047361663
4667,-696.668058258149,159.090047361663
4668,-696.668058258149,160.990047361664
4669,-700.618058258149,161.290047361664
4670,-698.01805825815,161.290047361664
4671,-697.71805825815,160.990047361664
4672,-697.71805825815,159.090047361663
4673,-698.01805825815,158.790047361663
4674,-700.618058258149,158.790047361663
4675,-700.918058258149,159.090047361663
4676,-700.918058258149,160.990047361664
4677,-704.868058258149,161.290047361664
4678,-702.26805825815,161.290047361664
4679,-701.96805825815,160.990047361664
4680,-701.96805825815,159.090047361663
4681,-702.26805825815,158.790047361663
4682,-704.868058258149,158.790047361663
4683,-705.168058258149,159.090047361663
4684,-705.168058258149,160.990047361664
4685,-709.118058258149,161.290047361664
4686,-706.51805825815,161.290047361664
4687,-706.21805825815,160.990047361664
4688,-706.21805825815,159.090047361663
4689,-706.51805825815,158.790047361663
4690,-709.118058258149,158.790047361663
4691,-709.418058258149,159.090047361663
4692,-709.418058258149,160.990047361664
4693,-713.368058258149,161.290047361664
4694,-710.76805825815,161.290047361664
4695,-710.46805825815,160.990047361664
4696,-710.46805825815,159.090047361663
4697,-710.76805825815,158.790047361663
4698,-713.368058258149,158.790047361663
4699,-713.668058258149,159.090047361663
4700,-713.668058258149,160.990047361664
4701,-717.618058258149,161.290047361664
4702,-715.01805825815,161.290047361664
4703,-714.71805825815,160.990047361664
4704,-714.71805825815,159.090047361663
4705,-715.01805825815,158.790047361663
4706,-717.618058258149,158.790047361663
4707,-717.918058258149,159.090047361663
4708,-717.918058258149,160.990047361664
4709,-721.868058258149,161.290047361664
4710,-719.26805825815,161.290047361664
4711,-718.96805825815,160.990047361664
4712,-718.96805825815,159.090047361663
4713,-719.26805825815,158.790047361663
4714,-721.868058258149,158.790047361663
4715,-722.168058258149,159.090047361663
4716,-722.168058258149,160.990047361664
4717,-726.118058258149,161.290047361664
4718,-723.51805825815,161.290047361664
4719,-723.21805825815,160.990047361664
4720,-723.21805825815,159.090047361663
4721,-723.51805825815,158.790047361663
4722,-726.118058258149,158.790047361663
4723,-726.418058258149,159.090047361663
4724,-726.418058258149,160.990047361664
4725,-730.368058258149,161.290047361664
4726,-727.76805825815,161.290047361664
4727,-727.46805825815,160.990047361664
4728,-727.46805825815,159.090047361663
4729,-727.76805825815,158.790047361663
4730,-730.368058258149,158.790047361663
4731,-730.668058258149,159.090047361663
4732,-730.668058258149,160.990047361664
4733,-734.618058258149,161.290047361664
4734,-732.01805825815,161.290047361664
4735,-731.71805825815,160.990047361664
4736,-731.71805825815,159.090047361663
4737,-732.01805825815,158.790047361663
4738,-734.618058258149,158.790047361663
4739,-734.918058258149,159.090047361663
4740,-734.918058258149,160.990047361664
4741,-738.868058258149,161.290047361664
4742,-736.26805825815,161.290047361664
4743,-735.96805825815,160.990047361664
4744,-735.96805825815,159.090047361663
4745,-736.26805825815,158.790047361663
4746,-738.868058258149,158.790047361663
4747,-739.168058258149,159.090047361663
4748,-739.168058258149,160.990047361664
4749,-743.118058258149,161.290047361664
4750,-740.51805825815,161.290047361664
4751,-740.21805825815,160.990047361664
4752,-740.21805825815,159.090047361663
4753,-740.51805825815,158.790047361663
4754,-743.118058258149,158.790047361663
4755,-743.418058258149,159.090047361663
4756,-743.418058258149,160.990047361664
4757,-747.368058258149,161.290047361664
4758,-744.76805825815,161.290047361664
4759,-744.46805825815,160.990047361664
4760,-744.46805825815,159.090047361663
4761,-744.76805825815,158.790047361663
4762,-747.368058258149,158.790047361663
4763,-747.668058258149,159.090047361663
4764,-747.668058258149,160.990047361664
4765,-751.618058258149,161.290047361664
4766,-749.01805825815,161.290047361664
4767,-748.71805825815,160.990047361664
4768,-748.71805825815,159.090047361663
4769,-749.01805825815,158.790047361663
4770,-751.618058258149,158.790047361663
4771,-751.918058258149,159.090047361663
4772,-751.918058258149,160.990047361664
4773,-755.868058258149,161.290047361664
4774,-753.26805825815,161.290047361664
4775,-752.96805825815,160.990047361664
4776,-752.96805825815,159.090047361663
4777,-753.26805825815,158.790047361663
4778,-755.868058258149,158.790047361663
4779,-756.168058258149,159.090047361663
4780,-756.168058258149,160.990047361664
4781,-760.118058258149,161.290047361664
4782,-757.51805825815,161.290047361664
4783,-757.21805825815,160.990047361664
4784,-757.21805825815,159.090047361663
4785,-757.51805825815,158.790047361663
4786,-760.118058258149,158.790047361663
4787,-760.418058258149,159.090047361663
4788,-760.418058258149,160.990047361664
4789,-764.368058258149,161.290047361664
4790,-761.76805825815,161.290047361664
4791,-761.46805825815,160.990047361664
4792,-761.46805825815,159.090047361663
4793,-761.76805825815,158.790047361663
4794,-764.368058258149,158.790047361663
4795,-764.668058258149,159.090047361663
4796,-764.668058258149,160.990047361664
4797,-768.618058258149,161.290047361664
4798,-766.01805825815,161.290047361664
4799,-765.71805825815,160.990047361664
4800,-765.71805825815,159.090047361663
4801,-766.01805825815,158.790047361663
4802,-768.618058258149,158.790047361663
4803,-768.918058258149,159.090047361663
4804,-768.918058258149,160.990047361664
4805,-768.618058258149,157.740047361664
4806,-766.01805825815,157.740047361664
4807,-765.71805825815,157.440047361664
4808,-765.71805825815,155.540047361663
4809,-766.01805825815,155.240047361663
4810,-768.618058258149,155.240047361663
4811,-768.918058258149,155.540047361663
4812,-768.918058258149,157.440047361664
4813,-764.368058258149,157.740047361664
4814,-761.76805825815,157.740047361664
4815,-761.46805825815,157.440047361664
4816,-761.46805825815,155.540047361663
4817,-761.76805825815,155.240047361663
4818,-764.368058258149,155.240047361663
4819,-764.668058258149,155.540047361663
4820,-764.668058258149,157.440047361664
4821,-760.118058258149,157.740047361664
4822,-757.51805825815,157.740047361664
4823,-757.21805825815,157.440047361664
4824,-757.21805825815,155.540047361663
4825,-757.51805825815,155.240047361663
4826,-760.118058258149,155.240047361663
4827,-760.418058258149,155.540047361663
4828,-760.418058258149,157.440047361664
4829,-755.868058258149,157.740047361664
4830,-753.26805825815,157.740047361664
4831,-752.96805825815,157.440047361664
4832,-752.96805825815,155.540047361663
4833,-753.26805825815,155.240047361663
4834,-755.868058258149,155.240047361663
4835,-756.168058258149,155.540047361663
4836,-756.168058258149,157.440047361664
4837,-751.618058258149,157.740047361664
4838,-749.01805825815,157.740047361664
4839,-748.71805825815,157.440047361664
4840,-748.71805825815,155.540047361663
4841,-749.01805825815,155.240047361663
4842,-751.618058258149,155.240047361663
4843,-751.918058258149,155.540047361663
4844,-751.918058258149,157.440047361664
4845,-747.368058258149,157.740047361664
4846,-744.76805825815,157.740047361664
4847,-744.46805825815,157.440047361664
4848,-744.46805825815,155.540047361663
4849,-744.76805825815,155.240047361663
4850,-747.368058258149,155.240047361663
4851,-747.668058258149,155.540047361663
4852,-747.668058258149,157.440047361664
4853,-743.118058258149,157.740047361664
4854,-740.51805825815,157.740047361664
4855,-740.21805825815,157.440047361664
4856,-740.21805825815,155.540047361663
4857,-740.51805825815,155.240047361663
4858,-743.118058258149,155.240047361663
4859,-743.418058258149,155.540047361663
4860,-743.418058258149,157.440047361664
4861,-738.868058258149,157.740047361664
4862,-736.26805825815,157.740047361664
4863,-735.96805825815,157.440047361664
4864,-735.96805825815,155.540047361663
4865,-736.26805825815,155.240047361663
4866,-738.868058258149,155.240047361663
4867,-739.168058258149,155.540047361663
4868,-739.168058258149,157.440047361664
4869,-734.618058258149,157.740047361664
4870,-732.01805825815,157.740047361664
4871,-731.71805825815,157.440047361664
4872,-731.71805825815,155.540047361663
4873,-732.01805825815,155.240047361663
4874,-734.618058258149,155.240047361663
4875,-734.918058258149,155.540047361663
4876,-734.918058258149,157.440047361664
4877,-730.368058258149,157.740047361664
4878,-727.76805825815,157.740047361664
4879,-727.46805825815,157.440047361664
4880,-727.46805825815,155.540047361663
4881,-727.76805825815,155.240047361663
4882,-730.368058258149,155.240047361663
4883,-730.668058258149,155.540047361663
4884,-730.668058258149,157.440047361664
4885,-726.118058258149,157.740047361664
4886,-723.51805825815,157.740047361664
4887,-723.21805825815,157.440047361664
4888,-723.21805825815,155.540047361663
4889,-723.51805825815,155.240047361663
4890,-726.118058258149,155.240047361663
4891,-726.418058258149,155.540047361663
4892,-726.418058258149,157.440047361664
4893,-721.868058258149,157.740047361664
4894,-719.26805825815,157.740047361664
4895,-718.96805825815,157.440047361664
4896,-718.96805825815,155.540047361663
4897,-719.26805825815,155.240047361663
4898,-721.868058258149,155.240047361663
4899,-722.168058258149,155.540047361663
4900,-722.168058258149,157.440047361664
4901,-717.618058258149,157.740047361664
4902,-715.01805825815,157.740047361664
4903,-714.71805825815,157.440047361664
4904,-714.71805825815,155.540047361663
4905,-715.01805825815,155.240047361663
4906,-717.618058258149,155.240047361663
4907,-717.918058258149,155.540047361663
4908,-717.918058258149,157.440047361664
4909,-713.368058258149,157.740047361664
4910,-710.76805825815,157.740047361664
4911,-710.46805825815,157.440047361664
4912,-710.46805825815,155.540047361663
4913,-710.76805825815,155.240047361663
4914,-713.368058258149,155.240047361663
4915,-713.668058258149,155.540047361663
4916,-713.668058258149,157.440047361664
4917,-709.118058258149,157.740047361664
4918,-706.51805825815,157.740047361664
4919,-706.21805825815,157.440047361664
4920,-706.21805825815,155.540047361663
4921,-706.51805825815,155.240047361663
4922,-709.118058258149,155.240047361663
4923,-709.418058258149,155.540047361663
4924,-709.418058258149,157.440047361664
4925,-704.868058258149,157.740047361664
4926,-702.26805825815,157.740047361664
4927,-701.96805825815,157.440047361664
4928,-701.96805825815,155.540047361663
4929,-702.26805825815,155.240047361663
4930,-704.868058258149,155.240047361663
4931,-705.168058258149,155.540047361663
4932,-705.168058258149,157.440047361664
4933,-700.618058258149,157.740047361664
4934,-698.01805825815,157.740047361664
4935,-697.71805825815,157.440047361664
4936,-697.71805825815,155.540047361663
4937,-698.01805825815,155.240047361663
4938,-700.618058258149,155.240047361663
4939,-700.918058258149,155.540047361663
4940,-700.918058258149,157.440047361664
4941,-696.368058258149,157.740047361664
4942,-693.76805825815,157.740047361664
4943,-693.46805825815,157.440047361664
4944,-693.46805825815,155.540047361663
4945,-693.76805825815,155.240047361663
4946,-696.368058258149,155.240047361663
4947,-696.668058258149,155.540047361663
4948,-696.668058258149,157.440047361664
4949,-692.118058258149,157.740047361664
4950,-689.51805825815,157.740047361664
4951,-689.21805825815,157.440047361664
4952,-689.21805825815,155.540047361663
4953,-689.51805825815,155.240047361663
4954,-692.118058258149,155.240047361663
4955,-692.418058258149,155.540047361663
4956,-692.418058258149,157.440047361664
4957,-687.868058258149,157.740047361664
4958,-685.26805825815,157.740047361664
4959,-684.96805825815,157.440047361664
4960,-684.96805825815,155.540047361663
4961,-685.26805825815,155.240047361663
4962,-687.868058258149,155.240047361663
4963,-688.168058258149,155.540047361663
4964,-688.168058258149,157.440047361664
4965,-683.618058258149,157.740047361664
4966,-681.01805825815,157.740047361664
4967,-680.71805825815,157.440047361664
4968,-680.71805825815,155.540047361663
4969,-681.01805825815,155.240047361663
4970,-683.618058258149,155.240047361663
4971,-683.918058258149,155.540047361663
4972,-683.918058258149,157.440047361664
4973,-679.368058258149,157.740047361664
4974,-676.76805825815,157.740047361664
4975,-676.46805825815,157.440047361664
4976,-676.46805825815,155.540047361663
4977,-676.76805825815,155.240047361663
4978,-679.368058258149,155.240047361663
4979,-679.668058258149,155.540047361663
4980,-679.668058258149,157.440047361664
4981,-675.118058258149,157.740047361664
4982,-672.51805825815,157.740047361664
4983,-672.21805825815,157.440047361664
4984,-672.21805825815,155.540047361663
4985,-672.51805825815,155.240047361663
4986,-675.118058258149,155.240047361663
4987,-675.418058258149,155.540047361663
4988,-675.418058258149,157.440047361664
4989,-670.868058258149,157.740047361664
4990,-668.26805825815,157.740047361664
4991,-667.96805825815,157.440047361664
4992,-667.96805825815,155.540047361663
4993,-668.26805825815,155.240047361663
4994,-670.868058258149,155.240047361663
4995,-671.168058258149,155.540047361663
4996,-671.168058258149,157.440047361664
4997,-666.618058258149,157.740047361664
4998,-664.01805825815,157.740047361664
4999,-663.71805825815,157.440047361664
5000,-663.71805825815,155.540047361663
5001,-664.01805825815,155.240047361663
5002,-666.618058258149,155.240047361663
5003,-666.918058258149,155.540047361663
5004,-666.918058258149,157.440047361664
5005,-666.618058258149,154.190047361664
5006,-664.01805825815,154.190047361664
5007,-663.71805825815,153.890047361664
5008,-663.71805825815,151.990047361663
5009,-664.01805825815,151.690047361663
5010,-666.618058258149,151.690047361663
5011,-666.918058258149,151.990047361663
5012,-666.918058258149,153.890047361664
5013,-670.868058258149,154.190047361664
5014,-668.26805825815,154.190047361664
5015,-667.96805825815,153.890047361664
5016,-667.96805825815,151.990047361663
5017,-668.26805825815,151.690047361663
5018,-670.868058258149,151.690047361663
5019,-671.168058258149,151.990047361663
5020,-671.168058258149,153.890047361664
5021,-675.118058258149,154.190047361664
5022,-672.51805825815,154.190047361664
5023,-672.21805825815,153.890047361664
5024,-672.21805825815,151.990047361663
5025,-672.51805825815,151.690047361663
5026,-675.118058258149,151.690047361663
5027,-675.418058258149,151.990047361663
5028,-675.418058258149,153.890047361664
5029,-679.368058258149,154.190047361664
5030,-676.76805825815,154.190047361664
5031,-676.46805825815,153.890047361664
5032,-676.46805825815,151.990047361663
5033,-676.76805825815,151.690047361663
5034,-679.368058258149,151.690047361663
5035,-679.668058258149,151.990047361663
5036,-679.668058258149,153.890047361664
5037,-683.618058258149,154.190047361664
5038,-681.01805825815,154.190047361664
5039,-680.71805825815,153.890047361664
5040,-680.71805825815,151.990047361663
5041,-681.01805825815,151.690047361663
5042,-683.618058258149,151.690047361663
5043,-683.918058258149,151.990047361663
5044,-683.918058258149,153.890047361664
5045,-687.868058258149,154.190047361664
5046,-685.26805825815,154.190047361664
5047,-684.96805825815,153.890047361664
5048,-684.96805825815,151.990047361663
5049,-685.26805825815,151.690047361663
5050,-687.868058258149,151.690047361663
5051,-688.168058258149,151.990047361663
5052,-688.168058258149,153.890047361664
5053,-692.118058258149,154.190047361664
5054,-689.51805825815,154.190047361664
5055,-689.21805825815,153.890047361664
5056,-689.21805825815,151.990047361663
5057,-689.51805825815,151.690047361663
5058,-692.118058258149,151.690047361663
5059,-692.418058258149,151.990047361663
5060,-692.418058258149,153.890047361664
5061,-696.368058258149,154.190047361664
5062,-693.76805825815,154.190047361664
5063,-693.46805825815,153.890047361664
5064,-693.46805825815,151.990047361663
5065,-693.76805825815,151.690047361663
5066,-696.368058258149,151.690047361663
5067,-696.668058258149,151.990047361663
5068,-696.668058258149,153.890047361664
5069,-700.618058258149,154.190047361664
5070,-698.01805825815,154.190047361664
5071,-697.71805825815,153.890047361664
5072,-697.71805825815,151.990047361663
5073,-698.01805825815,151.690047361663
5074,-700.618058258149,151.690047361663
5075,-700.918058258149,151.990047361663
5076,-700.918058258149,153.890047361664
5077,-704.868058258149,154.190047361664
5078,-702.26805825815,154.190047361664
5079,-701.96805825815,153.890047361664
5080,-701.96805825815,151.990047361663
5081,-702.26805825815,151.690047361663
5082,-704.868058258149,151.690047361663
5083,-705.168058258149,151.990047361663
5084,-705.168058258149,153.890047361664
5085,-709.118058258149,154.190047361664
5086,-706.51805825815,154.190047361664
5087,-706.21805825815,153.890047361664
5088,-706.21805825815,151.990047361663
5089,-706.51805825815,151.690047361663
5090,-709.118058258149,151.690047361663
5091,-709.418058258149,151.990047361663
5092,-709.418058258149,153.890047361664
5093,-713.368058258149,154.190047361664
5094,-710.76805825815,154.190047361664
5095,-710.46805825815,153.890047361664
5096,-710.46805825815,151.990047361663
5097,-710.76805825815,151.690047361663
5098,-713.368058258149,151.690047361663
5099,-713.668058258149,151.990047361663
5100,-713.668058258149,153.890047361664
5101,-717.618058258149,154.190047361664
5102,-715.01805825815,154.190047361664
5103,-714.71805825815,153.890047361664
5104,-714.71805825815,151.990047361663
5105,-715.01805825815,151.690047361663
5106,-717.618058258149,151.690047361663
5107,-717.918058258149,151.990047361663
5108,-717.918058258149,153.890047361664
5109,-721.868058258149,154.190047361664
5110,-719.26805825815,154.190047361664
5111,-718.96805825815,153.890047361664
5112,-718.96805825815,151.990047361663
5113,-719.26805825815,151.690047361663
5114,-721.868058258149,151.690047361663
5115,-722.168058258149,151.990047361663
5116,-722.168058258149,153.890047361664
5117,-726.118058258149,154.190047361664
5118,-723.51805825815,154.190047361664
5119,-723.21805825815,153.890047361664
5120,-723.21805825815,151.990047361663
5121,-723.51805825815,151.690047361663
5122,-726.118058258149,151.690047361663
5123,-726.418058258149,151.990047361663
5124,-726.418058258149,153.890047361664
5125,-730.368058258149,154.190047361664
5126,-727.76805825815,154.190047361664
5127,-727.46805825815,153.890047361664
5128,-727.46805825815,151.990047361663
5129,-727.76805825815,151.690047361663
5130,-730.368058258149,151.690047361663
5131,-730.668058258149,151.990047361663
5132,-730.668058258149,153.890047361664
5133,-734.618058258149,154.190047361664
5134,-732.01805825815,154.190047361664
5135,-731.71805825815,153.890047361664
5136,-731.71805825815,151.990047361663
5137,-732.01805825815,151.690047361663
5138,-734.618058258149,151.690047361663
5139,-734.918058258149,151.990047361663
5140,-734.918058258149,153.890047361664
5141,-738.868058258149,154.190047361664
5142,-736.26805825815,154.190047361664
5143,-735.96805825815,153.890047361664
5144,-735.96805825815,151.990047361663
5145,-736.26805825815,151.690047361663
5146,-738.868058258149,151.690047361663
5147,-739.168058258149,151.990047361663
5148,-739.168058258149,153.890047361664
5149,-743.118058258149,154.190047361664
5150,-740.51805825815,154.190047361664
5151,-740.21805825815,153.890047361664
5152,-740.21805825815,151.990047361663
5153,-740.51805825815,151.690047361663
5154,-743.118058258149,151.690047361663
5155,-743.418058258149,151.990047361663
5156,-743.418058258149,153.890047361664
5157,-747.368058258149,154.190047361664
5158,-744.76805825815,154.190047361664
5159,-744.46805825815,153.890047361664
5160,-744.46805825815,151.990047361663
5161,-744.76805825815,151.690047361663
5162,-747.368058258149,151.690047361663
5163,-747.668058258149,151.990047361663
5164,-747.668058258149,153.890047361664
5165,-751.618058258149,154.190047361664
5166,-749.01805825815,154.190047361664
5167,-748.71805825815,153.890047361664
5168,-748.71805825815,151.990047361663
5169,-749.01805825815,151.690047361663
5170,-751.618058258149,151.690047361663
5171,-751.918058258149,151.990047361663
5172,-751.918058258149,153.890047361664
5173,-755.868058258149,154.190047361664
5174,-753.26805825815,154.190047361664
5175,-752.96805825815,153.890047361664
5176,-752.96805825815,151.990047361663
5177,-753.26805825815,151.690047361663
5178,-755.868058258149,151.690047361663
5179,-756.168058258149,151.990047361663
5180,-756.168058258149,153.890047361664
5181,-760.118058258149,154.190047361664
5182,-757.51805825815,154.190047361664
5183,-757.21805825815,153.890047361664
5184,-757.21805825815,151.990047361663
5185,-757.51805825815,151.690047361663
5186,-760.118058258149,151.690047361663
5187,-760.418058258149,151.990047361663
5188,-760.418058258149,153.890047361664
5189,-764.368058258149,154.190047361664
5190,-761.76805825815,154.190047361664
5191,-761.46805825815,153.890047361664
5192,-761.46805825815,151.990047361663
5193,-761.76805825815,151.690047361663
5194,-764.368058258149,151.690047361663
5195,-764.668058258149,151.990047361663
5196,-764.668058258149,153.890047361664
5197,-768.618058258149,154.190047361664
5198,-766.01805825815,154.190047361664
5199,-765.71805825815,153.890047361664
5200,-765.71805825815,151.990047361663
5201,-766.01805825815,151.690047361663
5202,-768.618058258149,151.690047361663
5203,-768.918058258149,151.990047361663
5204,-768.918058258149,153.890047361664
5205,-768.618058258149,150.640047361664
5206,-766.01805825815,150.640047361664
5207,-765.71805825815,150.340047361664
5208,-765.71805825815,148.440047361663
5209,-766.01805825815,148.140047361663
5210,-768.618058258149,148.140047361663
5211,-768.918058258149,148.440047361663
5212,-768.918058258149,150.340047361664
5213,-764.368058258149,150.640047361664
5214,-761.76805825815,150.640047361664
5215,-761.46805825815,150.340047361664
5216,-761.46805825815,148.440047361663
5217,-761.76805825815,148.140047361663
5218,-764.368058258149,148.140047361663
5219,-764.668058258149,148.440047361663
5220,-764.668058258149,150.340047361664
5221,-760.118058258149,150.640047361664
5222,-757.51805825815,150.640047361664
5223,-757.21805825815,150.340047361664
5224,-757.21805825815,148.440047361663
5225,-757.51805825815,148.140047361663
5226,-760.118058258149,148.140047361663
5227,-760.418058258149,148.440047361663
5228,-760.418058258149,150.340047361664
5229,-755.868058258149,150.640047361664
5230,-753.26805825815,150.640047361664
5231,-752.96805825815,150.340047361664
5232,-752.96805825815,148.440047361663
5233,-753.26805825815,148.140047361663
5234,-755.868058258149,148.140047361663
5235,-756.168058258149,148.440047361663
5236,-756.168058258149,150.340047361664
5237,-751.618058258149,150.640047361664
5238,-749.01805825815,150.640047361664
5239,-748.71805825815,150.340047361664
5240,-748.71805825815,148.440047361663
5241,-749.01805825815,148.140047361663
5242,-751.618058258149,148.140047361663
5243,-751.918058258149,148.440047361663
5244,-751.918058258149,150.340047361664
5245,-747.368058258149,150.640047361664
5246,-744.76805825815,150.640047361664
5247,-744.46805825815,150.340047361664
5248,-744.46805825815,148.440047361663
5249,-744.76805825815,148.140047361663
5250,-747.368058258149,148.140047361663
5251,-747.668058258149,148.440047361663
5252,-747.668058258149,150.340047361664
5253,-743.118058258149,150.640047361664
5254,-740.51805825815,150.640047361664
5255,-740.21805825815,150.340047361664
5256,-740.21805825815,148.440047361663
5257,-740.51805825815,148.140047361663
5258,-743.118058258149,148.140047361663
5259,-743.418058258149,148.440047361663
5260,-743.418058258149,150.340047361664
5261,-738.868058258149,150.640047361664
5262,-736.26805825815,150.640047361664
5263,-735.96805825815,150.340047361664
5264,-735.96805825815,148.440047361663
5265,-736.26805825815,148.140047361663
5266,-738.868058258149,148.140047361663
5267,-739.168058258149,148.440047361663
5268,-739.168058258149,150.340047361664
5269,-734.618058258149,150.640047361664
5270,-732.01805825815,150.640047361664
5271,-731.71805825815,150.340047361664
5272,-731.71805825815,148.440047361663
5273,-732.01805825815,148.140047361663
5274,-734.618058258149,148.140047361663
5275,-734.918058258149,148.440047361663
5276,-734.918058258149,150.340047361664
5277,-730.368058258149,150.640047361664
5278,-727.76805825815,150.640047361664
5279,-727.46805825815,150.340047361664
5280,-727.46805825815,148.440047361663
5281,-727.76805825815,148.140047361663
5282,-730.368058258149,148.140047361663
5283,-730.668058258149,148.440047361663
5284,-730.668058258149,150.340047361664
5285,-726.118058258149,150.640047361664
5286,-723.51805825815,150.640047361664
5287,-723.21805825815,150.340047361664
5288,-723.21805825815,148.440047361663
5289,-723.51805825815,148.140047361663
5290,-726.118058258149,148.140047361663
5291,-726.418058258149,148.440047361663
5292,-726.418058258149,150.340047361664
5293,-721.868058258149,150.640047361664
5294,-719.26805825815,150.640047361664
5295,-718.96805825815,150.340047361664
5296,-718.96805825815,148.440047361663
5297,-719.26805825815,148.140047361663
5298,-721.868058258149,148.140047361663
5299,-722.168058258149,148.440047361663
5300,-722.168058258149,150.340047361664
5301,-717.618058258149,150.640047361664
5302,-715.01805825815,150.640047361664
5303,-714.71805825815,150.340047361664
5304,-714.71805825815,148.440047361663
5305,-715.01805825815,148.140047361663
5306,-717.618058258149,148.140047361663
5307,-717.918058258149,148.440047361663
5308,-717.918058258149,150.340047361664
5309,-713.368058258149,150.640047361664
5310,-710.76805825815,150.640047361664
5311,-710.46805825815,150.340047361664
5312,-710.46805825815,148.440047361663
5313,-710.76805825815,148.140047361663
5314,-713.368058258149,148.140047361663
5315,-713.668058258149,148.440047361663
5316,-713.668058258149,150.340047361664
5317,-709.118058258149,150.640047361664
5318,-706.51805825815,150.640047361664
5319,-706.21805825815,150.340047361664
5320,-706.21805825815,148.440047361663
5321,-706.51805825815,148.140047361663
5322,-709.118058258149,148.140047361663
5323,-709.418058258149,148.440047361663
5324,-709.418058258149,150.340047361664
5325,-704.868058258149,150.640047361664
5326,-702.26805825815,150.640047361664
5327,-701.96805825815,150.340047361664
5328,-701.96805825815,148.440047361663
5329,-702.26805825815,148.140047361663
5330,-704.868058258149,148.140047361663
5331,-705.168058258149,148.440047361663
5332,-705.168058258149,150.340047361664
5333,-700.618058258149,150.640047361664
5334,-698.01805825815,150.640047361664
5335,-697.71805825815,150.340047361664
5336,-697.71805825815,148.440047361663
5337,-698.01805825815,148.140047361663
5338,-700.618058258149,148.140047361663
5339,-700.918058258149,148.440047361663
5340,-700.918058258149,150.340047361664
5341,-696.368058258149,150.640047361664
5342,-693.76805825815,150.640047361664
5343,-693.46805825815,150.340047361664
5344,-693.46805825815,148.440047361663
5345,-693.76805825815,148.140047361663
5346,-696.368058258149,148.140047361663
5347,-696.668058258149,148.440047361663
5348,-696.668058258149,150.340047361664
5349,-692.118058258149,150.640047361664
5350,-689.51805825815,150.640047361664
5351,-689.21805825815,150.340047361664
5352,-689.21805825815,148.440047361663
5353,-689.51805825815,148.140047361663
5354,-692.118058258149,148.140047361663
5355,-692.418058258149,148.440047361663
5356,-692.418058258149,150.340047361664
5357,-687.868058258149,150.640047361664
5358,-685.26805825815,150.640047361664
5359,-684.96805825815,150.340047361664
5360,-684.96805825815,148.440047361663
5361,-685.26805825815,148.140047361663
5362,-687.868058258149,148.140047361663
5363,-688.168058258149,148.440047361663
5364,-688.168058258149,150.340047361664
5365,-683.618058258149,150.640047361664
5366,-681.01805825815,150.640047361664
5367,-680.71805825815,150.340047361664
5368,-680.71805825815,148.440047361663
5369,-681.01805825815,148.140047361663
5370,-683.618058258149,148.140047361663
5371,-683.918058258149,148.440047361663
5372,-683.918058258149,150.340047361664
5373,-679.368058258149,150.640047361664
5374,-676.76805825815,150.640047361664
5375,-676.46805825815,150.340047361664
5376,-676.46805825815,148.440047361663
5377,-676.76805825815,148.140047361663
5378,-679.368058258149,148.140047361663
5379,-679.668058258149,148.440047361663
5380,-679.668058258149,150.340047361664
5381,-675.118058258149,150.640047361664
5382,-672.51805825815,150.640047361664
5383,-672.21805825815,150.340047361664
5384,-672.21805825815,148.440047361663
5385,-672.51805825815,148.140047361663
5386,-675.118058258149,148.140047361663
5387,-675.418058258149,148.440047361663
5388,-675.418058258149,150.340047361664
5389,-670.868058258149,150.640047361664
5390,-668.26805825815,150.640047361664
5391,-667.96805825815,150.340047361664
5392,-667.96805825815,148.440047361663
5393,-668.26805825815,148.140047361663
5394,-670.868058258149,148.140047361663
5395,-671.168058258149,148.440047361663
5396,-671.168058258149,150.340047361664
5397,-666.618058258149,150.640047361664
5398,-664.01805825815,150.640047361664
5399,-663.71805825815,150.340047361664
5400,-663.71805825815,148.440047361663
5401,-664.01805825815,148.140047361663
5402,-666.618058258149,148.140047361663
5403,-666.918058258149,148.440047361663
5404,-666.918058258149,150.340047361664
5405,-666.618058258149,147.090047361664
5406,-664.01805825815,147.090047361664
5407,-663.71805825815,146.790047361664
5408,-663.71805825815,144.890047361663
5409,-664.01805825815,144.590047361663
5410,-666.618058258149,144.590047361663
5411,-666.918058258149,144.890047361663
5412,-666.918058258149,146.790047361664
5413,-670.868058258149,147.090047361664
5414,-668.26805825815,147.090047361664
5415,-667.96805825815,146.790047361664
5416,-667.96805825815,144.890047361663
5417,-668.26805825815,144.590047361663
5418,-670.868058258149,144.590047361663
5419,-671.168058258149,144.890047361663
5420,-671.168058258149,146.790047361664
5421,-675.118058258149,147.090047361664
5422,-672.51805825815,147.090047361664
5423,-672.21805825815,146.790047361664
5424,-672.21805825815,144.890047361663
5425,-672.51805825815,144.590047361663
5426,-675.118058258149,144.590047361663
5427,-675.418058258149,144.890047361663
5428,-675.418058258149,146.790047361664
5429,-679.368058258149,147.090047361664
5430,-676.76805825815,147.090047361664
5431,-676.46805825815,146.790047361664
5432,-676.46805825815,144.890047361663
5433,-676.76805825815,144.590047361663
5434,-679.368058258149,144.590047361663
5435,-679.668058258149,144.890047361663
5436,-679.668058258149,146.790047361664
5437,-683.618058258149,147.090047361664
5438,-681.01805825815,147.090047361664
5439,-680.71805825815,146.790047361664
5440,-680.71805825815,144.890047361663
5441,-681.01805825815,144.590047361663
5442,-683.618058258149,144.590047361663
5443,-683.918058258149,144.890047361663
5444,-683.918058258149,146.790047361664
5445,-687.868058258149,147.090047361664
5446,-685.26805825815,147.090047361664
5447,-684.96805825815,146.790047361664
5448,-684.96805825815,144.890047361663
5449,-685.26805825815,144.590047361663
5450,-687.868058258149,144.590047361663
5451,-688.168058258149,144.890047361663
5452,-688.168058258149,146.790047361664
5453,-692.118058258149,147.090047361664
5454,-689.51805825815,147.090047361664
5455,-689.21805825815,146.790047361664
5456,-689.21805825815,144.890047361663
5457,-689.51805825815,144.590047361663
5458,-692.118058258149,144.590047361663
5459,-692.418058258149,144.890047361663
5460,-692.418058258149,146.790047361664
5461,-696.368058258149,147.090047361664
5462,-693.76805825815,147.090047361664
5463,-693.46805825815,146.790047361664
5464,-693.46805825815,144.890047361663
5465,-693.76805825815,144.590047361663
5466,-696.368058258149,144.590047361663
5467,-696.668058258149,144.890047361663
5468,-696.668058258149,146.790047361664
5469,-700.618058258149,147.090047361664
5470,-698.01805825815,147.090047361664
5471,-697.71805825815,146.790047361664
5472,-697.71805825815,144.890047361663
5473,-698.01805825815,144.590047361663
5474,-700.618058258149,144.590047361663
5475,-700.918058258149,144.890047361663
5476,-700.918058258149,146.790047361664
5477,-704.868058258149,147.090047361664
5478,-702.26805825815,147.090047361664
5479,-701.96805825815,146.790047361664
5480,-701.96805825815,144.890047361663
5481,-702.26805825815,144.590047361663
5482,-704.868058258149,144.590047361663
5483,-705.168058258149,144.890047361663
5484,-705.168058258149,146.790047361664
5485,-709.118058258149,147.090047361664
5486,-706.51805825815,147.090047361664
5487,-706.21805825815,146.790047361664
5488,-706.21805825815,144.890047361663
5489,-706.51805825815,144.590047361663
5490,-709.118058258149,144.590047361663
5491,-709.418058258149,144.890047361663
5492,-709.418058258149,146.790047361664
5493,-713.368058258149,147.090047361664
5494,-710.76805825815,147.090047361664
5495,-710.46805825815,146.790047361664
5496,-710.46805825815,144.890047361663
5497,-710.76805825815,144.590047361663
5498,-713.368058258149,144.590047361663
5499,-713.668058258149,144.890047361663
5500,-713.668058258149,146.790047361664
5501,-717.618058258149,147.090047361664
5502,-715.01805825815,147.090047361664
5503,-714.71805825815,146.790047361664
5504,-714.71805825815,144.890047361663
5505,-715.01805825815,144.590047361663
5506,-717.618058258149,144.590047361663
5507,-717.918058258149,144.890047361663
5508,-717.918058258149,146.790047361664
5509,-721.868058258149,147.090047361664
5510,-719.26805825815,147.090047361664
5511,-718.96805825815,146.790047361664
5512,-718.96805825815,144.890047361663
5513,-719.26805825815,144.590047361663
5514,-721.868058258149,144.590047361663
5515,-722.168058258149,144.890047361663
5516,-722.168058258149,146.790047361664
5517,-726.118058258149,147.090047361664
5518,-723.51805825815,147.090047361664
5519,-723.21805825815,146.790047361664
5520,-723.21805825815,144.890047361663
5521,-723.51805825815,144.590047361663
5522,-726.118058258149,144.590047361663
5523,-726.418058258149,144.890047361663
5524,-726.418058258149,146.790047361664
5525,-730.368058258149,147.090047361664
5526,-727.76805825815,147.090047361664
5527,-727.46805825815,146.790047361664
5528,-727.46805825815,144.890047361663
5529,-727.76805825815,144.590047361663
5530,-730.368058258149,144.590047361663
5531,-730.668058258149,144.890047361663
5532,-730.668058258149,146.790047361664
5533,-734.618058258149,147.090047361664
5534,-732.01805825815,147.090047361664
5535,-731.71805825815,146.790047361664
5536,-731.71805825815,144.890047361663
5537,-732.01805825815,144.590047361663
5538,-734.618058258149,144.590047361663
5539,-734.918058258149,144.890047361663
5540,-734.918058258149,146.790047361664
5541,-738.868058258149,147.090047361664
5542,-736.26805825815,147.090047361664
5543,-735.96805825815,146.790047361664
5544,-735.96805825815,144.890047361663
5545,-736.26805825815,144.590047361663
5546,-738.868058258149,144.590047361663
5547,-739.168058258149,144.890047361663
5548,-739.168058258149,146.790047361664
5549,-743.118058258149,147.090047361664
5550,-740.51805825815,147.090047361664
5551,-740.21805825815,146.790047361664
5552,-740.21805825815,144.890047361663
5553,-740.51805825815,144.590047361663
5554,-743.118058258149,144.590047361663
5555,-743.418058258149,144.890047361663
5556,-743.418058258149,146.790047361664
5557,-747.368058258149,147.090047361664
5558,-744.76805825815,147.090047361664
5559,-744.46805825815,146.790047361664
5560,-744.46805825815,144.890047361663
5561,-744.76805825815,144.590047361663
5562,-747.368058258149,144.590047361663
5563,-747.668058258149,144.890047361663
5564,-747.668058258149,146.790047361664
5565,-751.618058258149,147.090047361664
5566,-749.01805825815,147.090047361664
5567,-748.71805825815,146.790047361664
5568,-748.71805825815,144.890047361663
5569,-749.01805825815,144.590047361663
5570,-751.618058258149,144.590047361663
5571,-751.918058258149,144.890047361663
5572,-751.918058258149,146.790047361664
5573,-755.868058258149,147.090047361664
5574,-753.26805825815,147.090047361664
5575,-752.96805825815,146.790047361664
5576,-752.96805825815,144.890047361663
5577,-753.26805825815,144.590047361663
5578,-755.868058258149,144.590047361663
5579,-756.168058258149,144.890047361663
5580,-756.168058258149,146.790047361664
5581,-760.118058258149,147.090047361664
5582,-757.51805825815,147.090047361664
5583,-757.21805825815,146.790047361664
5584,-757.21805825815,144.890047361663
5585,-757.51805825815,144.590047361663
5586,-760.118058258149,144.590047361663
5587,-760.418058258149,144.890047361663
5588,-760.418058258149,146.790047361664
5589,-764.368058258149,147.090047361664
5590,-761.76805825815,147.090047361664
5591,-761.46805825815,146.790047361664
5592,-761.46805825815,144.890047361663
5593,-761.76805825815,144.590047361663
5594,-764.368058258149,144.590047361663
5595,-764.668058258149,144.890047361663
5596,-764.668058258149,146.790047361664
5597,-768.618058258149,147.090047361664
5598,-766.01805825815,147.090047361664
5599,-765.71805825815,146.790047361664
5600,-765.71805825815,144.890047361663
5601,-766.01805825815,144.590047361663
5602,-768.618058258149,144.590047361663
5603,-768.918058258149,144.890047361663
5604,-768.918058258149,146.790047361664
5605,-768.618058258149,143.540047361664
5606,-766.01805825815,143.540047361664
5607,-765.71805825815,143.240047361664
5608,-765.71805825815,141.340047361663
5609,-766.01805825815,141.040047361663
5610,-768.618058258149,141.040047361663
5611,-768.918058258149,141.340047361663
5612,-768.918058258149,143.240047361664
5613,-764.368058258149,143.540047361664
5614,-761.76805825815,143.540047361664
5615,-761.46805825815,143.240047361664
5616,-761.46805825815,141.340047361663
5617,-761.76805825815,141.040047361663
5618,-764.368058258149,141.040047361663
5619,-764.668058258149,141.340047361663
5620,-764.668058258149,143.240047361664
5621,-760.118058258149,143.540047361664
5622,-757.51805825815,143.540047361664
5623,-757.21805825815,143.240047361664
5624,-757.21805825815,141.340047361663
5625,-757.51805825815,141.040047361663
5626,-760.118058258149,141.040047361663
5627,-760.418058258149,141.340047361663
5628,-760.418058258149,143.240047361664
5629,-755.868058258149,143.540047361664
5630,-753.26805825815,143.540047361664
5631,-752.96805825815,143.240047361664
5632,-752.96805825815,141.340047361663
5633,-753.26805825815,141.040047361663
5634,-755.868058258149,141.040047361663
5635,-756.168058258149,141.340047361663
5636,-756.168058258149,143.240047361664
5637,-751.618058258149,143.540047361664
5638,-749.01805825815,143.540047361664
5639,-748.71805825815,143.240047361664
5640,-748.71805825815,141.340047361663
5641,-749.01805825815,141.040047361663
5642,-751.618058258149,141.040047361663
5643,-751.918058258149,141.340047361663
5644,-751.918058258149,143.240047361664
5645,-747.368058258149,143.540047361664
5646,-744.76805825815,143.540047361664
5647,-744.46805825815,143.240047361664
5648,-744.46805825815,141.340047361663
5649,-744.76805825815,141.040047361663
5650,-747.368058258149,141.040047361663
5651,-747.668058258149,141.340047361663
5652,-747.668058258149,143.240047361664
5653,-743.118058258149,143.540047361664
5654,-740.51805825815,143.540047361664
5655,-740.21805825815,143.240047361664
5656,-740.21805825815,141.340047361663
5657,-740.51805825815,141.040047361663
5658,-743.118058258149,141.040047361663
5659,-743.418058258149,141.340047361663
5660,-743.418058258149,143.240047361664
5661,-738.868058258149,143.540047361664
5662,-736.26805825815,143.540047361664
5663,-735.96805825815,143.240047361664
5664,-735.96805825815,141.340047361663
5665,-736.26805825815,141.040047361663
5666,-738.868058258149,141.040047361663
5667,-739.168058258149,141.340047361663
5668,-739.168058258149,143.240047361664
5669,-734.618058258149,143.540047361664
5670,-732.01805825815,143.540047361664
5671,-731.71805825815,143.240047361664
5672,-731.71805825815,141.340047361663
5673,-732.01805825815,141.040047361663
5674,-734.618058258149,141.040047361663
5675,-734.918058258149,141.340047361663
5676,-734.918058258149,143.240047361664
5677,-730.368058258149,143.540047361664
5678,-727.76805825815,143.540047361664
5679,-727.46805825815,143.240047361664
5680,-727.46805825815,141.340047361663
5681,-727.76805825815,141.040047361663
5682,-730.368058258149,141.040047361663
5683,-730.668058258149,141.340047361663
5684,-730.668058258149,143.240047361664
5685,-726.118058258149,143.540047361664
5686,-723.51805825815,143.540047361664
5687,-723.21805825815,143.240047361664
5688,-723.21805825815,141.340047361663
5689,-723.51805825815,141.040047361663
5690,-726.118058258149,141.040047361663
5691,-726.418058258149,141.340047361663
5692,-726.418058258149,143.240047361664
5693,-721.868058258149,143.540047361664
5694,-719.26805825815,143.540047361664
5695,-718.96805825815,143.240047361664
5696,-718.96805825815,141.340047361663
5697,-719.26805825815,141.040047361663
5698,-721.868058258149,141.040047361663
5699,-722.168058258149,141.340047361663
5700,-722.168058258149,143.240047361664
5701,-717.618058258149,143.540047361664
5702,-715.01805825815,143.540047361664
5703,-714.71805825815,143.240047361664
5704,-714.71805825815,141.340047361663
5705,-715.01805825815,141.040047361663
5706,-717.618058258149,141.040047361663
5707,-717.918058258149,141.340047361663
5708,-717.918058258149,143.240047361664
5709,-713.368058258149,143.540047361664
5710,-710.76805825815,143.540047361664
5711,-710.46805825815,143.240047361664
5712,-710.46805825815,141.340047361663
5713,-710.76805825815,141.040047361663
5714,-713.368058258149,141.040047361663
5715,-713.668058258149,141.340047361663
5716,-713.668058258149,143.240047361664
5717,-709.118058258149,143.540047361664
5718,-706.51805825815,143.540047361664
5719,-706.21805825815,143.240047361664
5720,-706.21805825815,141.340047361663
5721,-706.51805825815,141.040047361663
5722,-709.118058258149,141.040047361663
5723,-709.418058258149,141.340047361663
5724,-709.418058258149,143.240047361664
5725,-704.868058258149,143.540047361664
5726,-702.26805825815,143.540047361664
5727,-701.96805825815,143.240047361664
5728,-701.96805825815,141.340047361663
5729,-702.26805825815,141.040047361663
5730,-704.868058258149,141.040047361663
5731,-705.168058258149,141.340047361663
5732,-705.168058258149,143.240047361664
5733,-700.618058258149,143.540047361664
5734,-698.01805825815,143.540047361664
5735,-697.71805825815,143.240047361664
5736,-697.71805825815,141.340047361663
5737,-698.01805825815,141.040047361663
5738,-700.618058258149,141.040047361663
5739,-700.918058258149,141.340047361663
5740,-700.918058258149,143.240047361664
5741,-696.368058258149,143.540047361664
5742,-693.76805825815,143.540047361664
5743,-693.46805825815,143.240047361664
5744,-693.46805825815,141.340047361663
5745,-693.76805825815,141.040047361663
5746,-696.368058258149,141.040047361663
5747,-696.668058258149,141.340047361663
5748,-696.668058258149,143.240047361664
5749,-692.118058258149,143.540047361664
5750,-689.51805825815,143.540047361664
5751,-689.21805825815,143.240047361664
5752,-689.21805825815,141.340047361663
5753,-689.51805825815,141.040047361663
5754,-692.118058258149,141.040047361663
5755,-692.418058258149,141.340047361663
5756,-692.418058258149,143.240047361664
5757,-687.868058258149,143.540047361664
5758,-685.26805825815,143.540047361664
5759,-684.96805825815,143.240047361664
5760,-684.96805825815,141.340047361663
5761,-685.26805825815,141.040047361663
5762,-687.868058258149,141.040047361663
5763,-688.168058258149,141.340047361663
5764,-688.168058258149,143.240047361664
5765,-683.618058258149,143.540047361664
5766,-681.01805825815,143.540047361664
5767,-680.71805825815,143.240047361664
5768,-680.71805825815,141.340047361663
5769,-681.01805825815,141.040047361663
5770,-683.618058258149,141.040047361663
5771,-683.918058258149,141.340047361663
5772,-683.918058258149,143.240047361664
5773,-679.368058258149,143.540047361664
5774,-676.76805825815,143.540047361664
5775,-676.46805825815,143.240047361664
5776,-676.46805825815,141.340047361663
5777,-676.76805825815,141.040047361663
5778,-679.368058258149,141.040047361663
5779,-679.668058258149,141.340047361663
5780,-679.668058258149,143.240047361664
5781,-675.118058258149,143.540047361664
5782,-672.51805825815,143.540047361664
5783,-672.21805825815,143.240047361664
5784,-672.21805825815,141.340047361663
5785,-672.51805825815,141.040047361663
5786,-675.118058258149,141.040047361663
5787,-675.418058258149,141.340047361663
5788,-675.418058258149,143.240047361664
5789,-670.868058258149,143.540047361664
5790,-668.26805825815,143.540047361664
5791,-667.96805825815,143.240047361664
5792,-667.96805825815,141.340047361663
5793,-668.26805825815,141.040047361663
5794,-670.868058258149,141.040047361663
5795,-671.168058258149,141.340047361663
5796,-671.168058258149,143.240047361664
5797,-666.618058258149,143.540047361664
5798,-664.01805825815,143.540047361664
5799,-663.71805825815,143.240047361664
5800,-663.71805825815,141.340047361663
5801,-664.01805825815,141.040047361663
5802,-666.618058258149,141.040047361663
5803,-666.918058258149,141.340047361663
5804,-666.918058258149,143.240047361664
5805,-666.618058258149,139.990047361664
5806,-664.01805825815,139.990047361664
5807,-663.71805825815,139.690047361664
5808,-663.71805825815,137.790047361663
5809,-664.01805825815,137.490047361663
5810,-666.618058258149,137.490047361663
5811,-666.918058258149,137.790047361663
5812,-666.918058258149,139.690047361664
5813,-670.868058258149,139.990047361664
5814,-668.26805825815,139.990047361664
5815,-667.96805825815,139.690047361664
5816,-667.96805825815,137.790047361663
5817,-668.26805825815,137.490047361663
5818,-670.868058258149,137.490047361663
5819,-671.168058258149,137.790047361663
5820,-671.168058258149,139.690047361664
5821,-675.118058258149,139.990047361664
5822,-672.51805825815,139.990047361664
5823,-672.21805825815,139.690047361664
5824,-672.21805825815,137.790047361663
5825,-672.51805825815,137.490047361663
5826,-675.118058258149,137.490047361663
5827,-675.418058258149,137.790047361663
5828,-675.418058258149,139.690047361664
5829,-679.368058258149,139.990047361664
5830,-676.76805825815,139.990047361664
5831,-676.46805825815,139.690047361664
5832,-676.46805825815,137.790047361663
5833,-676.76805825815,137.490047361663
5834,-679.368058258149,137.490047361663
5835,-679.668058258149,137.790047361663
5836,-679.668058258149,139.690047361664
5837,-683.618058258149,139.990047361664
5838,-681.01805825815,139.990047361664
5839,-680.71805825815,139.690047361664
5840,-680.71805825815,137.790047361663
5841,-681.01805825815,137.490047361663
5842,-683.618058258149,137.490047361663
5843,-683.918058258149,137.790047361663
5844,-683.918058258149,139.690047361664
5845,-687.868058258149,139.990047361664
5846,-685.26805825815,139.990047361664
5847,-684.96805825815,139.690047361664
5848,-684.96805825815,137.790047361663
5849,-685.26805825815,137.490047361663
5850,-687.868058258149,137.490047361663
5851,-688.168058258149,137.790047361663
5852,-688.168058258149,139.690047361664
5853,-692.118058258149,139.990047361664
5854,-689.51805825815,139.990047361664
5855,-689.21805825815,139.690047361664
5856,-689.21805825815,137.790047361663
5857,-689.51805825815,137.490047361663
5858,-692.118058258149,137.490047361663
5859,-692.418058258149,137.790047361663
5860,-692.418058258149,139.690047361664
5861,-696.368058258149,139.990047361664
5862,-693.76805825815,139.990047361664
5863,-693.46805825815,139.690047361664
5864,-693.46805825815,137.790047361663
5865,-693.76805825815,137.490047361663
5866,-696.368058258149,137.490047361663
5867,-696.668058258149,137.790047361663
5868,-696.668058258149,139.690047361664
5869,-700.618058258149,139.990047361664
5870,-698.01805825815,139.990047361664
5871,-697.71805825815,139.690047361664
5872,-697.71805825815,137.790047361663
5873,-698.01805825815,137.490047361663
5874,-700.618058258149,137.490047361663
5875,-700.918058258149,137.790047361663
5876,-700.918058258149,139.690047361664
5877,-704.868058258149,139.990047361664
5878,-702.26805825815,139.990047361664
5879,-701.96805825815,139.690047361664
5880,-701.96805825815,137.790047361663
5881,-702.26805825815,137.490047361663
5882,-704.868058258149,137.490047361663
5883,-705.168058258149,137.790047361663
5884,-705.168058258149,139.690047361664
5885,-709.118058258149,139.990047361664
5886,-706.51805825815,139.990047361664
5887,-706.21805825815,139.690047361664
5888,-706.21805825815,137.790047361663
5889,-706.51805825815,137.490047361663
5890,-709.118058258149,137.490047361663
5891,-709.418058258149,137.790047361663
5892,-709.418058258149,139.690047361664
5893,-713.368058258149,139.990047361664
5894,-710.76805825815,139.990047361664
5895,-710.46805825815,139.690047361664
5896,-710.46805825815,137.790047361663
5897,-710.76805825815,137.490047361663
5898,-713.368058258149,137.490047361663
5899,-713.668058258149,137.790047361663
5900,-713.668058258149,139.690047361664
5901,-717.618058258149,139.990047361664
5902,-715.01805825815,139.990047361664
5903,-714.71805825815,139.690047361664
5904,-714.71805825815,137.790047361663
5905,-715.01805825815,137.490047361663
5906,-717.618058258149,137.490047361663
5907,-717.918058258149,137.790047361663
5908,-717.918058258149,139.690047361664
5909,-721.868058258149,139.990047361664
5910,-719.26805825815,139.990047361664
5911,-718.96805825815,139.690047361664
5912,-718.96805825815,137.790047361663
5913,-719.26805825815,137.490047361663
5914,-721.868058258149,137.490047361663
5915,-722.168058258149,137.790047361663
5916,-722.168058258149,139.690047361664
5917,-726.118058258149,139.990047361664
5918,-723.51805825815,139.990047361664
5919,-723.21805825815,139.690047361664
5920,-723.21805825815,137.790047361663
5921,-723.51805825815,137.490047361663
5922,-726.118058258149,137.490047361663
5923,-726.418058258149,137.790047361663
5924,-726.418058258149,139.690047361664
5925,-730.368058258149,139.990047361664
5926,-727.76805825815,139.990047361664
5927,-727.46805825815,139.690047361664
5928,-727.46805825815,137.790047361663
5929,-727.76805825815,137.490047361663
5930,-730.368058258149,137.490047361663
5931,-730.668058258149,137.790047361663
5932,-730.668058258149,139.690047361664
5933,-734.618058258149,139.990047361664
5934,-732.01805825815,139.990047361664
5935,-731.71805825815,139.690047361664
5936,-731.71805825815,137.790047361663
5937,-732.01805825815,137.490047361663
5938,-734.618058258149,137.490047361663
5939,-734.918058258149,137.790047361663
5940,-734.918058258149,139.690047361664
5941,-738.868058258149,139.990047361664
5942,-736.26805825815,139.990047361664
5943,-735.96805825815,139.690047361664
5944,-735.96805825815,137.790047361663
5945,-736.26805825815,137.490047361663
5946,-738.868058258149,137.490047361663
5947,-739.168058258149,137.790047361663
5948,-739.168058258149,139.690047361664
5949,-743.118058258149,139.990047361664
5950,-740.51805825815,139.990047361664
5951,-740.21805825815,139.690047361664
5952,-740.21805825815,137.790047361663
5953,-740.51805825815,137.490047361663
5954,-743.118058258149,137.490047361663
5955,-743.418058258149,137.790047361663
5956,-743.418058258149,139.690047361664
5957,-747.368058258149,139.990047361664
5958,-744.76805825815,139.990047361664
5959,-744.46805825815,139.690047361664
5960,-744.46805825815,137.790047361663
5961,-744.76805825815,137.490047361663
5962,-747.368058258149,137.490047361663
5963,-747.668058258149,137.790047361663
5964,-747.668058258149,139.690047361664
5965,-751.618058258149,139.990047361664
5966,-749.01805825815,139.990047361664
5967,-748.71805825815,139.690047361664
5968,-748.71805825815,137.790047361663
5969,-749.01805825815,137.490047361663
5970,-751.618058258149,137.490047361663
5971,-751.918058258149,137.790047361663
5972,-751.918058258149,139.690047361664
5973,-755.868058258149,139.990047361664
5974,-753.26805825815,139.990047361664
5975,-752.96805825815,139.690047361664
5976,-752.96805825815,137.790047361663
5977,-753.26805825815,137.490047361663
5978,-755.868058258149,137.490047361663
5979,-756.168058258149,137.790047361663
5980,-756.168058258149,139.690047361664
5981,-760.118058258149,139.990047361664
5982,-757.51805825815,139.990047361664
5983,-757.21805825815,139.690047361664
5984,-757.21805825815,137.790047361663
5985,-757.51805825815,137.490047361663
5986,-760.118058258149,137.490047361663
5987,-760.418058258149,137.790047361663
5988,-760.418058258149,139.690047361664
5989,-764.368058258149,139.990047361664
5990,-761.76805825815,139.990047361664
5991,-761.46805825815,139.690047361664
5992,-761.46805825815,137.790047361663
5993,-761.76805825815,137.490047361663
5994,-764.368058258149,137.490047361663
5995,-764.668058258149,137.790047361663
5996,-764.668058258149,139.690047361664
5997,-768.618058258149,139.990047361664
5998,-766.01805825815,139.990047361664
5999,-765.71805825815,139.690047361664
6000,-765.71805825815,137.790047361663
6001,-766.01805825815,137.490047361663
6002,-768.618058258149,137.490047361663
6003,-768.918058258149,137.790047361663
6004,-768.918058258149,139.690047361664
6005,-768.618058258149,243.015047361664
6006,-766.01805825815,243.015047361664
6007,-765.64305825815,242.640047361664
6008,-765.64305825815,240.740047361663
6009,-766.01805825815,240.365047361663
6010,-768.618058258149,240.365047361663
6011,-768.993058258149,240.740047361663
6012,-768.993058258149,242.640047361664
6013,-764.368058258149,243.015047361664
6014,-761.76805825815,243.015047361664
6015,-761.393058258149,242.640047361664
6016,-761.393058258149,240.740047361663
6017,-761.76805825815,240.365047361663
6018,-764.368058258149,240.365047361663
6019,-764.743058258149,240.740047361663
6020,-764.743058258149,242.640047361664
6021,-760.118058258149,243.015047361664
6022,-757.51805825815,243.015047361664
6023,-757.14305825815,242.640047361664
6024,-757.14305825815,240.740047361663
6025,-757.51805825815,240.365047361663
6026,-760.118058258149,240.365047361663
6027,-760.493058258149,240.740047361663
6028,-760.493058258149,242.640047361664
6029,-755.868058258149,243.015047361664
6030,-753.26805825815,243.015047361664
6031,-752.893058258149,242.640047361664
6032,-752.893058258149,240.740047361663
6033,-753.26805825815,240.365047361663
6034,-755.868058258149,240.365047361663
6035,-756.243058258149,240.740047361663
6036,-756.243058258149,242.640047361664
6037,-751.618058258149,243.015047361664
6038,-749.01805825815,243.015047361664
6039,-748.64305825815,242.640047361664
6040,-748.64305825815,240.740047361663
6041,-749.01805825815,240.365047361663
6042,-751.618058258149,240.365047361663
6043,-751.993058258149,240.740047361663
6044,-751.993058258149,242.640047361664
6045,-747.368058258149,243.015047361664
6046,-744.76805825815,243.015047361664
6047,-744.393058258149,242.640047361664
6048,-744.393058258149,240.740047361663
6049,-744.76805825815,240.365047361663
6050,-747.368058258149,240.365047361663
6051,-747.743058258149,240.740047361663
6052,-747.743058258149,242.640047361664
6053,-743.118058258149,243.015047361664
6054,-740.51805825815,243.015047361664
6055,-740.14305825815,242.640047361664
6056,-740.14305825815,240.740047361663
6057,-740.51805825815,240.365047361663
6058,-743.118058258149,240.365047361663
6059,-743.493058258149,240.740047361663
6060,-743.493058258149,242.640047361664
6061,-738.868058258149,243.015047361664
6062,-736.26805825815,243.015047361664
6063,-735.893058258149,242.640047361664
6064,-735.893058258149,240.740047361663
6065,-736.26805825815,240.365047361663
6066,-738.868058258149,240.365047361663
6067,-739.243058258149,240.740047361663
6068,-739.243058258149,242.640047361664
6069,-734.618058258149,243.015047361664
6070,-732.01805825815,243.015047361664
6071,-731.64305825815,242.640047361664
6072,-731.64305825815,240.740047361663
6073,-732.01805825815,240.365047361663
6074,-734.618058258149,240.365047361663
6075,-734.993058258149,240.740047361663
6076,-734.993058258149,242.640047361664
6077,-730.368058258149,243.015047361664
6078,-727.76805825815,243.015047361664
6079,-727.393058258149,242.640047361664
6080,-727.393058258149,240.740047361663
6081,-727.76805825815,240.365047361663
6082,-730.368058258149,240.365047361663
6083,-730.743058258149,240.740047361663
6084,-730.743058258149,242.640047361664
6085,-726.118058258149,243.015047361664
6086,-723.51805825815,243.015047361664
6087,-723.14305825815,242.640047361664
6088,-723.14305825815,240.740047361663
6089,-723.51805825815,240.365047361663
6090,-726.118058258149,240.365047361663
6091,-726.493058258149,240.740047361663
6092,-726.493058258149,242.640047361664
6093,-721.868058258149,243.015047361664
6094,-719.26805825815,243.015047361664
6095,-718.893058258149,242.640047361664
6096,-718.893058258149,240.740047361663
6097,-719.26805825815,240.365047361663
6098,-721.868058258149,240.365047361663
6099,-722.243058258149,240.740047361663
6100,-722.243058258149,242.640047361664
6101,-717.618058258149,243.015047361664
6102,-715.01805825815,243.015047361664
6103,-714.64305825815,242.640047361664
6104,-714.64305825815,240.740047361663
6105,-715.01805825815,240.365047361663
6106,-717.618058258149,240.365047361663
6107,-717.993058258149,240.740047361663
6108,-717.993058258149,242.640047361664
6109,-713.368058258149,243.015047361664
6110,-710.76805825815,243.015047361664
6111,-710.39305825815,242.640047361664
6112,-710.39305825815,240.740047361663
6113,-710.76805825815,240.365047361663
6114,-713.368058258149,240.365047361663
6115,-713.743058258149,240.740047361663
6116,-713.743058258149,242.640047361664
6117,-709.118058258149,243.015047361664
6118,-706.51805825815,243.015047361664
6119,-706.14305825815,242.640047361664
6120,-706.14305825815,240.740047361663
6121,-706.51805825815,240.365047361663
6122,-709.118058258149,240.365047361663
6123,-709.493058258149,240.740047361663
6124,-709.493058258149,242.640047361664
6125,-704.868058258149,243.015047361664
6126,-702.26805825815,243.015047361664
6127,-701.89305825815,242.640047361664
6128,-701.89305825815,240.740047361663
6129,-702.26805825815,240.365047361663
6130,-704.868058258149,240.365047361663
6131,-705.243058258149,240.740047361663
6132,-705.243058258149,242.640047361664
6133,-700.618058258149,243.015047361664
6134,-698.01805825815,243.015047361664
6135,-697.64305825815,242.640047361664
6136,-697.64305825815,240.740047361663
6137,-698.01805825815,240.365047361663
6138,-700.618058258149,240.365047361663
6139,-700.993058258149,240.740047361663
6140,-700.993058258149,242.640047361664
6141,-696.368058258149,243.015047361664
6142,-693.76805825815,243.015047361664
6143,-693.39305825815,242.640047361664
6144,-693.39305825815,240.740047361663
6145,-693.76805825815,240.365047361663
6146,-696.368058258149,240.365047361663
6147,-696.743058258149,240.740047361663
6148,-696.743058258149,242.640047361664
6149,-692.118058258149,243.015047361664
6150,-689.51805825815,243.015047361664
6151,-689.14305825815,242.640047361664
6152,-689.14305825815,240.740047361663
6153,-689.51805825815,240.365047361663
6154,-692.118058258149,240.365047361663
6155,-692.493058258149,240.740047361663
6156,-692.493058258149,242.640047361664
6157,-687.868058258149,243.015047361664
6158,-685.26805825815,243.015047361664
6159,-684.89305825815,242.640047361664
6160,-684.89305825815,240.740047361663
6161,-685.26805825815,240.365047361663
6162,-687.868058258149,240.365047361663
6163,-688.243058258149,240.740047361663
6164,-688.243058258149,242.640047361664
6165,-683.618058258149,243.015047361664
6166,-681.01805825815,243.015047361664
6167,-680.64305825815,242.640047361664
6168,-680.64305825815,240.740047361663
6169,-681.01805825815,240.365047361663
6170,-683.618058258149,240.365047361663
6171,-683.993058258149,240.740047361663
6172,-683.993058258149,242.640047361664
6173,-679.368058258149,243.015047361664
6174,-676.76805825815,243.015047361664
6175,-676.39305825815,242.640047361664
6176,-676.39305825815,240.740047361663
6177,-676.76805825815,240.365047361663
6178,-679.368058258149,240.365047361663
6179,-679.743058258149,240.740047361663
6180,-679.743058258149,242.640047361664
6181,-675.118058258149,243.015047361664
6182,-672.51805825815,243.015047361664
6183,-672.14305825815,242.640047361664
6184,-672.14305825815,240.740047361663
6185,-672.51805825815,240.365047361663
6186,-675.118058258149,240.365047361663
6187,-675.493058258149,240.740047361663
6188,-675.493058258149,242.640047361664
6189,-670.868058258149,243.015047361664
6190,-668.26805825815,243.015047361664
6191,-667.89305825815,242.640047361664
6192,-667.89305825815,240.740047361663
6193,-668.26805825815,240.365047361663
6194,-670.868058258149,240.365047361663
6195,-671.243058258149,240.740047361663
6196,-671.243058258149,242.640047361664
6197,-666.618058258149,243.015047361664
6198,-664.01805825815,243.015047361664
6199,-663.64305825815,242.640047361664
6200,-663.64305825815,240.740047361663
6201,-664.01805825815,240.365047361663
6202,-666.618058258149,240.365047361663
6203,-666.993058258149,240.740047361663
6204,-666.993058258149,242.640047361664
6205,-666.618058258149,239.465047361664
6206,-664.01805825815,239.465047361664
6207,-663.64305825815,239.090047361664
6208,-663.64305825815,237.190047361663
6209,-664.01805825815,236.815047361663
6210,-666.618058258149,236.815047361663
6211,-666.993058258149,237.190047361663
6212,-666.993058258149,239.090047361664
6213,-670.868058258149,239.465047361664
6214,-668.26805825815,239.465047361664
6215,-667.89305825815,239.090047361664
6216,-667.89305825815,237.190047361663
6217,-668.26805825815,236.815047361663
6218,-670.868058258149,236.815047361663
6219,-671.243058258149,237.190047361663
6220,-671.243058258149,239.090047361664
6221,-675.118058258149,239.465047361664
6222,-672.51805825815,239.465047361664
6223,-672.14305825815,239.090047361664
6224,-672.14305825815,237.190047361663
6225,-672.51805825815,236.815047361663
6226,-675.118058258149,236.815047361663
6227,-675.493058258149,237.190047361663
6228,-675.493058258149,239.090047361664
6229,-679.368058258149,239.465047361664
6230,-676.76805825815,239.465047361664
6231,-676.39305825815,239.090047361664
6232,-676.39305825815,237.190047361663
6233,-676.76805825815,236.815047361663
6234,-679.368058258149,236.815047361663
6235,-679.743058258149,237.190047361663
6236,-679.743058258149,239.090047361664
6237,-683.618058258149,239.465047361664
6238,-681.01805825815,239.465047361664
6239,-680.64305825815,239.090047361664
6240,-680.64305825815,237.190047361663
6241,-681.01805825815,236.815047361663
6242,-683.618058258149,236.815047361663
6243,-683.993058258149,237.190047361663
6244,-683.993058258149,239.090047361664
6245,-687.868058258149,239.465047361664
6246,-685.26805825815,239.465047361664
6247,-684.89305825815,239.090047361664
6248,-684.89305825815,237.190047361663
6249,-685.26805825815,236.815047361663
6250,-687.868058258149,236.815047361663
6251,-688.243058258149,237.190047361663
6252,-688.243058258149,239.090047361664
6253,-692.118058258149,239.465047361664
6254,-689.51805825815,239.465047361664
6255,-689.14305825815,239.090047361664
6256,-689.14305825815,237.190047361663
6257,-689.51805825815,236.815047361663
6258,-692.118058258149,236.815047361663
6259,-692.493058258149,237.190047361663
6260,-692.493058258149,239.090047361664
6261,-696.368058258149,239.465047361664
6262,-693.76805825815,239.465047361664
6263,-693.39305825815,239.090047361664
6264,-693.39305825815,237.190047361663
6265,-693.76805825815,236.815047361663
6266,-696.368058258149,236.815047361663
6267,-696.743058258149,237.190047361663
6268,-696.743058258149,239.090047361664
6269,-700.618058258149,239.465047361664
6270,-698.01805825815,239.465047361664
6271,-697.64305825815,239.090047361664
6272,-697.64305825815,237.190047361663
6273,-698.01805825815,236.815047361663
6274,-700.618058258149,236.815047361663
6275,-700.993058258149,237.190047361663
6276,-700.993058258149,239.090047361664
6277,-704.868058258149,239.465047361664
6278,-702.26805825815,239.465047361664
6279,-701.89305825815,239.090047361664
6280,-701.89305825815,237.190047361663
6281,-702.26805825815,236.815047361663
6282,-704.868058258149,236.815047361663
6283,-705.243058258149,237.190047361663
6284,-705.243058258149,239.090047361664
6285,-709.118058258149,239.465047361664
6286,-706.51805825815,239.465047361664
6287,-706.14305825815,239.090047361664
6288,-706.14305825815,237.190047361663
6289,-706.51805825815,236.815047361663
6290,-709.118058258149,236.815047361663
6291,-709.493058258149,237.190047361663
6292,-709.493058258149,239.090047361664
6293,-713.368058258149,239.465047361664
6294,-710.76805825815,239.465047361664
6295,-710.39305825815,239.090047361664
6296,-710.39305825815,237.190047361663
6297,-710.76805825815,236.815047361663
6298,-713.368058258149,236.815047361663
6299,-713.743058258149,237.190047361663
6300,-713.743058258149,239.090047361664
6301,-717.618058258149,239.465047361664
6302,-715.01805825815,239.465047361664
6303,-714.64305825815,239.090047361664
6304,-714.64305825815,237.190047361663
6305,-715.01805825815,236.815047361663
6306,-717.618058258149,236.815047361663
6307,-717.993058258149,237.190047361663
6308,-717.993058258149,239.090047361664
6309,-721.868058258149,239.465047361664
6310,-719.26805825815,239.465047361664
6311,-718.893058258149,239.090047361664
6312,-718.893058258149,237.190047361663
6313,-719.26805825815,236.815047361663
6314,-721.868058258149,236.815047361663
6315,-722.243058258149,237.190047361663
6316,-722.243058258149,239.090047361664
6317,-726.118058258149,239.465047361664
6318,-723.51805825815,239.465047361664
6319,-723.14305825815,239.090047361664
6320,-723.14305825815,237.190047361663
6321,-723.51805825815,236.815047361663
6322,-726.118058258149,236.815047361663
6323,-726.493058258149,237.190047361663
6324,-726.493058258149,239.090047361664
6325,-730.368058258149,239.465047361664
6326,-727.76805825815,239.465047361664
6327,-727.393058258149,239.090047361664
6328,-727.393058258149,237.190047361663
6329,-727.76805825815,236.815047361663
6330,-730.368058258149,236.815047361663
6331,-730.743058258149,237.190047361663
6332,-730.743058258149,239.090047361664
6333,-734.618058258149,239.465047361664
6334,-732.01805825815,239.465047361664
6335,-731.64305825815,239.090047361664
6336,-731.64305825815,237.190047361663
6337,-732.01805825815,236.815047361663
6338,-734.618058258149,236.815047361663
6339,-734.993058258149,237.190047361663
6340,-734.993058258149,239.090047361664
6341,-738.868058258149,239.465047361664
6342,-736.26805825815,239.465047361664
6343,-735.893058258149,239.090047361664
6344,-735.893058258149,237.190047361663
6345,-736.26805825815,236.815047361663
6346,-738.868058258149,236.815047361663
6347,-739.243058258149,237.190047361663
6348,-739.243058258149,239.090047361664
6349,-743.118058258149,239.465047361664
6350,-740.51805825815,239.465047361664
6351,-740.14305825815,239.090047361664
6352,-740.14305825815,237.190047361663
6353,-740.51805825815,236.815047361663
6354,-743.118058258149,236.815047361663
6355,-743.493058258149,237.190047361663
6356,-743.493058258149,239.090047361664
6357,-747.368058258149,239.465047361664
6358,-744.76805825815,239.465047361664
6359,-744.393058258149,239.090047361664
6360,-744.393058258149,237.190047361663
6361,-744.76805825815,236.815047361663
6362,-747.368058258149,236.815047361663
6363,-747.743058258149,237.190047361663
6364,-747.743058258149,239.090047361664
6365,-751.618058258149,239.465047361664
6366,-749.01805825815,239.465047361664
6367,-748.64305825815,239.090047361664
6368,-748.64305825815,237.190047361663
6369,-749.01805825815,236.815047361663
6370,-751.618058258149,236.815047361663
6371,-751.993058258149,237.190047361663
6372,-751.993058258149,239.090047361664
6373,-755.868058258149,239.465047361664
6374,-753.26805825815,239.465047361664
6375,-752.893058258149,239.090047361664
6376,-752.893058258149,237.190047361663
6377,-753.26805825815,236.815047361663
6378,-755.868058258149,236.815047361663
6379,-756.243058258149,237.190047361663
6380,-756.243058258149,239.090047361664
6381,-760.118058258149,239.465047361664
6382,-757.51805825815,239.465047361664
6383,-757.14305825815,239.090047361664
6384,-757.14305825815,237.190047361663
6385,-757.51805825815,236.815047361663
6386,-760.118058258149,236.815047361663
6387,-760.493058258149,237.190047361663
6388,-760.493058258149,239.090047361664
6389,-764.368058258149,239.465047361664
6390,-761.76805825815,239.465047361664
6391,-761.393058258149,239.090047361664
6392,-761.393058258149,237.190047361663
6393,-761.76805825815,236.815047361663
6394,-764.368058258149,236.815047361663
6395,-764.743058258149,237.190047361663
6396,-764.743058258149,239.090047361664
6397,-768.618058258149,239.465047361664
6398,-766.01805825815,239.465047361664
6399,-765.64305825815,239.090047361664
6400,-765.64305825815,237.190047361663
6401,-766.01805825815,236.815047361663
6402,-768.618058258149,236.815047361663
6403,-768.993058258149,237.190047361663
6404,-768.993058258149,239.090047361664
6405,-768.618058258149,235.915047361664
6406,-766.01805825815,235.915047361664
6407,-765.64305825815,235.540047361664
6408,-765.64305825815,233.640047361663
6409,-766.01805825815,233.265047361663
6410,-768.618058258149,233.265047361663
6411,-768.993058258149,233.640047361663
6412,-768.993058258149,235.540047361664
6413,-764.368058258149,235.915047361664
6414,-761.76805825815,235.915047361664
6415,-761.393058258149,235.540047361664
6416,-761.393058258149,233.640047361663
6417,-761.76805825815,233.265047361663
6418,-764.368058258149,233.265047361663
6419,-764.743058258149,233.640047361663
6420,-764.743058258149,235.540047361664
6421,-760.118058258149,235.915047361664
6422,-757.51805825815,235.915047361664
6423,-757.14305825815,235.540047361664
6424,-757.14305825815,233.640047361663
6425,-757.51805825815,233.265047361663
6426,-760.118058258149,233.265047361663
6427,-760.493058258149,233.640047361663
6428,-760.493058258149,235.540047361664
6429,-755.868058258149,235.915047361664
6430,-753.26805825815,235.915047361664
6431,-752.893058258149,235.540047361664
6432,-752.893058258149,233.640047361663
6433,-753.26805825815,233.265047361663
6434,-755.868058258149,233.265047361663
6435,-756.243058258149,233.640047361663
6436,-756.243058258149,235.540047361664
6437,-751.618058258149,235.915047361664
6438,-749.01805825815,235.915047361664
6439,-748.64305825815,235.540047361664
6440,-748.64305825815,233.640047361663
6441,-749.01805825815,233.265047361663
6442,-751.618058258149,233.265047361663
6443,-751.993058258149,233.640047361663
6444,-751.993058258149,235.540047361664
6445,-747.368058258149,235.915047361664
6446,-744.76805825815,235.915047361664
6447,-744.393058258149,235.540047361664
6448,-744.393058258149,233.640047361663
6449,-744.76805825815,233.265047361663
6450,-747.368058258149,233.265047361663
6451,-747.743058258149,233.640047361663
6452,-747.743058258149,235.540047361664
6453,-743.118058258149,235.915047361664
6454,-740.51805825815,235.915047361664
6455,-740.14305825815,235.540047361664
6456,-740.14305825815,233.640047361663
6457,-740.51805825815,233.265047361663
6458,-743.118058258149,233.265047361663
6459,-743.493058258149,233.640047361663
6460,-743.493058258149,235.540047361664
6461,-738.868058258149,235.915047361664
6462,-736.26805825815,235.915047361664
6463,-735.893058258149,235.540047361664
6464,-735.893058258149,233.640047361663
6465,-736.26805825815,233.265047361663
6466,-738.868058258149,233.265047361663
6467,-739.243058258149,233.640047361663
6468,-739.243058258149,235.540047361664
6469,-734.618058258149,235.915047361664
6470,-732.01805825815,235.915047361664
6471,-731.64305825815,235.540047361664
6472,-731.64305825815,233.640047361663
6473,-732.01805825815,233.265047361663
6474,-734.618058258149,233.265047361663
6475,-734.993058258149,233.640047361663
6476,-734.993058258149,235.540047361664
6477,-730.368058258149,235.915047361664
6478,-727.76805825815,235.915047361664
6479,-727.393058258149,235.540047361664
6480,-727.393058258149,233.640047361663
6481,-727.76805825815,233.265047361663
6482,-730.368058258149,233.265047361663
6483,-730.743058258149,233.640047361663
6484,-730.743058258149,235.540047361664
6485,-726.118058258149,235.915047361664
6486,-723.51805825815,235.915047361664
6487,-723.14305825815,235.540047361664
6488,-723.14305825815,233.640047361663
6489,-723.51805825815,233.265047361663
6490,-726.118058258149,233.265047361663
6491,-726.493058258149,233.640047361663
6492,-726.493058258149,235.540047361664
6493,-721.868058258149,235.915047361664
6494,-719.26805825815,235.915047361664
6495,-718.893058258149,235.540047361664
6496,-718.893058258149,233.640047361663
6497,-719.26805825815,233.265047361663
6498,-721.868058258149,233.265047361663
6499,-722.243058258149,233.640047361663
6500,-722.243058258149,235.540047361664
6501,-717.618058258149,235.915047361664
6502,-715.01805825815,235.915047361664
6503,-714.64305825815,235.540047361664
6504,-714.64305825815,233.640047361663
6505,-715.01805825815,233.265047361663
6506,-717.618058258149,233.265047361663
6507,-717.993058258149,233.640047361663
6508,-717.993058258149,235.540047361664
6509,-713.368058258149,235.915047361664
6510,-710.76805825815,235.915047361664
6511,-710.39305825815,235.540047361664
6512,-710.39305825815,233.640047361663
6513,-710.76805825815,233.265047361663
6514,-713.368058258149,233.265047361663
6515,-713.743058258149,233.640047361663
6516,-713.743058258149,235.540047361664
6517,-709.118058258149,235.915047361664
6518,-706.51805825815,235.915047361664
6519,-706.14305825815,235.540047361664
6520,-706.14305825815,233.640047361663
6521,-706.51805825815,233.265047361663
6522,-709.118058258149,233.265047361663
6523,-709.493058258149,233.640047361663
6524,-709.493058258149,235.540047361664
6525,-704.868058258149,235.915047361664
6526,-702.26805825815,235.915047361664
6527,-701.89305825815,235.540047361664
6528,-701.89305825815,233.640047361663
6529,-702.26805825815,233.265047361663
6530,-704.868058258149,233.265047361663
6531,-705.243058258149,233.640047361663
6532,-705.243058258149,235.540047361664
6533,-700.618058258149,235.915047361664
6534,-698.01805825815,235.915047361664
6535,-697.64305825815,235.540047361664
6536,-697.64305825815,233.640047361663
6537,-698.01805825815,233.265047361663
6538,-700.618058258149,233.265047361663
6539,-700.993058258149,233.640047361663
6540,-700.993058258149,235.540047361664
6541,-696.368058258149,235.915047361664
6542,-693.76805825815,235.915047361664
6543,-693.39305825815,235.540047361664
6544,-693.39305825815,233.640047361663
6545,-693.76805825815,233.265047361663
6546,-696.368058258149,233.265047361663
6547,-696.743058258149,233.640047361663
6548,-696.743058258149,235.540047361664
6549,-692.118058258149,235.915047361664
6550,-689.51805825815,235.915047361664
6551,-689.14305825815,235.540047361664
6552,-689.14305825815,233.640047361663
6553,-689.51805825815,233.265047361663
6554,-692.118058258149,233.265047361663
6555,-692.493058258149,233.640047361663
6556,-692.493058258149,235.540047361664
6557,-687.868058258149,235.915047361664
6558,-685.26805825815,235.915047361664
6559,-684.89305825815,235.540047361664
6560,-684.89305825815,233.640047361663
6561,-685.26805825815,233.265047361663
6562,-687.868058258149,233.265047361663
6563,-688.243058258149,233.640047361663
6564,-688.243058258149,235.540047361664
6565,-683.618058258149,235.915047361664
6566,-681.01805825815,235.915047361664
6567,-680.64305825815,235.540047361664
6568,-680.64305825815,233.640047361663
6569,-681.01805825815,233.265047361663
6570,-683.618058258149,233.265047361663
6571,-683.993058258149,233.640047361663
6572,-683.993058258149,235.540047361664
6573,-679.368058258149,235.915047361664
6574,-676.76805825815,235.915047361664
6575,-676.39305825815,235.540047361664
6576,-676.39305825815,233.640047361663
6577,-676.76805825815,233.265047361663
6578,-679.368058258149,233.265047361663
6579,-679.743058258149,233.640047361663
6580,-679.743058258149,235.540047361664
6581,-675.118058258149,235.915047361664
6582,-672.51805825815,235.915047361664
6583,-672.14305825815,235.540047361664
6584,-672.14305825815,233.640047361663
6585,-672.51805825815,233.265047361663
6586,-675.118058258149,233.265047361663
6587,-675.493058258149,233.640047361663
6588,-675.493058258149,235.540047361664
6589,-670.868058258149,235.915047361664
6590,-668.26805825815,235.915047361664
6591,-667.89305825815,235.540047361664
6592,-667.89305825815,233.640047361663
6593,-668.26805825815,233.265047361663
6594,-670.868058258149,233.265047361663
6595,-671.243058258149,233.640047361663
6596,-671.243058258149,235.540047361664
6597,-666.618058258149,235.915047361664
6598,-664.01805825815,235.915047361664
6599,-663.64305825815,235.540047361664
6600,-663.64305825815,233.640047361663
6601,-664.01805825815,233.265047361663
6602,-666.618058258149,233.265047361663
6603,-666.993058258149,233.640047361663
6604,-666.993058258149,235.540047361664
6605,-666.618058258149,232.365047361664
6606,-664.01805825815,232.365047361664
6607,-663.64305825815,231.990047361664
6608,-663.64305825815,230.090047361663
6609,-664.01805825815,229.715047361663
6610,-666.618058258149,229.715047361663
6611,-666.993058258149,230.090047361663
6612,-666.993058258149,231.990047361664
6613,-670.868058258149,232.365047361664
6614,-668.26805825815,232.365047361664
6615,-667.89305825815,231.990047361664
6616,-667.89305825815,230.090047361663
6617,-668.26805825815,229.715047361663
6618,-670.868058258149,229.715047361663
6619,-671.243058258149,230.090047361663
6620,-671.243058258149,231.990047361664
6621,-675.118058258149,232.365047361664
6622,-672.51805825815,232.365047361664
6623,-672.14305825815,231.990047361664
6624,-672.14305825815,230.090047361663
6625,-672.51805825815,229.715047361663
6626,-675.118058258149,229.715047361663
6627,-675.493058258149,230.090047361663
6628,-675.493058258149,231.990047361664
6629,-679.368058258149,232.365047361664
6630,-676.76805825815,232.365047361664
6631,-676.39305825815,231.990047361664
6632,-676.39305825815,230.090047361663
6633,-676.76805825815,229.715047361663
6634,-679.368058258149,229.715047361663
6635,-679.743058258149,230.090047361663
6636,-679.743058258149,231.990047361664
6637,-683.618058258149,232.365047361664
6638,-681.01805825815,232.365047361664
6639,-680.64305825815,231.990047361664
6640,-680.64305825815,230.090047361663
6641,-681.01805825815,229.715047361663
6642,-683.618058258149,229.715047361663
6643,-683.993058258149,230.090047361663
6644,-683.993058258149,231.990047361664
6645,-687.868058258149,232.365047361664
6646,-685.26805825815,232.365047361664
6647,-684.89305825815,231.990047361664
6648,-684.89305825815,230.090047361663
6649,-685.26805825815,229.715047361663
6650,-687.868058258149,229.715047361663
6651,-688.243058258149,230.090047361663
6652,-688.243058258149,231.990047361664
6653,-692.118058258149,232.365047361664
6654,-689.51805825815,232.365047361664
6655,-689.14305825815,231.990047361664
6656,-689.14305825815,230.090047361663
6657,-689.51805825815,229.715047361663
6658,-692.118058258149,229.715047361663
6659,-692.493058258149,230.090047361663
6660,-692.493058258149,231.990047361664
6661,-696.368058258149,232.365047361664
6662,-693.76805825815,232.365047361664
6663,-693.39305825815,231.990047361664
6664,-693.39305825815,230.090047361663
6665,-693.76805825815,229.715047361663
6666,-696.368058258149,229.715047361663
6667,-696.743058258149,230.090047361663
6668,-696.743058258149,231.990047361664
6669,-700.618058258149,232.365047361664
6670,-698.01805825815,232.365047361664
6671,-697.64305825815,231.990047361664
6672,-697.64305825815,230.090047361663
6673,-698.01805825815,229.715047361663
6674,-700.618058258149,229.715047361663
6675,-700.993058258149,230.090047361663
6676,-700.993058258149,231.990047361664
6677,-704.868058258149,232.365047361664
6678,-702.26805825815,232.365047361664
6679,-701.89305825815,231.990047361664
6680,-701.89305825815,230.090047361663
6681,-702.26805825815,229.715047361663
6682,-704.868058258149,229.715047361663
6683,-705.243058258149,230.090047361663
6684,-705.243058258149,231.990047361664
6685,-709.118058258149,232.365047361664
6686,-706.51805825815,232.365047361664
6687,-706.14305825815,231.990047361664
6688,-706.14305825815,230.090047361663
6689,-706.51805825815,229.715047361663
6690,-709.118058258149,229.715047361663
6691,-709.493058258149,230.090047361663
6692,-709.493058258149,231.990047361664
6693,-713.368058258149,232.365047361664
6694,-710.76805825815,232.365047361664
6695,-710.39305825815,231.990047361664
6696,-710.39305825815,230.090047361663
6697,-710.76805825815,229.715047361663
6698,-713.368058258149,229.715047361663
6699,-713.743058258149,230.090047361663
6700,-713.743058258149,231.990047361664
6701,-717.618058258149,232.365047361664
6702,-715.01805825815,232.365047361664
6703,-714.64305825815,231.990047361664
6704,-714.64305825815,230.090047361663
6705,-715.01805825815,229.715047361663
6706,-717.618058258149,229.715047361663
6707,-717.993058258149,230.090047361663
6708,-717.993058258149,231.990047361664
6709,-721.868058258149,232.365047361664
6710,-719.26805825815,232.365047361664
6711,-718.893058258149,231.990047361664
6712,-718.893058258149,230.090047361663
6713,-719.26805825815,229.715047361663
6714,-721.868058258149,229.715047361663
6715,-722.243058258149,230.090047361663
6716,-722.243058258149,231.990047361664
6717,-726.118058258149,232.365047361664
6718,-723.51805825815,232.365047361664
6719,-723.14305825815,231.990047361664
6720,-723.14305825815,230.090047361663
6721,-723.51805825815,229.715047361663
6722,-726.118058258149,229.715047361663
6723,-726.493058258149,230.090047361663
6724,-726.493058258149,231.990047361664
6725,-730.368058258149,232.365047361664
6726,-727.76805825815,232.365047361664
6727,-727.393058258149,231.990047361664
6728,-727.393058258149,230.090047361663
6729,-727.76805825815,229.715047361663
6730,-730.368058258149,229.715047361663
6731,-730.743058258149,230.090047361663
6732,-730.743058258149,231.990047361664
6733,-734.618058258149,232.365047361664
6734,-732.01805825815,232.365047361664
6735,-731.64305825815,231.990047361664
6736,-731.64305825815,230.090047361663
6737,-732.01805825815,229.715047361663
6738,-734.618058258149,229.715047361663
6739,-734.993058258149,230.090047361663
6740,-734.993058258149,231.990047361664
6741,-738.868058258149,232.365047361664
6742,-736.26805825815,232.365047361664
6743,-735.893058258149,231.990047361664
6744,-735.893058258149,230.090047361663
6745,-736.26805825815,229.715047361663
6746,-738.868058258149,229.715047361663
6747,-739.243058258149,230.090047361663
6748,-739.243058258149,231.990047361664
6749,-743.118058258149,232.365047361664
6750,-740.51805825815,232.365047361664
6751,-740.14305825815,231.990047361664
6752,-740.14305825815,230.090047361663
6753,-740.51805825815,229.715047361663
6754,-743.118058258149,229.715047361663
6755,-743.493058258149,230.090047361663
6756,-743.493058258149,231.990047361664
6757,-747.368058258149,232.365047361664
6758,-744.76805825815,232.365047361664
6759,-744.393058258149,231.990047361664
6760,-744.393058258149,230.090047361663
6761,-744.76805825815,229.715047361663
6762,-747.368058258149,229.715047361663
6763,-747.743058258149,230.090047361663
6764,-747.743058258149,231.990047361664
6765,-751.618058258149,232.365047361664
6766,-749.01805825815,232.365047361664
6767,-748.64305825815,231.990047361664
6768,-748.64305825815,230.090047361663
6769,-749.01805825815,229.715047361663
6770,-751.618058258149,229.715047361663
6771,-751.993058258149,230.090047361663
6772,-751.993058258149,231.990047361664
6773,-755.868058258149,232.365047361664
6774,-753.26805825815,232.365047361664
6775,-752.893058258149,231.990047361664
6776,-752.893058258149,230.090047361663
6777,-753.26805825815,229.715047361663
6778,-755.868058258149,229.715047361663
6779,-756.243058258149,230.090047361663
6780,-756.243058258149,231.990047361664
6781,-760.118058258149,232.365047361664
6782,-757.51805825815,232.365047361664
6783,-757.14305825815,231.990047361664
6784,-757.14305825815,230.090047361663
6785,-757.51805825815,229.715047361663
6786,-760.118058258149,229.715047361663
6787,-760.493058258149,230.090047361663
6788,-760.493058258149,231.990047361664
6789,-764.368058258149,232.365047361664
6790,-761.76805825815,232.365047361664
6791,-761.393058258149,231.990047361664
6792,-761.393058258149,230.090047361663
6793,-761.76805825815,229.715047361663
6794,-764.368058258149,229.715047361663
6795,-764.743058258149,230.090047361663
6796,-764.743058258149,231.990047361664
6797,-768.618058258149,232.365047361664
6798,-766.01805825815,232.365047361664
6799,-765.64305825815,231.990047361664
6800,-765.64305825815,230.090047361663
6801,-766.01805825815,229.715047361663
6802,-768.618058258149,229.715047361663
6803,-768.993058258149,230.090047361663
6804,-768.993058258149,231.990047361664
6805,-768.618058258149,228.815047361664
6806,-766.01805825815,228.815047361664
6807,-765.64305825815,228.440047361664
6808,-765.64305825815,226.540047361663
6809,-766.01805825815,226.165047361663
6810,-768.618058258149,226.165047361663
6811,-768.993058258149,226.540047361663
6812,-768.993058258149,228.440047361664
6813,-764.368058258149,228.815047361664
6814,-761.76805825815,228.815047361664
6815,-761.393058258149,228.440047361664
6816,-761.393058258149,226.540047361663
6817,-761.76805825815,226.165047361663
6818,-764.368058258149,226.165047361663
6819,-764.743058258149,226.540047361663
6820,-764.743058258149,228.440047361664
6821,-760.118058258149,228.815047361664
6822,-757.51805825815,228.815047361664
6823,-757.14305825815,228.440047361664
6824,-757.14305825815,226.540047361663
6825,-757.51805825815,226.165047361663
6826,-760.118058258149,226.165047361663
6827,-760.493058258149,226.540047361663
6828,-760.493058258149,228.440047361664
6829,-755.868058258149,228.815047361664
6830,-753.26805825815,228.815047361664
6831,-752.893058258149,228.440047361664
6832,-752.893058258149,226.540047361663
6833,-753.26805825815,226.165047361663
6834,-755.868058258149,226.165047361663
6835,-756.243058258149,226.540047361663
6836,-756.243058258149,228.440047361664
6837,-751.618058258149,228.815047361664
6838,-749.01805825815,228.815047361664
6839,-748.64305825815,228.440047361664
6840,-748.64305825815,226.540047361663
6841,-749.01805825815,226.165047361663
6842,-751.618058258149,226.165047361663
6843,-751.993058258149,226.540047361663
6844,-751.993058258149,228.440047361664
6845,-747.368058258149,228.815047361664
6846,-744.76805825815,228.815047361664
6847,-744.393058258149,228.440047361664
6848,-744.393058258149,226.540047361663
6849,-744.76805825815,226.165047361663
6850,-747.368058258149,226.165047361663
6851,-747.743058258149,226.540047361663
6852,-747.743058258149,228.440047361664
6853,-743.118058258149,228.815047361664
6854,-740.51805825815,228.815047361664
6855,-740.14305825815,228.440047361664
6856,-740.14305825815,226.540047361663
6857,-740.51805825815,226.165047361663
6858,-743.118058258149,226.165047361663
6859,-743.493058258149,226.540047361663
6860,-743.493058258149,228.440047361664
6861,-738.868058258149,228.815047361664
6862,-736.26805825815,228.815047361664
6863,-735.893058258149,228.440047361664
6864,-735.893058258149,226.540047361663
6865,-736.26805825815,226.165047361663
6866,-738.868058258149,226.165047361663
6867,-739.243058258149,226.540047361663
6868,-739.243058258149,228.440047361664
6869,-734.618058258149,228.815047361664
6870,-732.01805825815,228.815047361664
6871,-731.64305825815,228.440047361664
6872,-731.64305825815,226.540047361663
6873,-732.01805825815,226.165047361663
6874,-734.618058258149,226.165047361663
6875,-734.993058258149,226.540047361663
6876,-734.993058258149,228.440047361664
6877,-730.368058258149,228.815047361664
6878,-727.76805825815,228.815047361664
6879,-727.393058258149,228.440047361664
6880,-727.393058258149,226.540047361663
6881,-727.76805825815,226.165047361663
6882,-730.368058258149,226.165047361663
6883,-730.743058258149,226.540047361663
6884,-730.743058258149,228.440047361664
6885,-726.118058258149,228.815047361664
6886,-723.51805825815,228.815047361664
6887,-723.14305825815,228.440047361664
6888,-723.14305825815,226.540047361663
6889,-723.51805825815,226.165047361663
6890,-726.118058258149,226.165047361663
6891,-726.493058258149,226.540047361663
6892,-726.493058258149,228.440047361664
6893,-721.868058258149,228.815047361664
6894,-719.26805825815,228.815047361664
6895,-718.893058258149,228.440047361664
6896,-718.893058258149,226.540047361663
6897,-719.26805825815,226.165047361663
6898,-721.868058258149,226.165047361663
6899,-722.243058258149,226.540047361663
6900,-722.243058258149,228.440047361664
6901,-717.618058258149,228.815047361664
6902,-715.01805825815,228.815047361664
6903,-714.64305825815,228.440047361664
6904,-714.64305825815,226.540047361663
6905,-715.01805825815,226.165047361663
6906,-717.618058258149,226.165047361663
6907,-717.993058258149,226.540047361663
6908,-717.993058258149,228.440047361664
6909,-713.368058258149,228.815047361664
6910,-710.76805825815,228.815047361664
6911,-710.39305825815,228.440047361664
6912,-710.39305825815,226.540047361663
6913,-710.76805825815,226.165047361663
6914,-713.368058258149,226.165047361663
6915,-713.743058258149,226.540047361663
6916,-713.743058258149,228.440047361664
6917,-709.118058258149,228.815047361664
6918,-706.51805825815,228.815047361664
6919,-706.14305825815,228.440047361664
6920,-706.14305825815,226.540047361663
6921,-706.51805825815,226.165047361663
6922,-709.118058258149,226.165047361663
6923,-709.493058258149,226.540047361663
6924,-709.493058258149,228.440047361664
6925,-704.868058258149,228.815047361664
6926,-702.26805825815,228.815047361664
6927,-701.89305825815,228.440047361664
6928,-701.89305825815,226.540047361663
6929,-702.26805825815,226.165047361663
6930,-704.868058258149,226.165047361663
6931,-705.243058258149,226.540047361663
6932,-705.243058258149,228.440047361664
6933,-700.618058258149,228.815047361664
6934,-698.01805825815,228.815047361664
6935,-697.64305825815,228.440047361664
6936,-697.64305825815,226.540047361663
6937,-698.01805825815,226.165047361663
6938,-700.618058258149,226.165047361663
6939,-700.993058258149,226.540047361663
6940,-700.993058258149,228.440047361664
6941,-696.368058258149,228.815047361664
6942,-693.76805825815,228.815047361664
6943,-693.39305825815,228.440047361664
6944,-693.39305825815,226.540047361663
6945,-693.76805825815,226.165047361663
6946,-696.368058258149,226.165047361663
6947,-696.743058258149,226.540047361663
6948,-696.743058258149,228.440047361664
6949,-692.118058258149,228.815047361664
6950,-689.51805825815,228.815047361664
6951,-689.14305825815,228.440047361664
6952,-689.14305825815,226.540047361663
6953,-689.51805825815,226.165047361663
6954,-692.118058258149,226.165047361663
6955,-692.493058258149,226.540047361663
6956,-692.493058258149,228.440047361664
6957,-687.868058258149,228.815047361664
6958,-685.26805825815,228.815047361664
6959,-684.89305825815,228.440047361664
6960,-684.89305825815,226.540047361663
6961,-685.26805825815,226.165047361663
6962,-687.868058258149,226.165047361663
6963,-688.243058258149,226.540047361663
6964,-688.243058258149,228.440047361664
6965,-683.618058258149,228.815047361664
6966,-681.01805825815,228.815047361664
6967,-680.64305825815,228.440047361664
6968,-680.64305825815,226.540047361663
6969,-681.01805825815,226.165047361663
6970,-683.618058258149,226.165047361663
6971,-683.993058258149,226.540047361663
6972,-683.993058258149,228.440047361664
6973,-679.368058258149,228.815047361664
6974,-676.76805825815,228.815047361664
6975,-676.39305825815,228.440047361664
6976,-676.39305825815,226.540047361663
6977,-676.76805825815,226.165047361663
6978,-679.368058258149,226.165047361663
6979,-679.743058258149,226.540047361663
6980,-679.743058258149,228.440047361664
6981,-675.118058258149,228.815047361664
6982,-672.51805825815,228.815047361664
6983,-672.14305825815,228.440047361664
6984,-672.14305825815,226.540047361663
6985,-672.51805825815,226.165047361663
6986,-675.118058258149,226.165047361663
6987,-675.493058258149,226.540047361663
6988,-675.493058258149,228.440047361664
6989,-670.868058258149,228.815047361664
6990,-668.26805825815,228.815047361664
6991,-667.89305825815,228.440047361664
6992,-667.89305825815,226.540047361663
6993,-668.26805825815,226.165047361663
6994,-670.868058258149,226.165047361663
6995,-671.243058258149,226.540047361663
6996,-671.243058258149,228.440047361664
6997,-666.618058258149,228.815047361664
6998,-664.01805825815,228.815047361664
6999,-663.64305825815,228.440047361664
7000,-663.64305825815,226.540047361663
7001,-664.01805825815,226.165047361663
7002,-666.618058258149,226.165047361663
7003,-666.993058258149,226.540047361663
7004,-666.993058258149,228.440047361664
7005,-666.618058258149,225.265047361664
7006,-664.01805825815,225.265047361664
7007,-663.64305825815,224.890047361664
7008,-663.64305825815,222.990047361663
7009,-664.01805825815,222.615047361663
7010,-666.618058258149,222.615047361663
7011,-666.993058258149,222.990047361663
7012,-666.993058258149,224.890047361664
7013,-670.868058258149,225.265047361664
7014,-668.26805825815,225.265047361664
7015,-667.89305825815,224.890047361664
7016,-667.89305825815,222.990047361663
7017,-668.26805825815,222.615047361663
7018,-670.868058258149,222.615047361663
7019,-671.243058258149,222.990047361663
7020,-671.243058258149,224.890047361664
7021,-675.118058258149,225.265047361664
7022,-672.51805825815,225.265047361664
7023,-672.14305825815,224.890047361664
7024,-672.14305825815,222.990047361663
7025,-672.51805825815,222.615047361663
7026,-675.118058258149,222.615047361663
7027,-675.493058258149,222.990047361663
7028,-675.493058258149,224.890047361664
7029,-679.368058258149,225.265047361664
7030,-676.76805825815,225.265047361664
7031,-676.39305825815,224.890047361664
7032,-676.39305825815,222.990047361663
7033,-676.76805825815,222.615047361663
7034,-679.368058258149,222.615047361663
7035,-679.743058258149,222.990047361663
7036,-679.743058258149,224.890047361664
7037,-683.618058258149,225.265047361664
7038,-681.01805825815,225.265047361664
7039,-680.64305825815,224.890047361664
7040,-680.64305825815,222.990047361663
7041,-681.01805825815,222.615047361663
7042,-683.618058258149,222.615047361663
7043,-683.993058258149,222.990047361663
7044,-683.993058258149,224.890047361664
7045,-687.868058258149,225.265047361664
7046,-685.26805825815,225.265047361664
7047,-684.89305825815,224.890047361664
7048,-684.89305825815,222.990047361663
7049,-685.26805825815,222.615047361663
7050,-687.868058258149,222.615047361663
7051,-688.243058258149,222.990047361663
7052,-688.243058258149,224.890047361664
7053,-692.118058258149,225.265047361664
7054,-689.51805825815,225.265047361664
7055,-689.14305825815,224.890047361664
7056,-689.14305825815,222.990047361663
7057,-689.51805825815,222.615047361663
7058,-692.118058258149,222.615047361663
7059,-692.493058258149,222.990047361663
7060,-692.493058258149,224.890047361664
7061,-696.368058258149,225.265047361664
7062,-693.76805825815,225.265047361664
7063,-693.39305825815,224.890047361664
7064,-693.39305825815,222.990047361663
7065,-693.76805825815,222.615047361663
7066,-696.368058258149,222.615047361663
7067,-696.743058258149,222.990047361663
7068,-696.743058258149,224.890047361664
7069,-700.618058258149,225.265047361664
7070,-698.01805825815,225.265047361664
7071,-697.64305825815,224.890047361664
7072,-697.64305825815,222.990047361663
7073,-698.01805825815,222.615047361663
7074,-700.618058258149,222.615047361663
7075,-700.993058258149,222.990047361663
7076,-700.993058258149,224.890047361664
7077,-704.868058258149,225.265047361664
7078,-702.26805825815,225.265047361664
7079,-701.89305825815,224.890047361664
7080,-701.89305825815,222.990047361663
7081,-702.26805825815,222.615047361663
7082,-704.868058258149,222.615047361663
7083,-705.243058258149,222.990047361663
7084,-705.243058258149,224.890047361664
7085,-709.118058258149,225.265047361664
7086,-706.51805825815,225.265047361664
7087,-706.14305825815,224.890047361664
7088,-706.14305825815,222.990047361663
7089,-706.51805825815,222.615047361663
7090,-709.118058258149,222.615047361663
7091,-709.493058258149,222.990047361663
7092,-709.493058258149,224.890047361664
7093,-713.368058258149,225.265047361664
7094,-710.76805825815,225.265047361664
7095,-710.39305825815,224.890047361664
7096,-710.39305825815,222.990047361663
7097,-710.76805825815,222.615047361663
7098,-713.368058258149,222.615047361663
7099,-713.743058258149,222.990047361663
7100,-713.743058258149,224.890047361664
7101,-717.618058258149,225.265047361664
7102,-715.01805825815,225.265047361664
7103,-714.64305825815,224.890047361664
7104,-714.64305825815,222.990047361663
7105,-715.01805825815,222.615047361663
7106,-717.618058258149,222.615047361663
7107,-717.993058258149,222.990047361663
7108,-717.993058258149,224.890047361664
7109,-721.868058258149,225.265047361664
7110,-719.26805825815,225.265047361664
7111,-718.893058258149,224.890047361664
7112,-718.893058258149,222.990047361663
7113,-719.26805825815,222.615047361663
7114,-721.868058258149,222.615047361663
7115,-722.243058258149,222.990047361663
7116,-722.243058258149,224.890047361664
7117,-726.118058258149,225.265047361664
7118,-723.51805825815,225.265047361664
7119,-723.14305825815,224.890047361664
7120,-723.14305825815,222.990047361663
7121,-723.51805825815,222.615047361663
7122,-726.118058258149,222.615047361663
7123,-726.493058258149,222.990047361663
7124,-726.493058258149,224.890047361664
7125,-730.368058258149,225.265047361664
7126,-727.76805825815,225.265047361664
7127,-727.393058258149,224.890047361664
7128,-727.393058258149,222.990047361663
7129,-727.76805825815,222.615047361663
7130,-730.368058258149,222.615047361663
7131,-730.743058258149,222.990047361663
7132,-730.743058258149,224.890047361664
7133,-734.618058258149,225.265047361664
7134,-732.01805825815,225.265047361664
7135,-731.64305825815,224.890047361664
7136,-731.64305825815,222.990047361663
7137,-732.01805825815,222.615047361663
7138,-734.618058258149,222.615047361663
7139,-734.993058258149,222.990047361663
7140,-734.993058258149,224.890047361664
7141,-738.868058258149,225.265047361664
7142,-736.26805825815,225.265047361664
7143,-735.893058258149,224.890047361664
7144,-735.893058258149,222.990047361663
7145,-736.26805825815,222.615047361663
7146,-738.868058258149,222.615047361663
7147,-739.243058258149,222.990047361663
7148,-739.243058258149,224.890047361664
7149,-743.118058258149,225.265047361664
7150,-740.51805825815,225.265047361664
7151,-740.14305825815,224.890047361664
7152,-740.14305825815,222.990047361663
7153,-740.51805825815,222.615047361663
7154,-743.118058258149,222.615047361663
7155,-743.493058258149,222.990047361663
7156,-743.493058258149,224.890047361664
7157,-747.368058258149,225.265047361664
7158,-744.76805825815,225.265047361664
7159,-744.393058258149,224.890047361664
7160,-744.393058258149,222.990047361663
7161,-744.76805825815,222.615047361663
7162,-747.368058258149,222.615047361663
7163,-747.743058258149,222.990047361663
7164,-747.743058258149,224.890047361664
7165,-751.618058258149,225.265047361664
7166,-749.01805825815,225.265047361664
7167,-748.64305825815,224.890047361664
7168,-748.64305825815,222.990047361663
7169,-749.01805825815,222.615047361663
7170,-751.618058258149,222.615047361663
7171,-751.993058258149,222.990047361663
7172,-751.993058258149,224.890047361664
7173,-755.868058258149,225.265047361664
7174,-753.26805825815,225.265047361664
7175,-752.893058258149,224.890047361664
7176,-752.893058258149,222.990047361663
7177,-753.26805825815,222.615047361663
7178,-755.868058258149,222.615047361663
7179,-756.243058258149,222.990047361663
7180,-756.243058258149,224.890047361664
7181,-760.118058258149,225.265047361664
7182,-757.51805825815,225.265047361664
7183,-757.14305825815,224.890047361664
7184,-757.14305825815,222.990047361663
7185,-757.51805825815,222.615047361663
7186,-760.118058258149,222.615047361663
7187,-760.493058258149,222.990047361663
7188,-760.493058258149,224.890047361664
7189,-764.368058258149,225.265047361664
7190,-761.76805825815,225.265047361664
7191,-761.393058258149,224.890047361664
7192,-761.393058258149,222.990047361663
7193,-761.76805825815,222.615047361663
7194,-764.368058258149,222.615047361663
7195,-764.743058258149,222.990047361663
7196,-764.743058258149,224.890047361664
7197,-768.618058258149,225.265047361664
7198,-766.01805825815,225.265047361664
7199,-765.64305825815,224.890047361664
7200,-765.64305825815,222.990047361663
7201,-766.01805825815,222.615047361663
7202,-768.618058258149,222.615047361663
7203,-768.993058258149,222.990047361663
7204,-768.993058258149,224.890047361664
7205,-768.618058258149,221.715047361664
7206,-766.01805825815,221.715047361664
7207,-765.64305825815,221.340047361664
7208,-765.64305825815,219.440047361663
7209,-766.01805825815,219.065047361663
7210,-768.618058258149,219.065047361663
7211,-768.993058258149,219.440047361663
7212,-768.993058258149,221.340047361664
7213,-764.368058258149,221.715047361664
7214,-761.76805825815,221.715047361664
7215,-761.393058258149,221.340047361664
7216,-761.393058258149,219.440047361663
7217,-761.76805825815,219.065047361663
7218,-764.368058258149,219.065047361663
7219,-764.743058258149,219.440047361663
7220,-764.743058258149,221.340047361664
7221,-760.118058258149,221.715047361664
7222,-757.51805825815,221.715047361664
7223,-757.14305825815,221.340047361664
7224,-757.14305825815,219.440047361663
7225,-757.51805825815,219.065047361663
7226,-760.118058258149,219.065047361663
7227,-760.493058258149,219.440047361663
7228,-760.493058258149,221.340047361664
7229,-755.868058258149,221.715047361664
7230,-753.26805825815,221.715047361664
7231,-752.893058258149,221.340047361664
7232,-752.893058258149,219.440047361663
7233,-753.26805825815,219.065047361663
7234,-755.868058258149,219.065047361663
7235,-756.243058258149,219.440047361663
7236,-756.243058258149,221.340047361664
7237,-751.618058258149,221.715047361664
7238,-749.01805825815,221.715047361664
7239,-748.64305825815,221.340047361664
7240,-748.64305825815,219.440047361663
7241,-749.01805825815,219.065047361663
7242,-751.618058258149,219.065047361663
7243,-751.993058258149,219.440047361663
7244,-751.993058258149,221.340047361664
7245,-747.368058258149,221.715047361664
7246,-744.76805825815,221.715047361664
7247,-744.393058258149,221.340047361664
7248,-744.393058258149,219.440047361663
7249,-744.76805825815,219.065047361663
7250,-747.368058258149,219.065047361663
7251,-747.743058258149,219.440047361663
7252,-747.743058258149,221.340047361664
7253,-743.118058258149,221.715047361664
7254,-740.51805825815,221.715047361664
7255,-740.14305825815,221.340047361664
7256,-740.14305825815,219.440047361663
7257,-740.51805825815,219.065047361663
7258,-743.118058258149,219.065047361663
7259,-743.493058258149,219.440047361663
7260,-743.493058258149,221.340047361664
7261,-738.868058258149,221.715047361664
7262,-736.26805825815,221.715047361664
7263,-735.893058258149,221.340047361664
7264,-735.893058258149,219.440047361663
7265,-736.26805825815,219.065047361663
7266,-738.868058258149,219.065047361663
7267,-739.243058258149,219.440047361663
7268,-739.243058258149,221.340047361664
7269,-734.618058258149,221.715047361664
7270,-732.01805825815,221.715047361664
7271,-731.64305825815,221.340047361664
7272,-731.64305825815,219.440047361663
7273,-732.01805825815,219.065047361663
7274,-734.618058258149,219.065047361663
7275,-734.993058258149,219.440047361663
7276,-734.993058258149,221.340047361664
7277,-730.368058258149,221.715047361664
7278,-727.76805825815,221.715047361664
7279,-727.393058258149,221.340047361664
7280,-727.393058258149,219.440047361663
7281,-727.76805825815,219.065047361663
7282,-730.368058258149,219.065047361663
7283,-730.743058258149,219.440047361663
7284,-730.743058258149,221.340047361664
7285,-726.118058258149,221.715047361664
7286,-723.51805825815,221.715047361664
7287,-723.14305825815,221.340047361664
7288,-723.14305825815,219.440047361663
7289,-723.51805825815,219.065047361663
7290,-726.118058258149,219.065047361663
7291,-726.493058258149,219.440047361663
7292,-726.493058258149,221.340047361664
7293,-721.868058258149,221.715047361664
7294,-719.26805825815,221.715047361664
7295,-718.893058258149,221.340047361664
7296,-718.893058258149,219.440047361663
7297,-719.26805825815,219.065047361663
7298,-721.868058258149,219.065047361663
7299,-722.243058258149,219.440047361663
7300,-722.243058258149,221.340047361664
7301,-717.618058258149,221.715047361664
7302,-715.01805825815,221.715047361664
7303,-714.64305825815,221.340047361664
7304,-714.64305825815,219.440047361663
7305,-715.01805825815,219.065047361663
7306,-717.618058258149,219.065047361663
7307,-717.993058258149,219.440047361663
7308,-717.993058258149,221.340047361664
7309,-713.368058258149,221.715047361664
7310,-710.76805825815,221.715047361664
7311,-710.39305825815,221.340047361664
7312,-710.39305825815,219.440047361663
7313,-710.76805825815,219.065047361663
7314,-713.368058258149,219.065047361663
7315,-713.743058258149,219.440047361663
7316,-713.743058258149,221.340047361664
7317,-709.118058258149,221.715047361664
7318,-706.51805825815,221.715047361664
7319,-706.14305825815,221.340047361664
7320,-706.14305825815,219.440047361663
7321,-706.51805825815,219.065047361663
7322,-709.118058258149,219.065047361663
7323,-709.493058258149,219.440047361663
7324,-709.493058258149,221.340047361664
7325,-704.868058258149,221.715047361664
7326,-702.26805825815,221.715047361664
7327,-701.89305825815,221.340047361664
7328,-701.89305825815,219.440047361663
7329,-702.26805825815,219.065047361663
7330,-704.868058258149,219.065047361663
7331,-705.243058258149,219.440047361663
7332,-705.243058258149,221.340047361664
7333,-700.618058258149,221.715047361664
7334,-698.01805825815,221.715047361664
7335,-697.64305825815,221.340047361664
7336,-697.64305825815,219.440047361663
7337,-698.01805825815,219.065047361663
7338,-700.618058258149,219.065047361663
7339,-700.993058258149,219.440047361663
7340,-700.993058258149,221.340047361664
7341,-696.368058258149,221.715047361664
7342,-693.76805825815,221.715047361664
7343,-693.39305825815,221.340047361664
7344,-693.39305825815,219.440047361663
7345,-693.76805825815,219.065047361663
7346,-696.368058258149,219.065047361663
7347,-696.743058258149,219.440047361663
7348,-696.743058258149,221.340047361664
7349,-692.118058258149,221.715047361664
7350,-689.51805825815,221.715047361664
7351,-689.14305825815,221.340047361664
7352,-689.14305825815,219.440047361663
7353,-689.51805825815,219.065047361663
7354,-692.118058258149,219.065047361663
7355,-692.493058258149,219.440047361663
7356,-692.493058258149,221.340047361664
7357,-687.868058258149,221.715047361664
7358,-685.26805825815,221.715047361664
7359,-684.89305825815,221.340047361664
7360,-684.89305825815,219.440047361663
7361,-685.26805825815,219.065047361663
7362,-687.868058258149,219.065047361663
7363,-688.243058258149,219.440047361663
7364,-688.243058258149,221.340047361664
7365,-683.618058258149,221.715047361664
7366,-681.01805825815,221.715047361664
7367,-680.64305825815,221.340047361664
7368,-680.64305825815,219.440047361663
7369,-681.01805825815,219.065047361663
7370,-683.618058258149,219.065047361663
7371,-683.993058258149,219.440047361663
7372,-683.993058258149,221.340047361664
7373,-679.368058258149,221.715047361664
7374,-676.76805825815,221.715047361664
7375,-676.39305825815,221.340047361664
7376,-676.39305825815,219.440047361663
7377,-676.76805825815,219.065047361663
7378,-679.368058258149,219.065047361663
7379,-679.743058258149,219.440047361663
7380,-679.743058258149,221.340047361664
7381,-675.118058258149,221.715047361664
7382,-672.51805825815,221.715047361664
7383,-672.14305825815,221.340047361664
7384,-672.14305825815,219.440047361663
7385,-672.51805825815,219.065047361663
7386,-675.118058258149,219.065047361663
7387,-675.493058258149,219.440047361663
7388,-675.493058258149,221.340047361664
7389,-670.868058258149,221.715047361664
7390,-668.26805825815,221.715047361664
7391,-667.89305825815,221.340047361664
7392,-667.89305825815,219.440047361663
7393,-668.26805825815,219.065047361663
7394,-670.868058258149,219.065047361663
7395,-671.243058258149,219.440047361663
7396,-671.243058258149,221.340047361664
7397,-666.618058258149,221.715047361664
7398,-664.01805825815,221.715047361664
7399,-663.64305825815,221.340047361664
7400,-663.64305825815,219.440047361663
7401,-664.01805825815,219.065047361663
7402,-666.618058258149,219.065047361663
7403,-666.993058258149,219.440047361663
7404,-666.993058258149,221.340047361664
7405,-666.618058258149,218.165047361664
7406,-664.01805825815,218.165047361664
7407,-663.64305825815,217.790047361664
7408,-663.64305825815,215.890047361663
7409,-664.01805825815,215.515047361663
7410,-666.618058258149,215.515047361663
7411,-666.993058258149,215.890047361663
7412,-666.993058258149,217.790047361664
7413,-670.868058258149,218.165047361664
7414,-668.26805825815,218.165047361664
7415,-667.89305825815,217.790047361664
7416,-667.89305825815,215.890047361663
7417,-668.26805825815,215.515047361663
7418,-670.868058258149,215.515047361663
7419,-671.243058258149,215.890047361663
7420,-671.243058258149,217.790047361664
7421,-675.118058258149,218.165047361664
7422,-672.51805825815,218.165047361664
7423,-672.14305825815,217.790047361664
7424,-672.14305825815,215.890047361663
7425,-672.51805825815,215.515047361663
7426,-675.118058258149,215.515047361663
7427,-675.493058258149,215.890047361663
7428,-675.493058258149,217.790047361664
7429,-679.368058258149,218.165047361664
7430,-676.76805825815,218.165047361664
7431,-676.39305825815,217.790047361664
7432,-676.39305825815,215.890047361663
7433,-676.76805825815,215.515047361663
7434,-679.368058258149,215.515047361663
7435,-679.743058258149,215.890047361663
7436,-679.743058258149,217.790047361664
7437,-683.618058258149,218.165047361664
7438,-681.01805825815,218.165047361664
7439,-680.64305825815,217.790047361664
7440,-680.64305825815,215.890047361663
7441,-681.01805825815,215.515047361663
7442,-683.618058258149,215.515047361663
7443,-683.993058258149,215.890047361663
7444,-683.993058258149,217.790047361664
7445,-687.868058258149,218.165047361664
7446,-685.26805825815,218.165047361664
7447,-684.89305825815,217.790047361664
7448,-684.89305825815,215.890047361663
7449,-685.26805825815,215.515047361663
7450,-687.868058258149,215.515047361663
7451,-688.243058258149,215.890047361663
7452,-688.243058258149,217.790047361664
7453,-692.118058258149,218.165047361664
7454,-689.51805825815,218.165047361664
7455,-689.14305825815,217.790047361664
7456,-689.14305825815,215.890047361663
7457,-689.51805825815,215.515047361663
7458,-692.118058258149,215.515047361663
7459,-692.493058258149,215.890047361663
7460,-692.493058258149,217.790047361664
7461,-696.368058258149,218.165047361664
7462,-693.76805825815,218.165047361664
7463,-693.39305825815,217.790047361664
7464,-693.39305825815,215.890047361663
7465,-693.76805825815,215.515047361663
7466,-696.368058258149,215.515047361663
7467,-696.743058258149,215.890047361663
7468,-696.743058258149,217.790047361664
7469,-700.618058258149,218.165047361664
7470,-698.01805825815,218.165047361664
7471,-697.64305825815,217.790047361664
7472,-697.64305825815,215.890047361663
7473,-698.01805825815,215.515047361663
7474,-700.618058258149,215.515047361663
7475,-700.993058258149,215.890047361663
7476,-700.993058258149,217.790047361664
7477,-704.868058258149,218.165047361664
7478,-702.26805825815,218.165047361664
7479,-701.89305825815,217.790047361664
7480,-701.89305825815,215.890047361663
7481,-702.26805825815,215.515047361663
7482,-704.868058258149,215.515047361663
7483,-705.243058258149,215.890047361663
7484,-705.243058258149,217.790047361664
7485,-709.118058258149,218.165047361664
7486,-706.51805825815,218.165047361664
7487,-706.14305825815,217.790047361664
7488,-706.14305825815,215.890047361663
7489,-706.51805825815,215.515047361663
7490,-709.118058258149,215.515047361663
7491,-709.493058258149,215.890047361663
7492,-709.493058258149,217.790047361664
7493,-713.368058258149,218.165047361664
7494,-710.76805825815,218.165047361664
7495,-710.39305825815,217.790047361664
7496,-710.39305825815,215.890047361663
7497,-710.76805825815,215.515047361663
7498,-713.368058258149,215.515047361663
7499,-713.743058258149,215.890047361663
7500,-713.743058258149,217.790047361664
7501,-717.618058258149,218.165047361664
7502,-715.01805825815,218.165047361664
7503,-714.64305825815,217.790047361664
7504,-714.64305825815,215.890047361663
7505,-715.01805825815,215.515047361663
7506,-717.618058258149,215.515047361663
7507,-717.993058258149,215.890047361663
7508,-717.993058258149,217.790047361664
7509,-721.868058258149,218.165047361664
7510,-719.26805825815,218.165047361664
7511,-718.893058258149,217.790047361664
7512,-718.893058258149,215.890047361663
7513,-719.26805825815,215.515047361663
7514,-721.868058258149,215.515047361663
7515,-722.243058258149,215.890047361663
7516,-722.243058258149,217.790047361664
7517,-726.118058258149,218.165047361664
7518,-723.51805825815,218.165047361664
7519,-723.14305825815,217.790047361664
7520,-723.14305825815,215.890047361663
7521,-723.51805825815,215.515047361663
7522,-726.118058258149,215.515047361663
7523,-726.493058258149,215.890047361663
7524,-726.493058258149,217.790047361664
7525,-730.368058258149,218.165047361664
7526,-727.76805825815,218.165047361664
7527,-727.393058258149,217.790047361664
7528,-727.393058258149,215.890047361663
7529,-727.76805825815,215.515047361663
7530,-730.368058258149,215.515047361663
7531,-730.743058258149,215.890047361663
7532,-730.743058258149,217.790047361664
7533,-734.618058258149,218.165047361664
7534,-732.01805825815,218.165047361664
7535,-731.64305825815,217.790047361664
7536,-731.64305825815,215.890047361663
7537,-732.01805825815,215.515047361663
7538,-734.618058258149,215.515047361663
7539,-734.993058258149,215.890047361663
7540,-734.993058258149,217.790047361664
7541,-738.868058258149,218.165047361664
7542,-736.26805825815,218.165047361664
7543,-735.893058258149,217.790047361664
7544,-735.893058258149,215.890047361663
7545,-736.26805825815,215.515047361663
7546,-738.868058258149,215.515047361663
7547,-739.243058258149,215.890047361663
7548,-739.243058258149,217.790047361664
7549,-743.118058258149,218.165047361664
7550,-740.51805825815,218.165047361664
7551,-740.14305825815,217.790047361664
7552,-740.14305825815,215.890047361663
7553,-740.51805825815,215.515047361663
7554,-743.118058258149,215.515047361663
7555,-743.493058258149,215.890047361663
7556,-743.493058258149,217.790047361664
7557,-747.368058258149,218.165047361664
7558,-744.76805825815,218.165047361664
7559,-744.393058258149,217.790047361664
7560,-744.393058258149,215.890047361663
7561,-744.76805825815,215.515047361663
7562,-747.368058258149,215.515047361663
7563,-747.743058258149,215.890047361663
7564,-747.743058258149,217.790047361664
7565,-751.618058258149,218.165047361664
7566,-749.01805825815,218.165047361664
7567,-748.64305825815,217.790047361664
7568,-748.64305825815,215.890047361663
7569,-749.01805825815,215.515047361663
7570,-751.618058258149,215.515047361663
7571,-751.993058258149,215.890047361663
7572,-751.993058258149,217.790047361664
7573,-755.868058258149,218.165047361664
7574,-753.26805825815,218.165047361664
7575,-752.893058258149,217.790047361664
7576,-752.893058258149,215.890047361663
7577,-753.26805825815,215.515047361663
7578,-755.868058258149,215.515047361663
7579,-756.243058258149,215.890047361663
7580,-756.243058258149,217.790047361664
7581,-760.118058258149,218.165047361664
7582,-757.51805825815,218.165047361664
7583,-757.14305825815,217.790047361664
7584,-757.14305825815,215.890047361663
7585,-757.51805825815,215.515047361663
7586,-760.118058258149,215.515047361663
7587,-760.493058258149,215.890047361663
7588,-760.493058258149,217.790047361664
7589,-764.368058258149,218.165047361664
7590,-761.76805825815,218.165047361664
7591,-761.393058258149,217.790047361664
7592,-761.393058258149,215.890047361663
7593,-761.76805825815,215.515047361663
7594,-764.368058258149,215.515047361663
7595,-764.743058258149,215.890047361663
7596,-764.743058258149,217.790047361664
7597,-768.618058258149,218.165047361664
7598,-766.01805825815,218.165047361664
7599,-765.64305825815,217.790047361664
7600,-765.64305825815,215.890047361663
7601,-766.01805825815,215.515047361663
7602,-768.618058258149,215.515047361663
7603,-768.993058258149,215.890047361663
7604,-768.993058258149,217.790047361664
7605,-768.618058258149,214.615047361664
7606,-766.01805825815,214.615047361664
7607,-765.64305825815,214.240047361664
7608,-765.64305825815,212.340047361663
7609,-766.01805825815,211.965047361663
7610,-768.618058258149,211.965047361663
7611,-768.993058258149,212.340047361663
7612,-768.993058258149,214.240047361664
7613,-764.368058258149,214.615047361664
7614,-761.76805825815,214.615047361664
7615,-761.393058258149,214.240047361664
7616,-761.393058258149,212.340047361663
7617,-761.76805825815,211.965047361663
7618,-764.368058258149,211.965047361663
7619,-764.743058258149,212.340047361663
7620,-764.743058258149,214.240047361664
7621,-760.118058258149,214.615047361664
7622,-757.51805825815,214.615047361664
7623,-757.14305825815,214.240047361664
7624,-757.14305825815,212.340047361663
7625,-757.51805825815,211.965047361663
7626,-760.118058258149,211.965047361663
7627,-760.493058258149,212.340047361663
7628,-760.493058258149,214.240047361664
7629,-755.868058258149,214.615047361664
7630,-753.26805825815,214.615047361664
7631,-752.893058258149,214.240047361664
7632,-752.893058258149,212.340047361663
7633,-753.26805825815,211.965047361663
7634,-755.868058258149,211.965047361663
7635,-756.243058258149,212.340047361663
7636,-756.243058258149,214.240047361664
7637,-751.618058258149,214.615047361664
7638,-749.01805825815,214.615047361664
7639,-748.64305825815,214.240047361664
7640,-748.64305825815,212.340047361663
7641,-749.01805825815,211.965047361663
7642,-751.618058258149,211.965047361663
7643,-751.993058258149,212.340047361663
7644,-751.993058258149,214.240047361664
7645,-747.368058258149,214.615047361664
7646,-744.76805825815,214.615047361664
7647,-744.393058258149,214.240047361664
7648,-744.393058258149,212.340047361663
7649,-744.76805825815,211.965047361663
7650,-747.368058258149,211.965047361663
7651,-747.743058258149,212.340047361663
7652,-747.743058258149,214.240047361664
7653,-743.118058258149,214.615047361664
7654,-740.51805825815,214.615047361664
7655,-740.14305825815,214.240047361664
7656,-740.14305825815,212.340047361663
7657,-740.51805825815,211.965047361663
7658,-743.118058258149,211.965047361663
7659,-743.493058258149,212.340047361663
7660,-743.493058258149,214.240047361664
7661,-738.868058258149,214.615047361664
7662,-736.26805825815,214.615047361664
7663,-735.893058258149,214.240047361664
7664,-735.893058258149,212.340047361663
7665,-736.26805825815,211.965047361663
7666,-738.868058258149,211.965047361663
7667,-739.243058258149,212.340047361663
7668,-739.243058258149,214.240047361664
7669,-734.618058258149,214.615047361664
7670,-732.01805825815,214.615047361664
7671,-731.64305825815,214.240047361664
7672,-731.64305825815,212.340047361663
7673,-732.01805825815,211.965047361663
7674,-734.618058258149,211.965047361663
7675,-734.993058258149,212.340047361663
7676,-734.993058258149,214.240047361664
7677,-730.368058258149,214.615047361664
7678,-727.76805825815,214.615047361664
7679,-727.393058258149,214.240047361664
7680,-727.393058258149,212.340047361663
7681,-727.76805825815,211.965047361663
7682,-730.368058258149,211.965047361663
7683,-730.743058258149,212.340047361663
7684,-730.743058258149,214.240047361664
7685,-726.118058258149,214.615047361664
7686,-723.51805825815,214.615047361664
7687,-723.14305825815,214.240047361664
7688,-723.14305825815,212.340047361663
7689,-723.51805825815,211.965047361663
7690,-726.118058258149,211.965047361663
7691,-726.493058258149,212.340047361663
7692,-726.493058258149,214.240047361664
7693,-721.868058258149,214.615047361664
7694,-719.26805825815,214.615047361664
7695,-718.893058258149,214.240047361664
7696,-718.893058258149,212.340047361663
7697,-719.26805825815,211.965047361663
7698,-721.868058258149,211.965047361663
7699,-722.243058258149,212.340047361663
7700,-722.243058258149,214.240047361664
7701,-717.618058258149,214.615047361664
7702,-715.01805825815,214.615047361664
7703,-714.64305825815,214.240047361664
7704,-714.64305825815,212.340047361663
7705,-715.01805825815,211.965047361663
7706,-717.618058258149,211.965047361663
7707,-717.993058258149,212.340047361663
7708,-717.993058258149,214.240047361664
7709,-713.368058258149,214.615047361664
7710,-710.76805825815,214.615047361664
7711,-710.39305825815,214.240047361664
7712,-710.39305825815,212.340047361663
7713,-710.76805825815,211.965047361663
7714,-713.368058258149,211.965047361663
7715,-713.743058258149,212.340047361663
7716,-713.743058258149,214.240047361664
7717,-709.118058258149,214.615047361664
7718,-706.51805825815,214.615047361664
7719,-706.14305825815,214.240047361664
7720,-706.14305825815,212.340047361663
7721,-706.51805825815,211.965047361663
7722,-709.118058258149,211.965047361663
7723,-709.493058258149,212.340047361663
7724,-709.493058258149,214.240047361664
7725,-704.868058258149,214.615047361664
7726,-702.26805825815,214.615047361664
7727,-701.89305825815,214.240047361664
7728,-701.89305825815,212.340047361663
7729,-702.26805825815,211.965047361663
7730,-704.868058258149,211.965047361663
7731,-705.243058258149,212.340047361663
7732,-705.243058258149,214.240047361664
7733,-700.618058258149,214.615047361664
7734,-698.01805825815,214.615047361664
7735,-697.64305825815,214.240047361664
7736,-697.64305825815,212.340047361663
7737,-698.01805825815,211.965047361663
7738,-700.618058258149,211.965047361663
7739,-700.993058258149,212.340047361663
7740,-700.993058258149,214.240047361664
7741,-696.368058258149,214.615047361664
7742,-693.76805825815,214.615047361664
7743,-693.39305825815,214.240047361664
7744,-693.39305825815,212.340047361663
7745,-693.76805825815,211.965047361663
7746,-696.368058258149,211.965047361663
7747,-696.743058258149,212.340047361663
7748,-696.743058258149,214.240047361664
7749,-692.118058258149,214.615047361664
7750,-689.51805825815,214.615047361664
7751,-689.14305825815,214.240047361664
7752,-689.14305825815,212.340047361663
7753,-689.51805825815,211.965047361663
7754,-692.118058258149,211.965047361663
7755,-692.493058258149,212.340047361663
7756,-692.493058258149,214.240047361664
7757,-687.868058258149,214.615047361664
7758,-685.26805825815,214.615047361664
7759,-684.89305825815,214.240047361664
7760,-684.89305825815,212.340047361663
7761,-685.26805825815,211.965047361663
7762,-687.868058258149,211.965047361663
7763,-688.243058258149,212.340047361663
7764,-688.243058258149,214.240047361664
7765,-683.618058258149,214.615047361664
7766,-681.01805825815,214.615047361664
7767,-680.64305825815,214.240047361664
7768,-680.64305825815,212.340047361663
7769,-681.01805825815,211.965047361663
7770,-683.618058258149,211.965047361663
7771,-683.993058258149,212.340047361663
7772,-683.993058258149,214.240047361664
7773,-679.368058258149,214.615047361664
7774,-676.76805825815,214.615047361664
7775,-676.39305825815,214.240047361664
7776,-676.39305825815,212.340047361663
7777,-676.76805825815,211.965047361663
7778,-679.368058258149,211.965047361663
7779,-679.743058258149,212.340047361663
7780,-679.743058258149,214.240047361664
7781,-675.118058258149,214.615047361664
7782,-672.51805825815,214.615047361664
7783,-672.14305825815,214.240047361664
7784,-672.14305825815,212.340047361663
7785,-672.51805825815,211.965047361663
7786,-675.118058258149,211.965047361663
7787,-675.493058258149,212.340047361663
7788,-675.493058258149,214.240047361664
7789,-670.868058258149,214.615047361664
7790,-668.26805825815,214.615047361664
7791,-667.89305825815,214.240047361664
7792,-667.89305825815,212.340047361663
7793,-668.26805825815,211.965047361663
7794,-670.868058258149,211.965047361663
7795,-671.243058258149,212.340047361663
7796,-671.243058258149,214.240047361664
7797,-666.618058258149,214.615047361664
7798,-664.01805825815,214.615047361664
7799,-663.64305825815,214.240047361664
7800,-663.64305825815,212.340047361663
7801,-664.01805825815,211.965047361663
7802,-666.618058258149,211.965047361663
7803,-666.993058258149,212.340047361663
7804,-666.993058258149,214.240047361664
7805,-666.618058258149,211.065047361664
7806,-664.01805825815,211.065047361664
7807,-663.64305825815,210.690047361664
7808,-663.64305825815,208.790047361663
7809,-664.01805825815,208.415047361663
7810,-666.618058258149,208.415047361663
7811,-666.993058258149,208.790047361663
7812,-666.993058258149,210.690047361664
7813,-670.868058258149,211.065047361664
7814,-668.26805825815,211.065047361664
7815,-667.89305825815,210.690047361664
7816,-667.89305825815,208.790047361663
7817,-668.26805825815,208.415047361663
7818,-670.868058258149,208.415047361663
7819,-671.243058258149,208.790047361663
7820,-671.243058258149,210.690047361664
7821,-675.118058258149,211.065047361664
7822,-672.51805825815,211.065047361664
7823,-672.14305825815,210.690047361664
7824,-672.14305825815,208.790047361663
7825,-672.51805825815,208.415047361663
7826,-675.118058258149,208.415047361663
7827,-675.493058258149,208.790047361663
7828,-675.493058258149,210.690047361664
7829,-679.368058258149,211.065047361664
7830,-676.76805825815,211.065047361664
7831,-676.39305825815,210.690047361664
7832,-676.39305825815,208.790047361663
7833,-676.76805825815,208.415047361663
7834,-679.368058258149,208.415047361663
7835,-679.743058258149,208.790047361663
7836,-679.743058258149,210.690047361664
7837,-683.618058258149,211.065047361664
7838,-681.01805825815,211.065047361664
7839,-680.64305825815,210.690047361664
7840,-680.64305825815,208.790047361663
7841,-681.01805825815,208.415047361663
7842,-683.618058258149,208.415047361663
7843,-683.993058258149,208.790047361663
7844,-683.993058258149,210.690047361664
7845,-687.868058258149,211.065047361664
7846,-685.26805825815,211.065047361664
7847,-684.89305825815,210.690047361664
7848,-684.89305825815,208.790047361663
7849,-685.26805825815,208.415047361663
7850,-687.868058258149,208.415047361663
7851,-688.243058258149,208.790047361663
7852,-688.243058258149,210.690047361664
7853,-692.118058258149,211.065047361664
7854,-689.51805825815,211.065047361664
7855,-689.14305825815,210.690047361664
7856,-689.14305825815,208.790047361663
7857,-689.51805825815,208.415047361663
7858,-692.118058258149,208.415047361663
7859,-692.493058258149,208.790047361663
7860,-692.493058258149,210.690047361664
7861,-696.368058258149,211.065047361664
7862,-693.76805825815,211.065047361664
7863,-693.39305825815,210.690047361664
7864,-693.39305825815,208.790047361663
7865,-693.76805825815,208.415047361663
7866,-696.368058258149,208.415047361663
7867,-696.743058258149,208.790047361663
7868,-696.743058258149,210.690047361664
7869,-700.618058258149,211.065047361664
7870,-698.01805825815,211.065047361664
7871,-697.64305825815,210.690047361664
7872,-697.64305825815,208.790047361663
7873,-698.01805825815,208.415047361663
7874,-700.618058258149,208.415047361663
7875,-700.993058258149,208.790047361663
7876,-700.993058258149,210.690047361664
7877,-704.868058258149,211.065047361664
7878,-702.26805825815,211.065047361664
7879,-701.89305825815,210.690047361664
7880,-701.89305825815,208.790047361663
7881,-702.26805825815,208.415047361663
7882,-704.868058258149,208.415047361663
7883,-705.243058258149,208.790047361663
7884,-705.243058258149,210.690047361664
7885,-709.118058258149,211.065047361664
7886,-706.51805825815,211.065047361664
7887,-706.14305825815,210.690047361664
7888,-706.14305825815,208.790047361663
7889,-706.51805825815,208.415047361663
7890,-709.118058258149,208.415047361663
7891,-709.493058258149,208.790047361663
7892,-709.493058258149,210.690047361664
7893,-713.368058258149,211.065047361664
7894,-710.76805825815,211.065047361664
7895,-710.39305825815,210.690047361664
7896,-710.39305825815,208.790047361663
7897,-710.76805825815,208.415047361663
7898,-713.368058258149,208.415047361663
7899,-713.743058258149,208.790047361663
7900,-713.743058258149,210.690047361664
7901,-717.618058258149,211.065047361664
7902,-715.01805825815,211.065047361664
7903,-714.64305825815,210.690047361664
7904,-714.64305825815,208.790047361663
7905,-715.01805825815,208.415047361663
7906,-717.618058258149,208.415047361663
7907,-717.993058258149,208.790047361663
7908,-717.993058258149,210.690047361664
7909,-721.868058258149,211.065047361664
7910,-719.26805825815,211.065047361664
7911,-718.893058258149,210.690047361664
7912,-718.893058258149,208.790047361663
7913,-719.26805825815,208.415047361663
7914,-721.868058258149,208.415047361663
7915,-722.243058258149,208.790047361663
7916,-722.243058258149,210.690047361664
7917,-726.118058258149,211.065047361664
7918,-723.51805825815,211.065047361664
7919,-723.14305825815,210.690047361664
7920,-723.14305825815,208.790047361663
7921,-723.51805825815,208.415047361663
7922,-726.118058258149,208.415047361663
7923,-726.493058258149,208.790047361663
7924,-726.493058258149,210.690047361664
7925,-730.368058258149,211.065047361664
7926,-727.76805825815,211.065047361664
7927,-727.393058258149,210.690047361664
7928,-727.393058258149,208.790047361663
7929,-727.76805825815,208.415047361663
7930,-730.368058258149,208.415047361663
7931,-730.743058258149,208.790047361663
7932,-730.743058258149,210.690047361664
7933,-734.618058258149,211.065047361664
7934,-732.01805825815,211.065047361664
7935,-731.64305825815,210.690047361664
7936,-731.64305825815,208.790047361663
7937,-732.01805825815,208.415047361663
7938,-734.618058258149,208.415047361663
7939,-734.993058258149,208.790047361663
7940,-734.993058258149,210.690047361664
7941,-738.868058258149,211.065047361664
7942,-736.26805825815,211.065047361664
7943,-735.893058258149,210.690047361664
7944,-735.893058258149,208.790047361663
7945,-736.26805825815,208.415047361663
7946,-738.868058258149,208.415047361663
7947,-739.243058258149,208.790047361663
7948,-739.243058258149,210.690047361664
7949,-743.118058258149,211.065047361664
7950,-740.51805825815,211.065047361664
7951,-740.14305825815,210.690047361664
7952,-740.14305825815,208.790047361663
7953,-740.51805825815,208.415047361663
7954,-743.118058258149,208.415047361663
7955,-743.493058258149,208.790047361663
7956,-743.493058258149,210.690047361664
7957,-747.368058258149,211.065047361664
7958,-744.76805825815,211.065047361664
7959,-744.393058258149,210.690047361664
7960,-744.393058258149,208.790047361663
7961,-744.76805825815,208.415047361663
7962,-747.368058258149,208.415047361663
7963,-747.743058258149,208.790047361663
7964,-747.743058258149,210.690047361664
7965,-751.618058258149,211.065047361664
7966,-749.01805825815,211.065047361664
7967,-748.64305825815,210.690047361664
7968,-748.64305825815,208.790047361663
7969,-749.01805825815,208.415047361663
7970,-751.618058258149,208.415047361663
7971,-751.993058258149,208.790047361663
7972,-751.993058258149,210.690047361664
7973,-755.868058258149,211.065047361664
7974,-753.26805825815,211.065047361664
7975,-752.893058258149,210.690047361664
7976,-752.893058258149,208.790047361663
7977,-753.26805825815,208.415047361663
7978,-755.868058258149,208.415047361663
7979,-756.243058258149,208.790047361663
7980,-756.243058258149,210.690047361664
7981,-760.118058258149,211.065047361664
7982,-757.51805825815,211.065047361664
7983,-757.14305825815,210.690047361664
7984,-757.14305825815,208.790047361663
7985,-757.51805825815,208.415047361663
7986,-760.118058258149,208.415047361663
7987,-760.493058258149,208.790047361663
7988,-760.493058258149,210.690047361664
7989,-764.368058258149,211.065047361664
7990,-761.76805825815,211.065047361664
7991,-761.393058258149,210.690047361664
7992,-761.393058258149,208.790047361663
7993,-761.76805825815,208.415047361663
7994,-764.368058258149,208.415047361663
7995,-764.743058258149,208.790047361663
7996,-764.743058258149,210.690047361664
7997,-768.618058258149,211.065047361664
7998,-766.01805825815,211.065047361664
7999,-765.64305825815,210.690047361664
8000,-765.64305825815,208.790047361663
8001,-766.01805825815,208.415047361663
8002,-768.618058258149,208.415047361663
8003,-768.993058258149,208.790047361663
8004,-768.993058258149,210.690047361664
8005,-768.618058258149,207.515047361664
8006,-766.01805825815,207.515047361664
8007,-765.64305825815,207.140047361664
8008,-765.64305825815,205.240047361663
8009,-766.01805825815,204.865047361663
8010,-768.618058258149,204.865047361663
8011,-768.993058258149,205.240047361663
8012,-768.993058258149,207.140047361664
8013,-764.368058258149,207.515047361664
8014,-761.76805825815,207.515047361664
8015,-761.393058258149,207.140047361664
8016,-761.393058258149,205.240047361663
8017,-761.76805825815,204.865047361663
8018,-764.368058258149,204.865047361663
8019,-764.743058258149,205.240047361663
8020,-764.743058258149,207.140047361664
8021,-760.118058258149,207.515047361664
8022,-757.51805825815,207.515047361664
8023,-757.14305825815,207.140047361664
8024,-757.14305825815,205.240047361663
8025,-757.51805825815,204.865047361663
8026,-760.118058258149,204.865047361663
8027,-760.493058258149,205.240047361663
8028,-760.493058258149,207.140047361664
8029,-755.868058258149,207.515047361664
8030,-753.26805825815,207.515047361664
8031,-752.893058258149,207.140047361664
8032,-752.893058258149,205.240047361663
8033,-753.26805825815,204.865047361663
8034,-755.868058258149,204.865047361663
8035,-756.243058258149,205.240047361663
8036,-756.243058258149,207.140047361664
8037,-751.618058258149,207.515047361664
8038,-749.01805825815,207.515047361664
8039,-748.64305825815,207.140047361664
8040,-748.64305825815,205.240047361663
8041,-749.01805825815,204.865047361663
8042,-751.618058258149,204.865047361663
8043,-751.993058258149,205.240047361663
8044,-751.993058258149,207.140047361664
8045,-747.368058258149,207.515047361664
8046,-744.76805825815,207.515047361664
8047,-744.393058258149,207.140047361664
8048,-744.393058258149,205.240047361663
8049,-744.76805825815,204.865047361663
8050,-747.368058258149,204.865047361663
8051,-747.743058258149,205.240047361663
8052,-747.743058258149,207.140047361664
8053,-743.118058258149,207.515047361664
8054,-740.51805825815,207.515047361664
8055,-740.14305825815,207.140047361664
8056,-740.14305825815,205.240047361663
8057,-740.51805825815,204.865047361663
8058,-743.118058258149,204.865047361663
8059,-743.493058258149,205.240047361663
8060,-743.493058258149,207.140047361664
8061,-738.868058258149,207.515047361664
8062,-736.26805825815,207.515047361664
8063,-735.893058258149,207.140047361664
8064,-735.893058258149,205.240047361663
8065,-736.26805825815,204.865047361663
8066,-738.868058258149,204.865047361663
8067,-739.243058258149,205.240047361663
8068,-739.243058258149,207.140047361664
8069,-734.618058258149,207.515047361664
8070,-732.01805825815,207.515047361664
8071,-731.64305825815,207.140047361664
8072,-731.64305825815,205.240047361663
8073,-732.01805825815,204.865047361663
8074,-734.618058258149,204.865047361663
8075,-734.993058258149,205.240047361663
8076,-734.993058258149,207.140047361664
8077,-730.368058258149,207.515047361664
8078,-727.76805825815,207.515047361664
8079,-727.393058258149,207.140047361664
8080,-727.393058258149,205.240047361663
8081,-727.76805825815,204.865047361663
8082,-730.368058258149,204.865047361663
8083,-730.743058258149,205.240047361663
8084,-730.743058258149,207.140047361664
8085,-726.118058258149,207.515047361664
8086,-723.51805825815,207.515047361664
8087,-723.14305825815,207.140047361664
8088,-723.14305825815,205.240047361663
8089,-723.51805825815,204.865047361663
8090,-726.118058258149,204.865047361663
8091,-726.493058258149,205.240047361663
8092,-726.493058258149,207.140047361664
8093,-721.868058258149,207.515047361664
8094,-719.26805825815,207.515047361664
8095,-718.893058258149,207.140047361664
8096,-718.893058258149,205.240047361663
8097,-719.26805825815,204.865047361663
8098,-721.868058258149,204.865047361663
8099,-722.243058258149,205.240047361663
8100,-722.243058258149,207.140047361664
8101,-717.618058258149,207.515047361664
8102,-715.01805825815,207.515047361664
8103,-714.64305825815,207.140047361664
8104,-714.64305825815,205.240047361663
8105,-715.01805825815,204.865047361663
8106,-717.618058258149,204.865047361663
8107,-717.993058258149,205.240047361663
8108,-717.993058258149,207.140047361664
8109,-713.368058258149,207.515047361664
8110,-710.76805825815,207.515047361664
8111,-710.39305825815,207.140047361664
8112,-710.39305825815,205.240047361663
8113,-710.76805825815,204.865047361663
8114,-713.368058258149,204.865047361663
8115,-713.743058258149,205.240047361663
8116,-713.743058258149,207.140047361664
8117,-709.118058258149,207.515047361664
8118,-706.51805825815,207.515047361664
8119,-706.14305825815,207.140047361664
8120,-706.14305825815,205.240047361663
8121,-706.51805825815,204.865047361663
8122,-709.118058258149,204.865047361663
8123,-709.493058258149,205.240047361663
8124,-709.493058258149,207.140047361664
8125,-704.868058258149,207.515047361664
8126,-702.26805825815,207.515047361664
8127,-701.89305825815,207.140047361664
8128,-701.89305825815,205.240047361663
8129,-702.26805825815,204.865047361663
8130,-704.868058258149,204.865047361663
8131,-705.243058258149,205.240047361663
8132,-705.243058258149,207.140047361664
8133,-700.618058258149,207.515047361664
8134,-698.01805825815,207.515047361664
8135,-697.64305825815,207.140047361664
8136,-697.64305825815,205.240047361663
8137,-698.01805825815,204.865047361663
8138,-700.618058258149,204.865047361663
8139,-700.993058258149,205.240047361663
8140,-700.993058258149,207.140047361664
8141,-696.368058258149,207.515047361664
8142,-693.76805825815,207.515047361664
8143,-693.39305825815,207.140047361664
8144,-693.39305825815,205.240047361663
8145,-693.76805825815,204.865047361663
8146,-696.368058258149,204.865047361663
8147,-696.743058258149,205.240047361663
8148,-696.743058258149,207.140047361664
8149,-692.118058258149,207.515047361664
8150,-689.51805825815,207.515047361664
8151,-689.14305825815,207.140047361664
8152,-689.14305825815,205.240047361663
8153,-689.51805825815,204.865047361663
8154,-692.118058258149,204.865047361663
8155,-692.493058258149,205.240047361663
8156,-692.493058258149,207.140047361664
8157,-687.868058258149,207.515047361664
8158,-685.26805825815,207.515047361664
8159,-684.89305825815,207.140047361664
8160,-684.89305825815,205.240047361663
8161,-685.26805825815,204.865047361663
8162,-687.868058258149,204.865047361663
8163,-688.243058258149,205.240047361663
8164,-688.243058258149,207.140047361664
8165,-683.618058258149,207.515047361664
8166,-681.01805825815,207.515047361664
8167,-680.64305825815,207.140047361664
8168,-680.64305825815,205.240047361663
8169,-681.01805825815,204.865047361663
8170,-683.618058258149,204.865047361663
8171,-683.993058258149,205.240047361663
8172,-683.993058258149,207.140047361664
8173,-679.368058258149,207.515047361664
8174,-676.76805825815,207.515047361664
8175,-676.39305825815,207.140047361664
8176,-676.39305825815,205.240047361663
8177,-676.76805825815,204.865047361663
8178,-679.368058258149,204.865047361663
8179,-679.743058258149,205.240047361663
8180,-679.743058258149,207.140047361664
8181,-675.118058258149,207.515047361664
8182,-672.51805825815,207.515047361664
8183,-672.14305825815,207.140047361664
8184,-672.14305825815,205.240047361663
8185,-672.51805825815,204.865047361663
8186,-675.118058258149,204.865047361663
8187,-675.493058258149,205.240047361663
8188,-675.493058258149,207.140047361664
8189,-670.868058258149,207.515047361664
8190,-668.26805825815,207.515047361664
8191,-667.89305825815,207.140047361664
8192,-667.89305825815,205.240047361663
8193,-668.26805825815,204.865047361663
8194,-670.868058258149,204.865047361663
8195,-671.243058258149,205.240047361663
8196,-671.243058258149,207.140047361664
8197,-666.618058258149,207.515047361664
8198,-664.01805825815,207.515047361664
8199,-663.64305825815,207.140047361664
8200,-663.64305825815,205.240047361663
8201,-664.01805825815,204.865047361663
8202,-666.618058258149,204.865047361663
8203,-666.993058258149,205.240047361663
8204,-666.993058258149,207.140047361664
8205,-666.618058258149,203.965047361664
8206,-664.01805825815,203.965047361664
8207,-663.64305825815,203.590047361664
8208,-663.64305825815,201.690047361663
8209,-664.01805825815,201.315047361663
8210,-666.618058258149,201.315047361663
8211,-666.993058258149,201.690047361663
8212,-666.993058258149,203.590047361664
8213,-670.868058258149,203.965047361664
8214,-668.26805825815,203.965047361664
8215,-667.89305825815,203.590047361664
8216,-667.89305825815,201.690047361663
8217,-668.26805825815,201.315047361663
8218,-670.868058258149,201.315047361663
8219,-671.243058258149,201.690047361663
8220,-671.243058258149,203.590047361664
8221,-675.118058258149,203.965047361664
8222,-672.51805825815,203.965047361664
8223,-672.14305825815,203.590047361664
8224,-672.14305825815,201.690047361663
8225,-672.51805825815,201.315047361663
8226,-675.118058258149,201.315047361663
8227,-675.493058258149,201.690047361663
8228,-675.493058258149,203.590047361664
8229,-679.368058258149,203.965047361664
8230,-676.76805825815,203.965047361664
8231,-676.39305825815,203.590047361664
8232,-676.39305825815,201.690047361663
8233,-676.76805825815,201.315047361663
8234,-679.368058258149,201.315047361663
8235,-679.743058258149,201.690047361663
8236,-679.743058258149,203.590047361664
8237,-683.618058258149,203.965047361664
8238,-681.01805825815,203.965047361664
8239,-680.64305825815,203.590047361664
8240,-680.64305825815,201.690047361663
8241,-681.01805825815,201.315047361663
8242,-683.618058258149,201.315047361663
8243,-683.993058258149,201.690047361663
8244,-683.993058258149,203.590047361664
8245,-687.868058258149,203.965047361664
8246,-685.26805825815,203.965047361664
8247,-684.89305825815,203.590047361664
8248,-684.89305825815,201.690047361663
8249,-685.26805825815,201.315047361663
8250,-687.868058258149,201.315047361663
8251,-688.243058258149,201.690047361663
8252,-688.243058258149,203.590047361664
8253,-692.118058258149,203.965047361664
8254,-689.51805825815,203.965047361664
8255,-689.14305825815,203.590047361664
8256,-689.14305825815,201.690047361663
8257,-689.51805825815,201.315047361663
8258,-692.118058258149,201.315047361663
8259,-692.493058258149,201.690047361663
8260,-692.493058258149,203.590047361664
8261,-696.368058258149,203.965047361664
8262,-693.76805825815,203.965047361664
8263,-693.39305825815,203.590047361664
8264,-693.39305825815,201.690047361663
8265,-693.76805825815,201.315047361663
8266,-696.368058258149,201.315047361663
8267,-696.743058258149,201.690047361663
8268,-696.743058258149,203.590047361664
8269,-700.618058258149,203.965047361664
8270,-698.01805825815,203.965047361664
8271,-697.64305825815,203.590047361664
8272,-697.64305825815,201.690047361663
8273,-698.01805825815,201.315047361663
8274,-700.618058258149,201.315047361663
8275,-700.993058258149,201.690047361663
8276,-700.993058258149,203.590047361664
8277,-704.868058258149,203.965047361664
8278,-702.26805825815,203.965047361664
8279,-701.89305825815,203.590047361664
8280,-701.89305825815,201.690047361663
8281,-702.26805825815,201.315047361663
8282,-704.868058258149,201.315047361663
8283,-705.243058258149,201.690047361663
8284,-705.243058258149,203.590047361664
8285,-709.118058258149,203.965047361664
8286,-706.51805825815,203.965047361664
8287,-706.14305825815,203.590047361664
8288,-706.14305825815,201.690047361663
8289,-706.51805825815,201.315047361663
8290,-709.118058258149,201.315047361663
8291,-709.493058258149,201.690047361663
8292,-709.493058258149,203.590047361664
8293,-713.368058258149,203.965047361664
8294,-710.76805825815,203.965047361664
8295,-710.39305825815,203.590047361664
8296,-710.39305825815,201.690047361663
8297,-710.76805825815,201.315047361663
8298,-713.368058258149,201.315047361663
8299,-713.743058258149,201.690047361663
8300,-713.743058258149,203.590047361664
8301,-717.618058258149,203.965047361664
8302,-715.01805825815,203.965047361664
8303,-714.64305825815,203.590047361664
8304,-714.64305825815,201.690047361663
8305,-715.01805825815,201.315047361663
8306,-717.618058258149,201.315047361663
8307,-717.993058258149,201.690047361663
8308,-717.993058258149,203.590047361664
8309,-721.868058258149,203.965047361664
8310,-719.26805825815,203.965047361664
8311,-718.893058258149,203.590047361664
8312,-718.893058258149,201.690047361663
8313,-719.26805825815,201.315047361663
8314,-721.868058258149,201.315047361663
8315,-722.243058258149,201.690047361663
8316,-722.243058258149,203.590047361664
8317,-726.118058258149,203.965047361664
8318,-723.51805825815,203.965047361664
8319,-723.14305825815,203.590047361664
8320,-723.14305825815,201.690047361663
8321,-723.51805825815,201.315047361663
8322,-726.118058258149,201.315047361663
8323,-726.493058258149,201.690047361663
8324,-726.493058258149,203.590047361664
8325,-730.368058258149,203.965047361664
8326,-727.76805825815,203.965047361664
8327,-727.393058258149,203.590047361664
8328,-727.393058258149,201.690047361663
8329,-727.76805825815,201.315047361663
8330,-730.368058258149,201.315047361663
8331,-730.743058258149,201.690047361663
8332,-730.743058258149,203.590047361664
8333,-734.618058258149,203.965047361664
8334,-732.01805825815,203.965047361664
8335,-731.64305825815,203.590047361664
8336,-731.64305825815,201.690047361663
8337,-732.01805825815,201.315047361663
8338,-734.618058258149,201.315047361663
8339,-734.993058258149,201.690047361663
8340,-734.993058258149,203.590047361664
8341,-738.868058258149,203.965047361664
8342,-736.26805825815,203.965047361664
8343,-735.893058258149,203.590047361664
8344,-735.893058258149,201.690047361663
8345,-736.26805825815,201.315047361663
8346,-738.868058258149,201.315047361663
8347,-739.243058258149,201.690047361663
8348,-739.243058258149,203.590047361664
8349,-743.118058258149,203.965047361664
8350,-740.51805825815,203.965047361664
8351,-740.14305825815,203.590047361664
8352,-740.14305825815,201.690047361663
8353,-740.51805825815,201.315047361663
8354,-743.118058258149,201.315047361663
8355,-743.493058258149,201.690047361663
8356,-743.493058258149,203.590047361664
8357,-747.368058258149,203.965047361664
8358,-744.76805825815,203.965047361664
8359,-744.393058258149,203.590047361664
8360,-744.393058258149,201.690047361663
8361,-744.76805825815,201.315047361663
8362,-747.368058258149,201.315047361663
8363,-747.743058258149,201.690047361663
8364,-747.743058258149,203.590047361664
8365,-751.618058258149,203.965047361664
8366,-749.01805825815,203.965047361664
8367,-748.64305825815,203.590047361664
8368,-748.64305825815,201.690047361663
8369,-749.01805825815,201.315047361663
8370,-751.618058258149,201.315047361663
8371,-751.993058258149,201.690047361663
8372,-751.993058258149,203.590047361664
8373,-755.868058258149,203.965047361664
8374,-753.26805825815,203.965047361664
8375,-752.893058258149,203.590047361664
8376,-752.893058258149,201.690047361663
8377,-753.26805825815,201.315047361663
8378,-755.868058258149,201.315047361663
8379,-756.243058258149,201.690047361663
8380,-756.243058258149,203.590047361664
8381,-760.118058258149,203.965047361664
8382,-757.51805825815,203.965047361664
8383,-757.14305825815,203.590047361664
8384,-757.14305825815,201.690047361663
8385,-757.51805825815,201.315047361663
8386,-760.118058258149,201.315047361663
8387,-760.493058258149,201.690047361663
8388,-760.493058258149,203.590047361664
8389,-764.368058258149,203.965047361664
8390,-761.76805825815,203.965047361664
8391,-761.393058258149,203.590047361664
8392,-761.393058258149,201.690047361663
8393,-761.76805825815,201.315047361663
8394,-764.368058258149,201.315047361663
8395,-764.743058258149,201.690047361663
8396,-764.743058258149,203.590047361664
8397,-768.618058258149,203.965047361664
8398,-766.01805825815,203.965047361664
8399,-765.64305825815,203.590047361664
8400,-765.64305825815,201.690047361663
8401,-766.01805825815,201.315047361663
8402,-768.618058258149,201.315047361663
8403,-768.993058258149,201.690047361663
8404,-768.993058258149,203.590047361664
8405,-768.618058258149,200.415047361664
8406,-766.01805825815,200.415047361664
8407,-765.64305825815,200.040047361664
8408,-765.64305825815,198.140047361663
8409,-766.01805825815,197.765047361663
8410,-768.618058258149,197.765047361663
8411,-768.993058258149,198.140047361663
8412,-768.993058258149,200.040047361664
8413,-764.368058258149,200.415047361664
8414,-761.76805825815,200.415047361664
8415,-761.393058258149,200.040047361664
8416,-761.393058258149,198.140047361663
8417,-761.76805825815,197.765047361663
8418,-764.368058258149,197.765047361663
8419,-764.743058258149,198.140047361663
8420,-764.743058258149,200.040047361664
8421,-760.118058258149,200.415047361664
8422,-757.51805825815,200.415047361664
8423,-757.14305825815,200.040047361664
8424,-757.14305825815,198.140047361663
8425,-757.51805825815,197.765047361663
8426,-760.118058258149,197.765047361663
8427,-760.493058258149,198.140047361663
8428,-760.493058258149,200.040047361664
8429,-755.868058258149,200.415047361664
8430,-753.26805825815,200.415047361664
8431,-752.893058258149,200.040047361664
8432,-752.893058258149,198.140047361663
8433,-753.26805825815,197.765047361663
8434,-755.868058258149,197.765047361663
8435,-756.243058258149,198.140047361663
8436,-756.243058258149,200.040047361664
8437,-751.618058258149,200.415047361664
8438,-749.01805825815,200.415047361664
8439,-748.64305825815,200.040047361664
8440,-748.64305825815,198.140047361663
8441,-749.01805825815,197.765047361663
8442,-751.618058258149,197.765047361663
8443,-751.993058258149,198.140047361663
8444,-751.993058258149,200.040047361664
8445,-747.368058258149,200.415047361664
8446,-744.76805825815,200.415047361664
8447,-744.393058258149,200.040047361664
8448,-744.393058258149,198.140047361663
8449,-744.76805825815,197.765047361663
8450,-747.368058258149,197.765047361663
8451,-747.743058258149,198.140047361663
8452,-747.743058258149,200.040047361664
8453,-743.118058258149,200.415047361664
8454,-740.51805825815,200.415047361664
8455,-740.14305825815,200.040047361664
8456,-740.14305825815,198.140047361663
8457,-740.51805825815,197.765047361663
8458,-743.118058258149,197.765047361663
8459,-743.493058258149,198.140047361663
8460,-743.493058258149,200.040047361664
8461,-738.868058258149,200.415047361664
8462,-736.26805825815,200.415047361664
8463,-735.893058258149,200.040047361664
8464,-735.893058258149,198.140047361663
8465,-736.26805825815,197.765047361663
8466,-738.868058258149,197.765047361663
8467,-739.243058258149,198.140047361663
8468,-739.243058258149,200.040047361664
8469,-734.618058258149,200.415047361664
8470,-732.01805825815,200.415047361664
8471,-731.64305825815,200.040047361664
8472,-731.64305825815,198.140047361663
8473,-732.01805825815,197.765047361663
8474,-734.618058258149,197.765047361663
8475,-734.993058258149,198.140047361663
8476,-734.993058258149,200.040047361664
8477,-730.368058258149,200.415047361664
8478,-727.76805825815,200.415047361664
8479,-727.393058258149,200.040047361664
8480,-727.393058258149,198.140047361663
8481,-727.76805825815,197.765047361663
8482,-730.368058258149,197.765047361663
8483,-730.743058258149,198.140047361663
8484,-730.743058258149,200.040047361664
8485,-726.118058258149,200.415047361664
8486,-723.51805825815,200.415047361664
8487,-723.14305825815,200.040047361664
8488,-723.14305825815,198.140047361663
8489,-723.51805825815,197.765047361663
8490,-726.118058258149,197.765047361663
8491,-726.493058258149,198.140047361663
8492,-726.493058258149,200.040047361664
8493,-721.868058258149,200.415047361664
8494,-719.26805825815,200.415047361664
8495,-718.893058258149,200.040047361664
8496,-718.893058258149,198.140047361663
8497,-719.26805825815,197.765047361663
8498,-721.868058258149,197.765047361663
8499,-722.243058258149,198.140047361663
8500,-722.243058258149,200.040047361664
8501,-717.618058258149,200.415047361664
8502,-715.01805825815,200.415047361664
8503,-714.64305825815,200.040047361664
8504,-714.64305825815,198.140047361663
8505,-715.01805825815,197.765047361663
8506,-717.618058258149,197.765047361663
8507,-717.993058258149,198.140047361663
8508,-717.993058258149,200.040047361664
8509,-713.368058258149,200.415047361664
8510,-710.76805825815,200.415047361664
8511,-710.39305825815,200.040047361664
8512,-710.39305825815,198.140047361663
8513,-710.76805825815,197.765047361663
8514,-713.368058258149,197.765047361663
8515,-713.743058258149,198.140047361663
8516,-713.743058258149,200.040047361664
8517,-709.118058258149,200.415047361664
8518,-706.51805825815,200.415047361664
8519,-706.14305825815,200.040047361664
8520,-706.14305825815,198.140047361663
8521,-706.51805825815,197.765047361663
8522,-709.118058258149,197.765047361663
8523,-709.493058258149,198.140047361663
8524,-709.493058258149,200.040047361664
8525,-704.868058258149,200.415047361664
8526,-702.26805825815,200.415047361664
8527,-701.89305825815,200.040047361664
8528,-701.89305825815,198.140047361663
8529,-702.26805825815,197.765047361663
8530,-704.868058258149,197.765047361663
8531,-705.243058258149,198.140047361663
8532,-705.243058258149,200.040047361664
8533,-700.618058258149,200.415047361664
8534,-698.01805825815,200.415047361664
8535,-697.64305825815,200.040047361664
8536,-697.64305825815,198.140047361663
8537,-698.01805825815,197.765047361663
8538,-700.618058258149,197.765047361663
8539,-700.993058258149,198.140047361663
8540,-700.993058258149,200.040047361664
8541,-696.368058258149,200.415047361664
8542,-693.76805825815,200.415047361664
8543,-693.39305825815,200.040047361664
8544,-693.39305825815,198.140047361663
8545,-693.76805825815,197.765047361663
8546,-696.368058258149,197.765047361663
8547,-696.743058258149,198.140047361663
8548,-696.743058258149,200.040047361664
8549,-692.118058258149,200.415047361664
8550,-689.51805825815,200.415047361664
8551,-689.14305825815,200.040047361664
8552,-689.14305825815,198.140047361663
8553,-689.51805825815,197.765047361663
8554,-692.118058258149,197.765047361663
8555,-692.493058258149,198.140047361663
8556,-692.493058258149,200.040047361664
8557,-687.868058258149,200.415047361664
8558,-685.26805825815,200.415047361664
8559,-684.89305825815,200.040047361664
8560,-684.89305825815,198.140047361663
8561,-685.26805825815,197.765047361663
8562,-687.868058258149,197.765047361663
8563,-688.243058258149,198.140047361663
8564,-688.243058258149,200.040047361664
8565,-683.618058258149,200.415047361664
8566,-681.01805825815,200.415047361664
8567,-680.64305825815,200.040047361664
8568,-680.64305825815,198.140047361663
8569,-681.01805825815,197.765047361663
8570,-683.618058258149,197.765047361663
8571,-683.993058258149,198.140047361663
8572,-683.993058258149,200.040047361664
8573,-679.368058258149,200.415047361664
8574,-676.76805825815,200.415047361664
8575,-676.39305825815,200.040047361664
8576,-676.39305825815,198.140047361663
8577,-676.76805825815,197.765047361663
8578,-679.368058258149,197.765047361663
8579,-679.743058258149,198.140047361663
8580,-679.743058258149,200.040047361664
8581,-675.118058258149,200.415047361664
8582,-672.51805825815,200.415047361664
8583,-672.14305825815,200.040047361664
8584,-672.14305825815,198.140047361663
8585,-672.51805825815,197.765047361663
8586,-675.118058258149,197.765047361663
8587,-675.493058258149,198.140047361663
8588,-675.493058258149,200.040047361664
8589,-670.868058258149,200.415047361664
8590,-668.26805825815,200.415047361664
8591,-667.89305825815,200.040047361664
8592,-667.89305825815,198.140047361663
8593,-668.26805825815,197.765047361663
8594,-670.868058258149,197.765047361663
8595,-671.243058258149,198.140047361663
8596,-671.243058258149,200.040047361664
8597,-666.618058258149,200.415047361664
8598,-664.01805825815,200.415047361664
8599,-663.64305825815,200.040047361664
8600,-663.64305825815,198.140047361663
8601,-664.01805825815,197.765047361663
8602,-666.618058258149,197.765047361663
8603,-666.993058258149,198.140047361663
8604,-666.993058258149,200.040047361664
8605,-666.618058258149,196.865047361664
8606,-664.01805825815,196.865047361664
8607,-663.64305825815,196.490047361664
8608,-663.64305825815,194.590047361663
8609,-664.01805825815,194.215047361663
8610,-666.618058258149,194.215047361663
8611,-666.993058258149,194.590047361663
8612,-666.993058258149,196.490047361664
8613,-670.868058258149,196.865047361664
8614,-668.26805825815,196.865047361664
8615,-667.89305825815,196.490047361664
8616,-667.89305825815,194.590047361663
8617,-668.26805825815,194.215047361663
8618,-670.868058258149,194.215047361663
8619,-671.243058258149,194.590047361663
8620,-671.243058258149,196.490047361664
8621,-675.118058258149,196.865047361664
8622,-672.51805825815,196.865047361664
8623,-672.14305825815,196.490047361664
8624,-672.14305825815,194.590047361663
8625,-672.51805825815,194.215047361663
8626,-675.118058258149,194.215047361663
8627,-675.493058258149,194.590047361663
8628,-675.493058258149,196.490047361664
8629,-679.368058258149,196.865047361664
8630,-676.76805825815,196.865047361664
8631,-676.39305825815,196.490047361664
8632,-676.39305825815,194.590047361663
8633,-676.76805825815,194.215047361663
8634,-679.368058258149,194.215047361663
8635,-679.743058258149,194.590047361663
8636,-679.743058258149,196.490047361664
8637,-683.618058258149,196.865047361664
8638,-681.01805825815,196.865047361664
8639,-680.64305825815,196.490047361664
8640,-680.64305825815,194.590047361663
8641,-681.01805825815,194.215047361663
8642,-683.618058258149,194.215047361663
8643,-683.993058258149,194.590047361663
8644,-683.993058258149,196.490047361664
8645,-687.868058258149,196.865047361664
8646,-685.26805825815,196.865047361664
8647,-684.89305825815,196.490047361664
8648,-684.89305825815,194.590047361663
8649,-685.26805825815,194.215047361663
8650,-687.868058258149,194.215047361663
8651,-688.243058258149,194.590047361663
8652,-688.243058258149,196.490047361664
8653,-692.118058258149,196.865047361664
8654,-689.51805825815,196.865047361664
8655,-689.14305825815,196.490047361664
8656,-689.14305825815,194.590047361663
8657,-689.51805825815,194.215047361663
8658,-692.118058258149,194.215047361663
8659,-692.493058258149,194.590047361663
8660,-692.493058258149,196.490047361664
8661,-696.368058258149,196.865047361664
8662,-693.76805825815,196.865047361664
8663,-693.39305825815,196.490047361664
8664,-693.39305825815,194.590047361663
8665,-693.76805825815,194.215047361663
8666,-696.368058258149,194.215047361663
8667,-696.743058258149,194.590047361663
8668,-696.743058258149,196.490047361664
8669,-700.618058258149,196.865047361664
8670,-698.01805825815,196.865047361664
8671,-697.64305825815,196.490047361664
8672,-697.64305825815,194.590047361663
8673,-698.01805825815,194.215047361663
8674,-700.618058258149,194.215047361663
8675,-700.993058258149,194.590047361663
8676,-700.993058258149,196.490047361664
8677,-704.868058258149,196.865047361664
8678,-702.26805825815,196.865047361664
8679,-701.89305825815,196.490047361664
8680,-701.89305825815,194.590047361663
8681,-702.26805825815,194.215047361663
8682,-704.868058258149,194.215047361663
8683,-705.243058258149,194.590047361663
8684,-705.243058258149,196.490047361664
8685,-709.118058258149,196.865047361664
8686,-706.51805825815,196.865047361664
8687,-706.14305825815,196.490047361664
8688,-706.14305825815,194.590047361663
8689,-706.51805825815,194.215047361663
8690,-709.118058258149,194.215047361663
8691,-709.493058258149,194.590047361663
8692,-709.493058258149,196.490047361664
8693,-713.368058258149,196.865047361664
8694,-710.76805825815,196.865047361664
8695,-710.39305825815,196.490047361664
8696,-710.39305825815,194.590047361663
8697,-710.76805825815,194.215047361663
8698,-713.368058258149,194.215047361663
8699,-713.743058258149,194.590047361663
8700,-713.743058258149,196.490047361664
8701,-717.618058258149,196.865047361664
8702,-715.01805825815,196.865047361664
8703,-714.64305825815,196.490047361664
8704,-714.64305825815,194.590047361663
8705,-715.01805825815,194.215047361663
8706,-717.618058258149,194.215047361663
8707,-717.993058258149,194.590047361663
8708,-717.993058258149,196.490047361664
8709,-721.868058258149,196.865047361664
8710,-719.26805825815,196.865047361664
8711,-718.893058258149,196.490047361664
8712,-718.893058258149,194.590047361663
8713,-719.26805825815,194.215047361663
8714,-721.868058258149,194.215047361663
8715,-722.243058258149,194.590047361663
8716,-722.243058258149,196.490047361664
8717,-726.118058258149,196.865047361664
8718,-723.51805825815,196.865047361664
8719,-723.14305825815,196.490047361664
8720,-723.14305825815,194.590047361663
8721,-723.51805825815,194.215047361663
8722,-726.118058258149,194.215047361663
8723,-726.493058258149,194.590047361663
8724,-726.493058258149,196.490047361664
8725,-730.368058258149,196.865047361664
8726,-727.76805825815,196.865047361664
8727,-727.393058258149,196.490047361664
8728,-727.393058258149,194.590047361663
8729,-727.76805825815,194.215047361663
8730,-730.368058258149,194.215047361663
8731,-730.743058258149,194.590047361663
8732,-730.743058258149,196.490047361664
8733,-734.618058258149,196.865047361664
8734,-732.01805825815,196.865047361664
8735,-731.64305825815,196.490047361664
8736,-731.64305825815,194.590047361663
8737,-732.01805825815,194.215047361663
8738,-734.618058258149,194.215047361663
8739,-734.993058258149,194.590047361663
8740,-734.993058258149,196.490047361664
8741,-738.868058258149,196.865047361664
8742,-736.26805825815,196.865047361664
8743,-735.893058258149,196.490047361664
8744,-735.893058258149,194.590047361663
8745,-736.26805825815,194.215047361663
8746,-738.868058258149,194.215047361663
8747,-739.243058258149,194.590047361663
8748,-739.243058258149,196.490047361664
8749,-743.118058258149,196.865047361664
8750,-740.51805825815,196.865047361664
8751,-740.14305825815,196.490047361664
8752,-740.14305825815,194.590047361663
8753,-740.51805825815,194.215047361663
8754,-743.118058258149,194.215047361663
8755,-743.493058258149,194.590047361663
8756,-743.493058258149,196.490047361664
8757,-747.368058258149,196.865047361664
8758,-744.76805825815,196.865047361664
8759,-744.393058258149,196.490047361664
8760,-744.393058258149,194.590047361663
8761,-744.76805825815,194.215047361663
8762,-747.368058258149,194.215047361663
8763,-747.743058258149,194.590047361663
8764,-747.743058258149,196.490047361664
8765,-751.618058258149,196.865047361664
8766,-749.01805825815,196.865047361664
8767,-748.64305825815,196.490047361664
8768,-748.64305825815,194.590047361663
8769,-749.01805825815,194.215047361663
8770,-751.618058258149,194.215047361663
8771,-751.993058258149,194.590047361663
8772,-751.993058258149,196.490047361664
8773,-755.868058258149,196.865047361664
8774,-753.26805825815,196.865047361664
8775,-752.893058258149,196.490047361664
8776,-752.893058258149,194.590047361663
8777,-753.26805825815,194.215047361663
8778,-755.868058258149,194.215047361663
8779,-756.243058258149,194.590047361663
8780,-756.243058258149,196.490047361664
8781,-760.118058258149,196.865047361664
8782,-757.51805825815,196.865047361664
8783,-757.14305825815,196.490047361664
8784,-757.14305825815,194.590047361663
8785,-757.51805825815,194.215047361663
8786,-760.118058258149,194.215047361663
8787,-760.493058258149,194.590047361663
8788,-760.493058258149,196.490047361664
8789,-764.368058258149,196.865047361664
8790,-761.76805825815,196.865047361664
8791,-761.393058258149,196.490047361664
8792,-761.393058258149,194.590047361663
8793,-761.76805825815,194.215047361663
8794,-764.368058258149,194.215047361663
8795,-764.743058258149,194.590047361663
8796,-764.743058258149,196.490047361664
8797,-768.618058258149,196.865047361664
8798,-766.01805825815,196.865047361664
8799,-765.64305825815,196.490047361664
8800,-765.64305825815,194.590047361663
8801,-766.01805825815,194.215047361663
8802,-768.618058258149,194.215047361663
8803,-768.993058258149,194.590047361663
8804,-768.993058258149,196.490047361664
8805,-768.618058258149,193.315047361664
8806,-766.01805825815,193.315047361664
8807,-765.64305825815,192.940047361664
8808,-765.64305825815,191.040047361663
8809,-766.01805825815,190.665047361663
8810,-768.618058258149,190.665047361663
8811,-768.993058258149,191.040047361663
8812,-768.993058258149,192.940047361664
8813,-764.368058258149,193.315047361664
8814,-761.76805825815,193.315047361664
8815,-761.393058258149,192.940047361664
8816,-761.393058258149,191.040047361663
8817,-761.76805825815,190.665047361663
8818,-764.368058258149,190.665047361663
8819,-764.743058258149,191.040047361663
8820,-764.743058258149,192.940047361664
8821,-760.118058258149,193.315047361664
8822,-757.51805825815,193.315047361664
8823,-757.14305825815,192.940047361664
8824,-757.14305825815,191.040047361663
8825,-757.51805825815,190.665047361663
8826,-760.118058258149,190.665047361663
8827,-760.493058258149,191.040047361663
8828,-760.493058258149,192.940047361664
8829,-755.868058258149,193.315047361664
8830,-753.26805825815,193.315047361664
8831,-752.893058258149,192.940047361664
8832,-752.893058258149,191.040047361663
8833,-753.26805825815,190.665047361663
8834,-755.868058258149,190.665047361663
8835,-756.243058258149,191.040047361663
8836,-756.243058258149,192.940047361664
8837,-751.618058258149,193.315047361664
8838,-749.01805825815,193.315047361664
8839,-748.64305825815,192.940047361664
8840,-748.64305825815,191.040047361663
8841,-749.01805825815,190.665047361663
8842,-751.618058258149,190.665047361663
8843,-751.993058258149,191.040047361663
8844,-751.993058258149,192.940047361664
8845,-747.368058258149,193.315047361664
8846,-744.76805825815,193.315047361664
8847,-744.393058258149,192.940047361664
8848,-744.393058258149,191.040047361663
8849,-744.76805825815,190.665047361663
8850,-747.368058258149,190.665047361663
8851,-747.743058258149,191.040047361663
8852,-747.743058258149,192.940047361664
8853,-743.118058258149,193.315047361664
8854,-740.51805825815,193.315047361664
8855,-740.14305825815,192.940047361664
8856,-740.14305825815,191.040047361663
8857,-740.51805825815,190.665047361663
8858,-743.118058258149,190.665047361663
8859,-743.493058258149,191.040047361663
8860,-743.493058258149,192.940047361664
8861,-738.868058258149,193.315047361664
8862,-736.26805825815,193.315047361664
8863,-735.893058258149,192.940047361664
8864,-735.893058258149,191.040047361663
8865,-736.26805825815,190.665047361663
8866,-738.868058258149,190.665047361663
8867,-739.243058258149,191.040047361663
8868,-739.243058258149,192.940047361664
8869,-734.618058258149,193.315047361664
8870,-732.01805825815,193.315047361664
8871,-731.64305825815,192.940047361664
8872,-731.64305825815,191.040047361663
8873,-732.01805825815,190.665047361663
8874,-734.618058258149,190.665047361663
8875,-734.993058258149,191.040047361663
8876,-734.993058258149,192.940047361664
8877,-730.368058258149,193.315047361664
8878,-727.76805825815,193.315047361664
8879,-727.393058258149,192.940047361664
8880,-727.393058258149,191.040047361663
8881,-727.76805825815,190.665047361663
8882,-730.368058258149,190.665047361663
8883,-730.743058258149,191.040047361663
8884,-730.743058258149,192.940047361664
8885,-726.118058258149,193.315047361664
8886,-723.51805825815,193.315047361664
8887,-723.14305825815,192.940047361664
8888,-723.14305825815,191.040047361663
8889,-723.51805825815,190.665047361663
8890,-726.118058258149,190.665047361663
8891,-726.493058258149,191.040047361663
8892,-726.493058258149,192.940047361664
8893,-721.868058258149,193.315047361664
8894,-719.26805825815,193.315047361664
8895,-718.893058258149,192.940047361664
8896,-718.893058258149,191.040047361663
8897,-719.26805825815,190.665047361663
8898,-721.868058258149,190.665047361663
8899,-722.243058258149,191.040047361663
8900,-722.243058258149,192.940047361664
8901,-717.618058258149,193.315047361664
8902,-715.01805825815,193.315047361664
8903,-714.64305825815,192.940047361664
8904,-714.64305825815,191.040047361663
8905,-715.01805825815,190.665047361663
8906,-717.618058258149,190.665047361663
8907,-717.993058258149,191.040047361663
8908,-717.993058258149,192.940047361664
8909,-713.368058258149,193.315047361664
8910,-710.76805825815,193.315047361664
8911,-710.39305825815,192.940047361664
8912,-710.39305825815,191.040047361663
8913,-710.76805825815,190.665047361663
8914,-713.368058258149,190.665047361663
8915,-713.743058258149,191.040047361663
8916,-713.743058258149,192.940047361664
8917,-709.118058258149,193.315047361664
8918,-706.51805825815,193.315047361664
8919,-706.14305825815,192.940047361664
8920,-706.14305825815,191.040047361663
8921,-706.51805825815,190.665047361663
8922,-709.118058258149,190.665047361663
8923,-709.493058258149,191.040047361663
8924,-709.493058258149,192.940047361664
8925,-704.868058258149,193.315047361664
8926,-702.26805825815,193.315047361664
8927,-701.89305825815,192.940047361664
8928,-701.89305825815,191.040047361663
8929,-702.26805825815,190.665047361663
8930,-704.868058258149,190.665047361663
8931,-705.243058258149,191.040047361663
8932,-705.243058258149,192.940047361664
8933,-700.618058258149,193.315047361664
8934,-698.01805825815,193.315047361664
8935,-697.64305825815,192.940047361664
8936,-697.64305825815,191.040047361663
8937,-698.01805825815,190.665047361663
8938,-700.618058258149,190.665047361663
8939,-700.993058258149,191.040047361663
8940,-700.993058258149,192.940047361664
8941,-696.368058258149,193.315047361664
8942,-693.76805825815,193.315047361664
8943,-693.39305825815,192.940047361664
8944,-693.39305825815,191.040047361663
8945,-693.76805825815,190.665047361663
8946,-696.368058258149,190.665047361663
8947,-696.743058258149,191.040047361663
8948,-696.743058258149,192.940047361664
8949,-692.118058258149,193.315047361664
8950,-689.51805825815,193.315047361664
8951,-689.14305825815,192.940047361664
8952,-689.14305825815,191.040047361663
8953,-689.51805825815,190.665047361663
8954,-692.118058258149,190.665047361663
8955,-692.493058258149,191.040047361663
8956,-692.493058258149,192.940047361664
8957,-687.868058258149,193.315047361664
8958,-685.26805825815,193.315047361664
8959,-684.89305825815,192.940047361664
8960,-684.89305825815,191.040047361663
8961,-685.26805825815,190.665047361663
8962,-687.868058258149,190.665047361663
8963,-688.243058258149,191.040047361663
8964,-688.243058258149,192.940047361664
8965,-683.618058258149,193.315047361664
8966,-681.01805825815,193.315047361664
8967,-680.64305825815,192.940047361664
8968,-680.64305825815,191.040047361663
8969,-681.01805825815,190.665047361663
8970,-683.618058258149,190.665047361663
8971,-683.993058258149,191.040047361663
8972,-683.993058258149,192.940047361664
8973,-679.368058258149,193.315047361664
8974,-676.76805825815,193.315047361664
8975,-676.39305825815,192.940047361664
8976,-676.39305825815,191.040047361663
8977,-676.76805825815,190.665047361663
8978,-679.368058258149,190.665047361663
8979,-679.743058258149,191.040047361663
8980,-679.743058258149,192.940047361664
8981,-675.118058258149,193.315047361664
8982,-672.51805825815,193.315047361664
8983,-672.14305825815,192.940047361664
8984,-672.14305825815,191.040047361663
8985,-672.51805825815,190.665047361663
8986,-675.118058258149,190.665047361663
8987,-675.493058258149,191.040047361663
8988,-675.493058258149,192.940047361664
8989,-670.868058258149,193.315047361664
8990,-668.26805825815,193.315047361664
8991,-667.89305825815,192.940047361664
8992,-667.89305825815,191.040047361663
8993,-668.26805825815,190.665047361663
8994,-670.868058258149,190.665047361663
8995,-671.243058258149,191.040047361663
8996,-671.243058258149,192.940047361664
8997,-666.618058258149,193.315047361664
8998,-664.01805825815,193.315047361664
8999,-663.64305825815,192.940047361664
9000,-663.64305825815,191.040047361663
9001,-664.01805825815,190.665047361663
9002,-666.618058258149,190.665047361663
9003,-666.993058258149,191.040047361663
9004,-666.993058258149,192.940047361664
9005,-666.618058258149,189.765047361664
9006,-664.01805825815,189.765047361664
9007,-663.64305825815,189.390047361664
9008,-663.64305825815,187.490047361663
9009,-664.01805825815,187.115047361663
9010,-666.618058258149,187.115047361663
9011,-666.993058258149,187.490047361663
9012,-666.993058258149,189.390047361664
9013,-670.868058258149,189.765047361664
9014,-668.26805825815,189.765047361664
9015,-667.89305825815,189.390047361664
9016,-667.89305825815,187.490047361663
9017,-668.26805825815,187.115047361663
9018,-670.868058258149,187.115047361663
9019,-671.243058258149,187.490047361663
9020,-671.243058258149,189.390047361664
9021,-675.118058258149,189.765047361664
9022,-672.51805825815,189.765047361664
9023,-672.14305825815,189.390047361664
9024,-672.14305825815,187.490047361663
9025,-672.51805825815,187.115047361663
9026,-675.118058258149,187.115047361663
9027,-675.493058258149,187.490047361663
9028,-675.493058258149,189.390047361664
9029,-679.368058258149,189.765047361664
9030,-676.76805825815,189.765047361664
9031,-676.39305825815,189.390047361664
9032,-676.39305825815,187.490047361663
9033,-676.76805825815,187.115047361663
9034,-679.368058258149,187.115047361663
9035,-679.743058258149,187.490047361663
9036,-679.743058258149,189.390047361664
9037,-683.618058258149,189.765047361664
9038,-681.01805825815,189.765047361664
9039,-680.64305825815,189.390047361664
9040,-680.64305825815,187.490047361663
9041,-681.01805825815,187.115047361663
9042,-683.618058258149,187.115047361663
9043,-683.993058258149,187.490047361663
9044,-683.993058258149,189.390047361664
9045,-687.868058258149,189.765047361664
9046,-685.26805825815,189.765047361664
9047,-684.89305825815,189.390047361664
9048,-684.89305825815,187.490047361663
9049,-685.26805825815,187.115047361663
9050,-687.868058258149,187.115047361663
9051,-688.243058258149,187.490047361663
9052,-688.243058258149,189.390047361664
9053,-692.118058258149,189.765047361664
9054,-689.51805825815,189.765047361664
9055,-689.14305825815,189.390047361664
9056,-689.14305825815,187.490047361663
9057,-689.51805825815,187.115047361663
9058,-692.118058258149,187.115047361663
9059,-692.493058258149,187.490047361663
9060,-692.493058258149,189.390047361664
9061,-696.368058258149,189.765047361664
9062,-693.76805825815,189.765047361664
9063,-693.39305825815,189.390047361664
9064,-693.39305825815,187.490047361663
9065,-693.76805825815,187.115047361663
9066,-696.368058258149,187.115047361663
9067,-696.743058258149,187.490047361663
9068,-696.743058258149,189.390047361664
9069,-700.618058258149,189.765047361664
9070,-698.01805825815,189.765047361664
9071,-697.64305825815,189.390047361664
9072,-697.64305825815,187.490047361663
9073,-698.01805825815,187.115047361663
9074,-700.618058258149,187.115047361663
9075,-700.993058258149,187.490047361663
9076,-700.993058258149,189.390047361664
9077,-704.868058258149,189.765047361664
9078,-702.26805825815,189.765047361664
9079,-701.89305825815,189.390047361664
9080,-701.89305825815,187.490047361663
9081,-702.26805825815,187.115047361663
9082,-704.868058258149,187.115047361663
9083,-705.243058258149,187.490047361663
9084,-705.243058258149,189.390047361664
9085,-709.118058258149,189.765047361664
9086,-706.51805825815,189.765047361664
9087,-706.14305825815,189.390047361664
9088,-706.14305825815,187.490047361663
9089,-706.51805825815,187.115047361663
9090,-709.118058258149,187.115047361663
9091,-709.493058258149,187.490047361663
9092,-709.493058258149,189.390047361664
9093,-713.368058258149,189.765047361664
9094,-710.76805825815,189.765047361664
9095,-710.39305825815,189.390047361664
9096,-710.39305825815,187.490047361663
9097,-710.76805825815,187.115047361663
9098,-713.368058258149,187.115047361663
9099,-713.743058258149,187.490047361663
9100,-713.743058258149,189.390047361664
9101,-717.618058258149,189.765047361664
9102,-715.01805825815,189.765047361664
9103,-714.64305825815,189.390047361664
9104,-714.64305825815,187.490047361663
9105,-715.01805825815,187.115047361663
9106,-717.618058258149,187.115047361663
9107,-717.993058258149,187.490047361663
9108,-717.993058258149,189.390047361664
9109,-721.868058258149,189.765047361664
9110,-719.26805825815,189.765047361664
9111,-718.893058258149,189.390047361664
9112,-718.893058258149,187.490047361663
9113,-719.26805825815,187.115047361663
9114,-721.868058258149,187.115047361663
9115,-722.243058258149,187.490047361663
9116,-722.243058258149,189.390047361664
9117,-726.118058258149,189.765047361664
9118,-723.51805825815,189.765047361664
9119,-723.14305825815,189.390047361664
9120,-723.14305825815,187.490047361663
9121,-723.51805825815,187.115047361663
9122,-726.118058258149,187.115047361663
9123,-726.493058258149,187.490047361663
9124,-726.493058258149,189.390047361664
9125,-730.368058258149,189.765047361664
9126,-727.76805825815,189.765047361664
9127,-727.393058258149,189.390047361664
9128,-727.393058258149,187.490047361663
9129,-727.76805825815,187.115047361663
9130,-730.368058258149,187.115047361663
9131,-730.743058258149,187.490047361663
9132,-730.743058258149,189.390047361664
9133,-734.618058258149,189.765047361664
9134,-732.01805825815,189.765047361664
9135,-731.64305825815,189.390047361664
9136,-731.64305825815,187.490047361663
9137,-732.01805825815,187.115047361663
9138,-734.618058258149,187.115047361663
9139,-734.993058258149,187.490047361663
9140,-734.993058258149,189.390047361664
9141,-738.868058258149,189.765047361664
9142,-736.26805825815,189.765047361664
9143,-735.893058258149,189.390047361664
9144,-735.893058258149,187.490047361663
9145,-736.26805825815,187.115047361663
9146,-738.868058258149,187.115047361663
9147,-739.243058258149,187.490047361663
9148,-739.243058258149,189.390047361664
9149,-743.118058258149,189.765047361664
9150,-740.51805825815,189.765047361664
9151,-740.14305825815,189.390047361664
9152,-740.14305825815,187.490047361663
9153,-740.51805825815,187.115047361663
9154,-743.118058258149,187.115047361663
9155,-743.493058258149,187.490047361663
9156,-743.493058258149,189.390047361664
9157,-747.368058258149,189.765047361664
9158,-744.76805825815,189.765047361664
9159,-744.393058258149,189.390047361664
9160,-744.393058258149,187.490047361663
9161,-744.76805825815,187.115047361663
9162,-747.368058258149,187.115047361663
9163,-747.743058258149,187.490047361663
9164,-747.743058258149,189.390047361664
9165,-751.618058258149,189.765047361664
9166,-749.01805825815,189.765047361664
9167,-748.64305825815,189.390047361664
9168,-748.64305825815,187.490047361663
9169,-749.01805825815,187.115047361663
9170,-751.618058258149,187.115047361663
9171,-751.993058258149,187.490047361663
9172,-751.993058258149,189.390047361664
9173,-755.868058258149,189.765047361664
9174,-753.26805825815,189.765047361664
9175,-752.893058258149,189.390047361664
9176,-752.893058258149,187.490047361663
9177,-753.26805825815,187.115047361663
9178,-755.868058258149,187.115047361663
9179,-756.243058258149,187.490047361663
9180,-756.243058258149,189.390047361664
9181,-760.118058258149,189.765047361664
9182,-757.51805825815,189.765047361664
9183,-757.14305825815,189.390047361664
9184,-757.14305825815,187.490047361663
9185,-757.51805825815,187.115047361663
9186,-760.118058258149,187.115047361663
9187,-760.493058258149,187.490047361663
9188,-760.493058258149,189.390047361664
9189,-764.368058258149,189.765047361664
9190,-761.76805825815,189.765047361664
9191,-761.393058258149,189.390047361664
9192,-761.393058258149,187.490047361663
9193,-761.76805825815,187.115047361663
9194,-764.368058258149,187.115047361663
9195,-764.743058258149,187.490047361663
9196,-764.743058258149,189.390047361664
9197,-768.618058258149,189.765047361664
9198,-766.01805825815,189.765047361664
9199,-765.64305825815,189.390047361664
9200,-765.64305825815,187.490047361663
9201,-766.01805825815,187.115047361663
9202,-768.618058258149,187.115047361663
9203,-768.993058258149,187.490047361663
9204,-768.993058258149,189.390047361664
9205,-768.618058258149,186.215047361664
9206,-766.01805825815,186.215047361664
9207,-765.64305825815,185.840047361664
9208,-765.64305825815,183.940047361663
9209,-766.01805825815,183.565047361663
9210,-768.618058258149,183.565047361663
9211,-768.993058258149,183.940047361663
9212,-768.993058258149,185.840047361664
9213,-764.368058258149,186.215047361664
9214,-761.76805825815,186.215047361664
9215,-761.393058258149,185.840047361664
9216,-761.393058258149,183.940047361663
9217,-761.76805825815,183.565047361663
9218,-764.368058258149,183.565047361663
9219,-764.743058258149,183.940047361663
9220,-764.743058258149,185.840047361664
9221,-760.118058258149,186.215047361664
9222,-757.51805825815,186.215047361664
9223,-757.14305825815,185.840047361664
9224,-757.14305825815,183.940047361663
9225,-757.51805825815,183.565047361663
9226,-760.118058258149,183.565047361663
9227,-760.493058258149,183.940047361663
9228,-760.493058258149,185.840047361664
9229,-755.868058258149,186.215047361664
9230,-753.26805825815,186.215047361664
9231,-752.893058258149,185.840047361664
9232,-752.893058258149,183.940047361663
9233,-753.26805825815,183.565047361663
9234,-755.868058258149,183.565047361663
9235,-756.243058258149,183.940047361663
9236,-756.243058258149,185.840047361664
9237,-751.618058258149,186.215047361664
9238,-749.01805825815,186.215047361664
9239,-748.64305825815,185.840047361664
9240,-748.64305825815,183.940047361663
9241,-749.01805825815,183.565047361663
9242,-751.618058258149,183.565047361663
9243,-751.993058258149,183.940047361663
9244,-751.993058258149,185.840047361664
9245,-747.368058258149,186.215047361664
9246,-744.76805825815,186.215047361664
9247,-744.393058258149,185.840047361664
9248,-744.393058258149,183.940047361663
9249,-744.76805825815,183.565047361663
9250,-747.368058258149,183.565047361663
9251,-747.743058258149,183.940047361663
9252,-747.743058258149,185.840047361664
9253,-743.118058258149,186.215047361664
9254,-740.51805825815,186.215047361664
9255,-740.14305825815,185.840047361664
9256,-740.14305825815,183.940047361663
9257,-740.51805825815,183.565047361663
9258,-743.118058258149,183.565047361663
9259,-743.493058258149,183.940047361663
9260,-743.493058258149,185.840047361664
9261,-738.868058258149,186.215047361664
9262,-736.26805825815,186.215047361664
9263,-735.893058258149,185.840047361664
9264,-735.893058258149,183.940047361663
9265,-736.26805825815,183.565047361663
9266,-738.868058258149,183.565047361663
9267,-739.243058258149,183.940047361663
9268,-739.243058258149,185.840047361664
9269,-734.618058258149,186.215047361664
9270,-732.01805825815,186.215047361664
9271,-731.64305825815,185.840047361664
9272,-731.64305825815,183.940047361663
9273,-732.01805825815,183.565047361663
9274,-734.618058258149,183.565047361663
9275,-734.993058258149,183.940047361663
9276,-734.993058258149,185.840047361664
9277,-730.368058258149,186.215047361664
9278,-727.76805825815,186.215047361664
9279,-727.393058258149,185.840047361664
9280,-727.393058258149,183.940047361663
9281,-727.76805825815,183.565047361663
9282,-730.368058258149,183.565047361663
9283,-730.743058258149,183.940047361663
9284,-730.743058258149,185.840047361664
9285,-726.118058258149,186.215047361664
9286,-723.51805825815,186.215047361664
9287,-723.14305825815,185.840047361664
9288,-723.14305825815,183.940047361663
9289,-723.51805825815,183.565047361663
9290,-726.118058258149,183.565047361663
9291,-726.493058258149,183.940047361663
9292,-726.493058258149,185.840047361664
9293,-721.868058258149,186.215047361664
9294,-719.26805825815,186.215047361664
9295,-718.893058258149,185.840047361664
9296,-718.893058258149,183.940047361663
9297,-719.26805825815,183.565047361663
9298,-721.868058258149,183.565047361663
9299,-722.243058258149,183.940047361663
9300,-722.243058258149,185.840047361664
9301,-717.618058258149,186.215047361664
9302,-715.01805825815,186.215047361664
9303,-714.64305825815,185.840047361664
9304,-714.64305825815,183.940047361663
9305,-715.01805825815,183.565047361663
9306,-717.618058258149,183.565047361663
9307,-717.993058258149,183.940047361663
9308,-717.993058258149,185.840047361664
9309,-713.368058258149,186.215047361664
9310,-710.76805825815,186.215047361664
9311,-710.39305825815,185.840047361664
9312,-710.39305825815,183.940047361663
9313,-710.76805825815,183.565047361663
9314,-713.368058258149,183.565047361663
9315,-713.743058258149,183.940047361663
9316,-713.743058258149,185.840047361664
9317,-709.118058258149,186.215047361664
9318,-706.51805825815,186.215047361664
9319,-706.14305825815,185.840047361664
9320,-706.14305825815,183.940047361663
9321,-706.51805825815,183.565047361663
9322,-709.118058258149,183.565047361663
9323,-709.493058258149,183.940047361663
9324,-709.493058258149,185.840047361664
9325,-704.868058258149,186.215047361664
9326,-702.26805825815,186.215047361664
9327,-701.89305825815,185.840047361664
9328,-701.89305825815,183.940047361663
9329,-702.26805825815,183.565047361663
9330,-704.868058258149,183.565047361663
9331,-705.243058258149,183.940047361663
9332,-705.243058258149,185.840047361664
9333,-700.618058258149,186.215047361664
9334,-698.01805825815,186.215047361664
9335,-697.64305825815,185.840047361664
9336,-697.64305825815,183.940047361663
9337,-698.01805825815,183.565047361663
9338,-700.618058258149,183.565047361663
9339,-700.993058258149,183.940047361663
9340,-700.993058258149,185.840047361664
9341,-696.368058258149,186.215047361664
9342,-693.76805825815,186.215047361664
9343,-693.39305825815,185.840047361664
9344,-693.39305825815,183.940047361663
9345,-693.76805825815,183.565047361663
9346,-696.368058258149,183.565047361663
9347,-696.743058258149,183.940047361663
9348,-696.743058258149,185.840047361664
9349,-692.118058258149,186.215047361664
9350,-689.51805825815,186.215047361664
9351,-689.14305825815,185.840047361664
9352,-689.14305825815,183.940047361663
9353,-689.51805825815,183.565047361663
9354,-692.118058258149,183.565047361663
9355,-692.493058258149,183.940047361663
9356,-692.493058258149,185.840047361664
9357,-687.868058258149,186.215047361664
9358,-685.26805825815,186.215047361664
9359,-684.89305825815,185.840047361664
9360,-684.89305825815,183.940047361663
9361,-685.26805825815,183.565047361663
9362,-687.868058258149,183.565047361663
9363,-688.243058258149,183.940047361663
9364,-688.243058258149,185.840047361664
9365,-683.618058258149,186.215047361664
9366,-681.01805825815,186.215047361664
9367,-680.64305825815,185.840047361664
9368,-680.64305825815,183.940047361663
9369,-681.01805825815,183.565047361663
9370,-683.618058258149,183.565047361663
9371,-683.993058258149,183.940047361663
9372,-683.993058258149,185.840047361664
9373,-679.368058258149,186.215047361664
9374,-676.76805825815,186.215047361664
9375,-676.39305825815,185.840047361664
9376,-676.39305825815,183.940047361663
9377,-676.76805825815,183.565047361663
9378,-679.368058258149,183.565047361663
9379,-679.743058258149,183.940047361663
9380,-679.743058258149,185.840047361664
9381,-675.118058258149,186.215047361664
9382,-672.51805825815,186.215047361664
9383,-672.14305825815,185.840047361664
9384,-672.14305825815,183.940047361663
9385,-672.51805825815,183.565047361663
9386,-675.118058258149,183.565047361663
9387,-675.493058258149,183.940047361663
9388,-675.493058258149,185.840047361664
9389,-670.868058258149,186.215047361664
9390,-668.26805825815,186.215047361664
9391,-667.89305825815,185.840047361664
9392,-667.89305825815,183.940047361663
9393,-668.26805825815,183.565047361663
9394,-670.868058258149,183.565047361663
9395,-671.243058258149,183.940047361663
9396,-671.243058258149,185.840047361664
9397,-666.618058258149,186.215047361664
9398,-664.01805825815,186.215047361664
9399,-663.64305825815,185.840047361664
9400,-663.64305825815,183.940047361663
9401,-664.01805825815,183.565047361663
9402,-666.618058258149,183.565047361663
9403,-666.993058258149,183.940047361663
9404,-666.993058258149,185.840047361664
9405,-666.618058258149,182.665047361664
9406,-664.01805825815,182.665047361664
9407,-663.64305825815,182.290047361664
9408,-663.64305825815,180.390047361663
9409,-664.01805825815,180.015047361663
9410,-666.618058258149,180.015047361663
9411,-666.993058258149,180.390047361663
9412,-666.993058258149,182.290047361664
9413,-670.868058258149,182.665047361664
9414,-668.26805825815,182.665047361664
9415,-667.89305825815,182.290047361664
9416,-667.89305825815,180.390047361663
9417,-668.26805825815,180.015047361663
9418,-670.868058258149,180.015047361663
9419,-671.243058258149,180.390047361663
9420,-671.243058258149,182.290047361664
9421,-675.118058258149,182.665047361664
9422,-672.51805825815,182.665047361664
9423,-672.14305825815,182.290047361664
9424,-672.14305825815,180.390047361663
9425,-672.51805825815,180.015047361663
9426,-675.118058258149,180.015047361663
9427,-675.493058258149,180.390047361663
9428,-675.493058258149,182.290047361664
9429,-679.368058258149,182.665047361664
9430,-676.76805825815,182.665047361664
9431,-676.39305825815,182.290047361664
9432,-676.39305825815,180.390047361663
9433,-676.76805825815,180.015047361663
9434,-679.368058258149,180.015047361663
9435,-679.743058258149,180.390047361663
9436,-679.743058258149,182.290047361664
9437,-683.618058258149,182.665047361664
9438,-681.01805825815,182.665047361664
9439,-680.64305825815,182.290047361664
9440,-680.64305825815,180.390047361663
9441,-681.01805825815,180.015047361663
9442,-683.618058258149,180.015047361663
9443,-683.993058258149,180.390047361663
9444,-683.993058258149,182.290047361664
9445,-687.868058258149,182.665047361664
9446,-685.26805825815,182.665047361664
9447,-684.89305825815,182.290047361664
9448,-684.89305825815,180.390047361663
9449,-685.26805825815,180.015047361663
9450,-687.868058258149,180.015047361663
9451,-688.243058258149,180.390047361663
9452,-688.243058258149,182.290047361664
9453,-692.118058258149,182.665047361664
9454,-689.51805825815,182.665047361664
9455,-689.14305825815,182.290047361664
9456,-689.14305825815,180.390047361663
9457,-689.51805825815,180.015047361663
9458,-692.118058258149,180.015047361663
9459,-692.493058258149,180.390047361663
9460,-692.493058258149,182.290047361664
9461,-696.368058258149,182.665047361664
9462,-693.76805825815,182.665047361664
9463,-693.39305825815,182.290047361664
9464,-693.39305825815,180.390047361663
9465,-693.76805825815,180.015047361663
9466,-696.368058258149,180.015047361663
9467,-696.743058258149,180.390047361663
9468,-696.743058258149,182.290047361664
9469,-700.618058258149,182.665047361664
9470,-698.01805825815,182.665047361664
9471,-697.64305825815,182.290047361664
9472,-697.64305825815,180.390047361663
9473,-698.01805825815,180.015047361663
9474,-700.618058258149,180.015047361663
9475,-700.993058258149,180.390047361663
9476,-700.993058258149,182.290047361664
9477,-704.868058258149,182.665047361664
9478,-702.26805825815,182.665047361664
9479,-701.89305825815,182.290047361664
9480,-701.89305825815,180.390047361663
9481,-702.26805825815,180.015047361663
9482,-704.868058258149,180.015047361663
9483,-705.243058258149,180.390047361663
9484,-705.243058258149,182.290047361664
9485,-709.118058258149,182.665047361664
9486,-706.51805825815,182.665047361664
9487,-706.14305825815,182.290047361664
9488,-706.14305825815,180.390047361663
9489,-706.51805825815,180.015047361663
9490,-709.118058258149,180.015047361663
9491,-709.493058258149,180.390047361663
9492,-709.493058258149,182.290047361664
9493,-713.368058258149,182.665047361664
9494,-710.76805825815,182.665047361664
9495,-710.39305825815,182.290047361664
9496,-710.39305825815,180.390047361663
9497,-710.76805825815,180.015047361663
9498,-713.368058258149,180.015047361663
9499,-713.743058258149,180.390047361663
9500,-713.743058258149,182.290047361664
9501,-717.618058258149,182.665047361664
9502,-715.01805825815,182.665047361664
9503,-714.64305825815,182.290047361664
9504,-714.64305825815,180.390047361663
9505,-715.01805825815,180.015047361663
9506,-717.618058258149,180.015047361663
9507,-717.993058258149,180.390047361663
9508,-717.993058258149,182.290047361664
9509,-721.868058258149,182.665047361664
9510,-719.26805825815,182.665047361664
9511,-718.893058258149,182.290047361664
9512,-718.893058258149,180.390047361663
9513,-719.26805825815,180.015047361663
9514,-721.868058258149,180.015047361663
9515,-722.243058258149,180.390047361663
9516,-722.243058258149,182.290047361664
9517,-726.118058258149,182.665047361664
9518,-723.51805825815,182.665047361664
9519,-723.14305825815,182.290047361664
9520,-723.14305825815,180.390047361663
9521,-723.51805825815,180.015047361663
9522,-726.118058258149,180.015047361663
9523,-726.493058258149,180.390047361663
9524,-726.493058258149,182.290047361664
9525,-730.368058258149,182.665047361664
9526,-727.76805825815,182.665047361664
9527,-727.393058258149,182.290047361664
9528,-727.393058258149,180.390047361663
9529,-727.76805825815,180.015047361663
9530,-730.368058258149,180.015047361663
9531,-730.743058258149,180.390047361663
9532,-730.743058258149,182.290047361664
9533,-734.618058258149,182.665047361664
9534,-732.01805825815,182.665047361664
9535,-731.64305825815,182.290047361664
9536,-731.64305825815,180.390047361663
9537,-732.01805825815,180.015047361663
9538,-734.618058258149,180.015047361663
9539,-734.993058258149,180.390047361663
9540,-734.993058258149,182.290047361664
9541,-738.868058258149,182.665047361664
9542,-736.26805825815,182.665047361664
9543,-735.893058258149,182.290047361664
9544,-735.893058258149,180.390047361663
9545,-736.26805825815,180.015047361663
9546,-738.868058258149,180.015047361663
9547,-739.243058258149,180.390047361663
9548,-739.243058258149,182.290047361664
9549,-743.118058258149,182.665047361664
9550,-740.51805825815,182.665047361664
9551,-740.14305825815,182.290047361664
9552,-740.14305825815,180.390047361663
9553,-740.51805825815,180.015047361663
9554,-743.118058258149,180.015047361663
9555,-743.493058258149,180.390047361663
9556,-743.493058258149,182.290047361664
9557,-747.368058258149,182.665047361664
9558,-744.76805825815,182.665047361664
9559,-744.393058258149,182.290047361664
9560,-744.393058258149,180.390047361663
9561,-744.76805825815,180.015047361663
9562,-747.368058258149,180.015047361663
9563,-747.743058258149,180.390047361663
9564,-747.743058258149,182.290047361664
9565,-751.618058258149,182.665047361664
9566,-749.01805825815,182.665047361664
9567,-748.64305825815,182.290047361664
9568,-748.64305825815,180.390047361663
9569,-749.01805825815,180.015047361663
9570,-751.618058258149,180.015047361663
9571,-751.993058258149,180.390047361663
9572,-751.993058258149,182.290047361664
9573,-755.868058258149,182.665047361664
9574,-753.26805825815,182.665047361664
9575,-752.893058258149,182.290047361664
9576,-752.893058258149,180.390047361663
9577,-753.26805825815,180.015047361663
9578,-755.868058258149,180.015047361663
9579,-756.243058258149,180.390047361663
9580,-756.243058258149,182.290047361664
9581,-760.118058258149,182.665047361664
9582,-757.51805825815,182.665047361664
9583,-757.14305825815,182.290047361664
9584,-757.14305825815,180.390047361663
9585,-757.51805825815,180.015047361663
9586,-760.118058258149,180.015047361663
9587,-760.493058258149,180.390047361663
9588,-760.493058258149,182.290047361664
9589,-764.368058258149,182.665047361664
9590,-761.76805825815,182.665047361664
9591,-761.393058258149,182.290047361664
9592,-761.393058258149,180.390047361663
9593,-761.76805825815,180.015047361663
9594,-764.368058258149,180.015047361663
9595,-764.743058258149,180.390047361663
9596,-764.743058258149,182.290047361664
9597,-768.618058258149,182.665047361664
9598,-766.01805825815,182.665047361664
9599,-765.64305825815,182.290047361664
9600,-765.64305825815,180.390047361663
9601,-766.01805825815,180.015047361663
9602,-768.618058258149,180.015047361663
9603,-768.993058258149,180.390047361663
9604,-768.993058258149,182.290047361664
9605,-768.618058258149,179.115047361664
9606,-766.01805825815,179.115047361664
9607,-765.64305825815,178.740047361664
9608,-765.64305825815,176.840047361663
9609,-766.01805825815,176.465047361663
9610,-768.618058258149,176.465047361663
9611,-768.993058258149,176.840047361663
9612,-768.993058258149,178.740047361664
9613,-764.368058258149,179.115047361664
9614,-761.76805825815,179.115047361664
9615,-761.393058258149,178.740047361664
9616,-761.393058258149,176.840047361663
9617,-761.76805825815,176.465047361663
9618,-764.368058258149,176.465047361663
9619,-764.743058258149,176.840047361663
9620,-764.743058258149,178.740047361664
9621,-760.118058258149,179.115047361664
9622,-757.51805825815,179.115047361664
9623,-757.14305825815,178.740047361664
9624,-757.14305825815,176.840047361663
9625,-757.51805825815,176.465047361663
9626,-760.118058258149,176.465047361663
9627,-760.493058258149,176.840047361663
9628,-760.493058258149,178.740047361664
9629,-755.868058258149,179.115047361664
9630,-753.26805825815,179.115047361664
9631,-752.893058258149,178.740047361664
9632,-752.893058258149,176.840047361663
9633,-753.26805825815,176.465047361663
9634,-755.868058258149,176.465047361663
9635,-756.243058258149,176.840047361663
9636,-756.243058258149,178.740047361664
9637,-751.618058258149,179.115047361664
9638,-749.01805825815,179.115047361664
9639,-748.64305825815,178.740047361664
9640,-748.64305825815,176.840047361663
9641,-749.01805825815,176.465047361663
9642,-751.618058258149,176.465047361663
9643,-751.993058258149,176.840047361663
9644,-751.993058258149,178.740047361664
9645,-747.368058258149,179.115047361664
9646,-744.76805825815,179.115047361664
9647,-744.393058258149,178.740047361664
9648,-744.393058258149,176.840047361663
9649,-744.76805825815,176.465047361663
9650,-747.368058258149,176.465047361663
9651,-747.743058258149,176.840047361663
9652,-747.743058258149,178.740047361664
9653,-743.118058258149,179.115047361664
9654,-740.51805825815,179.115047361664
9655,-740.14305825815,178.740047361664
9656,-740.14305825815,176.840047361663
9657,-740.51805825815,176.465047361663
9658,-743.118058258149,176.465047361663
9659,-743.493058258149,176.840047361663
9660,-743.493058258149,178.740047361664
9661,-738.868058258149,179.115047361664
9662,-736.26805825815,179.115047361664
9663,-735.893058258149,178.740047361664
9664,-735.893058258149,176.840047361663
9665,-736.26805825815,176.465047361663
9666,-738.868058258149,176.465047361663
9667,-739.243058258149,176.840047361663
9668,-739.243058258149,178.740047361664
9669,-734.618058258149,179.115047361664
9670,-732.01805825815,179.115047361664
9671,-731.64305825815,178.740047361664
9672,-731.64305825815,176.840047361663
9673,-732.01805825815,176.465047361663
9674,-734.618058258149,176.465047361663
9675,-734.993058258149,176.840047361663
9676,-734.993058258149,178.740047361664
9677,-730.368058258149,179.115047361664
9678,-727.76805825815,179.115047361664
9679,-727.393058258149,178.740047361664
9680,-727.393058258149,176.840047361663
9681,-727.76805825815,176.465047361663
9682,-730.368058258149,176.465047361663
9683,-730.743058258149,176.840047361663
9684,-730.743058258149,178.740047361664
9685,-726.118058258149,179.115047361664
9686,-723.51805825815,179.115047361664
9687,-723.14305825815,178.740047361664
9688,-723.14305825815,176.840047361663
9689,-723.51805825815,176.465047361663
9690,-726.118058258149,176.465047361663
9691,-726.493058258149,176.840047361663
9692,-726.493058258149,178.740047361664
9693,-721.868058258149,179.115047361664
9694,-719.26805825815,179.115047361664
9695,-718.893058258149,178.740047361664
9696,-718.893058258149,176.840047361663
9697,-719.26805825815,176.465047361663
9698,-721.868058258149,176.465047361663
9699,-722.243058258149,176.840047361663
9700,-722.243058258149,178.740047361664
9701,-717.618058258149,179.115047361664
9702,-715.01805825815,179.115047361664
9703,-714.64305825815,178.740047361664
9704,-714.64305825815,176.840047361663
9705,-715.01805825815,176.465047361663
9706,-717.618058258149,176.465047361663
9707,-717.993058258149,176.840047361663
9708,-717.993058258149,178.740047361664
9709,-713.368058258149,179.115047361664
9710,-710.76805825815,179.115047361664
9711,-710.39305825815,178.740047361664
9712,-710.39305825815,176.840047361663
9713,-710.76805825815,176.465047361663
9714,-713.368058258149,176.465047361663
9715,-713.743058258149,176.840047361663
9716,-713.743058258149,178.740047361664
9717,-709.118058258149,179.115047361664
9718,-706.51805825815,179.115047361664
9719,-706.14305825815,178.740047361664
9720,-706.14305825815,176.840047361663
9721,-706.51805825815,176.465047361663
9722,-709.118058258149,176.465047361663
9723,-709.493058258149,176.840047361663
9724,-709.493058258149,178.740047361664
9725,-704.868058258149,179.115047361664
9726,-702.26805825815,179.115047361664
9727,-701.89305825815,178.740047361664
9728,-701.89305825815,176.840047361663
9729,-702.26805825815,176.465047361663
9730,-704.868058258149,176.465047361663
9731,-705.243058258149,176.840047361663
9732,-705.243058258149,178.740047361664
9733,-700.618058258149,179.115047361664
9734,-698.01805825815,179.115047361664
9735,-697.64305825815,178.740047361664
9736,-697.64305825815,176.840047361663
9737,-698.01805825815,176.465047361663
9738,-700.618058258149,176.465047361663
9739,-700.993058258149,176.840047361663
9740,-700.993058258149,178.740047361664
9741,-696.368058258149,179.115047361664
9742,-693.76805825815,179.115047361664
9743,-693.39305825815,178.740047361664
9744,-693.39305825815,176.840047361663
9745,-693.76805825815,176.465047361663
9746,-696.368058258149,176.465047361663
9747,-696.743058258149,176.840047361663
9748,-696.743058258149,178.740047361664
9749,-692.118058258149,179.115047361664
9750,-689.51805825815,179.115047361664
9751,-689.14305825815,178.740047361664
9752,-689.14305825815,176.840047361663
9753,-689.51805825815,176.465047361663
9754,-692.118058258149,176.465047361663
9755,-692.493058258149,176.840047361663
9756,-692.493058258149,178.740047361664
9757,-687.868058258149,179.115047361664
9758,-685.26805825815,179.115047361664
9759,-684.89305825815,178.740047361664
9760,-684.89305825815,176.840047361663
9761,-685.26805825815,176.465047361663
9762,-687.868058258149,176.465047361663
9763,-688.243058258149,176.840047361663
9764,-688.243058258149,178.740047361664
9765,-683.618058258149,179.115047361664
9766,-681.01805825815,179.115047361664
9767,-680.64305825815,178.740047361664
9768,-680.64305825815,176.840047361663
9769,-681.01805825815,176.465047361663
9770,-683.618058258149,176.465047361663
9771,-683.993058258149,176.840047361663
9772,-683.993058258149,178.740047361664
9773,-679.368058258149,179.115047361664
9774,-676.76805825815,179.115047361664
9775,-676.39305825815,178.740047361664
9776,-676.39305825815,176.840047361663
9777,-676.76805825815,176.465047361663
9778,-679.368058258149,176.465047361663
9779,-679.743058258149,176.840047361663
9780,-679.743058258149,178.740047361664
9781,-675.118058258149,179.115047361664
9782,-672.51805825815,179.115047361664
9783,-672.14305825815,178.740047361664
9784,-672.14305825815,176.840047361663
9785,-672.51805825815,176.465047361663
9786,-675.118058258149,176.465047361663
9787,-675.493058258149,176.840047361663
9788,-675.493058258149,178.740047361664
9789,-670.868058258149,179.115047361664
9790,-668.26805825815,179.115047361664
9791,-667.89305825815,178.740047361664
9792,-667.89305825815,176.840047361663
9793,-668.26805825815,176.465047361663
9794,-670.868058258149,176.465047361663
9795,-671.243058258149,176.840047361663
9796,-671.243058258149,178.740047361664
9797,-666.618058258149,179.115047361664
9798,-664.01805825815,179.115047361664
9799,-663.64305825815,178.740047361664
9800,-663.64305825815,176.840047361663
9801,-664.01805825815,176.465047361663
9802,-666.618058258149,176.465047361663
9803,-666.993058258149,176.840047361663
9804,-666.993058258149,178.740047361664
9805,-666.618058258149,175.565047361664
9806,-664.01805825815,175.565047361664
9807,-663.64305825815,175.190047361664
9808,-663.64305825815,173.290047361663
9809,-664.01805825815,172.915047361663
9810,-666.618058258149,172.915047361663
9811,-666.993058258149,173.290047361663
9812,-666.993058258149,175.190047361664
9813,-670.868058258149,175.565047361664
9814,-668.26805825815,175.565047361664
9815,-667.89305825815,175.190047361664
9816,-667.89305825815,173.290047361663
9817,-668.26805825815,172.915047361663
9818,-670.868058258149,172.915047361663
9819,-671.243058258149,173.290047361663
9820,-671.243058258149,175.190047361664
9821,-675.118058258149,175.565047361664
9822,-672.51805825815,175.565047361664
9823,-672.14305825815,175.190047361664
9824,-672.14305825815,173.290047361663
9825,-672.51805825815,172.915047361663
9826,-675.118058258149,172.915047361663
9827,-675.493058258149,173.290047361663
9828,-675.493058258149,175.190047361664
9829,-679.368058258149,175.565047361664
9830,-676.76805825815,175.565047361664
9831,-676.39305825815,175.190047361664
9832,-676.39305825815,173.290047361663
9833,-676.76805825815,172.915047361663
9834,-679.368058258149,172.915047361663
9835,-679.743058258149,173.290047361663
9836,-679.743058258149,175.190047361664
9837,-683.618058258149,175.565047361664
9838,-681.01805825815,175.565047361664
9839,-680.64305825815,175.190047361664
9840,-680.64305825815,173.290047361663
9841,-681.01805825815,172.915047361663
9842,-683.618058258149,172.915047361663
9843,-683.993058258149,173.290047361663
9844,-683.993058258149,175.190047361664
9845,-687.868058258149,175.565047361664
9846,-685.26805825815,175.565047361664
9847,-684.89305825815,175.190047361664
9848,-684.89305825815,173.290047361663
9849,-685.26805825815,172.915047361663
9850,-687.868058258149,172.915047361663
9851,-688.243058258149,173.290047361663
9852,-688.243058258149,175.190047361664
9853,-692.118058258149,175.565047361664
9854,-689.51805825815,175.565047361664
9855,-689.14305825815,175.190047361664
9856,-689.14305825815,173.290047361663
9857,-689.51805825815,172.915047361663
9858,-692.118058258149,172.915047361663
9859,-692.493058258149,173.290047361663
9860,-692.493058258149,175.190047361664
9861,-696.368058258149,175.565047361664
9862,-693.76805825815,175.565047361664
9863,-693.39305825815,175.190047361664
9864,-693.39305825815,173.290047361663
9865,-693.76805825815,172.915047361663
9866,-696.368058258149,172.915047361663
9867,-696.743058258149,173.290047361663
9868,-696.743058258149,175.190047361664
9869,-700.618058258149,175.565047361664
9870,-698.01805825815,175.565047361664
9871,-697.64305825815,175.190047361664
9872,-697.64305825815,173.290047361663
9873,-698.01805825815,172.915047361663
9874,-700.618058258149,172.915047361663
9875,-700.993058258149,173.290047361663
9876,-700.993058258149,175.190047361664
9877,-704.868058258149,175.565047361664
9878,-702.26805825815,175.565047361664
9879,-701.89305825815,175.190047361664
9880,-701.89305825815,173.290047361663
9881,-702.26805825815,172.915047361663
9882,-704.868058258149,172.915047361663
9883,-705.243058258149,173.290047361663
9884,-705.243058258149,175.190047361664
9885,-709.118058258149,175.565047361664
9886,-706.51805825815,175.565047361664
9887,-706.14305825815,175.190047361664
9888,-706.14305825815,173.290047361663
9889,-706.51805825815,172.915047361663
9890,-709.118058258149,172.915047361663
9891,-709.493058258149,173.290047361663
9892,-709.493058258149,175.190047361664
9893,-713.368058258149,175.565047361664
9894,-710.76805825815,175.565047361664
9895,-710.39305825815,175.190047361664
9896,-710.39305825815,173.290047361663
9897,-710.76805825815,172.915047361663
9898,-713.368058258149,172.915047361663
9899,-713.743058258149,173.290047361663
9900,-713.743058258149,175.190047361664
9901,-717.618058258149,175.565047361664
9902,-715.01805825815,175.565047361664
9903,-714.64305825815,175.190047361664
9904,-714.64305825815,173.290047361663
9905,-715.01805825815,172.915047361663
9906,-717.618058258149,172.915047361663
9907,-717.993058258149,173.290047361663
9908,-717.993058258149,175.190047361664
9909,-721.868058258149,175.565047361664
9910,-719.26805825815,175.565047361664
9911,-718.893058258149,175.190047361664
9912,-718.893058258149,173.290047361663
9913,-719.26805825815,172.915047361663
9914,-721.868058258149,172.915047361663
9915,-722.243058258149,173.290047361663
9916,-722.243058258149,175.190047361664
9917,-726.118058258149,175.565047361664
9918,-723.51805825815,175.565047361664
9919,-723.14305825815,175.190047361664
9920,-723.14305825815,173.290047361663
9921,-723.51805825815,172.915047361663
9922,-726.118058258149,172.915047361663
9923,-726.493058258149,173.290047361663
9924,-726.493058258149,175.190047361664
9925,-730.368058258149,175.565047361664
9926,-727.76805825815,175.565047361664
9927,-727.393058258149,175.190047361664
9928,-727.393058258149,173.290047361663
9929,-727.76805825815,172.915047361663
9930,-730.368058258149,172.915047361663
9931,-730.743058258149,173.290047361663
9932,-730.743058258149,175.190047361664
9933,-734.618058258149,175.565047361664
9934,-732.01805825815,175.565047361664
9935,-731.64305825815,175.190047361664
9936,-731.64305825815,173.290047361663
9937,-732.01805825815,172.915047361663
9938,-734.618058258149,172.915047361663
9939,-734.993058258149,173.290047361663
9940,-734.993058258149,175.190047361664
9941,-738.868058258149,175.565047361664
9942,-736.26805825815,175.565047361664
9943,-735.893058258149,175.190047361664
9944,-735.893058258149,173.290047361663
9945,-736.26805825815,172.915047361663
9946,-738.868058258149,172.915047361663
9947,-739.243058258149,173.290047361663
9948,-739.243058258149,175.190047361664
9949,-743.118058258149,175.565047361664
9950,-740.51805825815,175.565047361664
9951,-740.14305825815,175.190047361664
9952,-740.14305825815,173.290047361663
9953,-740.51805825815,172.915047361663
9954,-743.118058258149,172.915047361663
9955,-743.493058258149,173.290047361663
9956,-743.493058258149,175.190047361664
9957,-747.368058258149,175.565047361664
9958,-744.76805825815,175.565047361664
9959,-744.393058258149,175.190047361664
9960,-744.393058258149,173.290047361663
9961,-744.76805825815,172.915047361663
9962,-747.368058258149,172.915047361663
9963,-747.743058258149,173.290047361663
9964,-747.743058258149,175.190047361664
9965,-751.618058258149,175.565047361664
9966,-749.01805825815,175.565047361664
9967,-748.64305825815,175.190047361664
9968,-748.64305825815,173.290047361663
9969,-749.01805825815,172.915047361663
9970,-751.618058258149,172.915047361663
9971,-751.993058258149,173.290047361663
9972,-751.993058258149,175.190047361664
9973,-755.868058258149,175.565047361664
9974,-753.26805825815,175.565047361664
9975,-752.893058258149,175.190047361664
9976,-752.893058258149,173.290047361663
9977,-753.26805825815,172.915047361663
9978,-755.868058258149,172.915047361663
9979,-756.243058258149,173.290047361663
9980,-756.243058258149,175.190047361664
9981,-760.118058258149,175.565047361664
9982,-757.51805825815,175.565047361664
9983,-757.14305825815,175.190047361664
9984,-757.14305825815,173.290047361663
9985,-757.51805825815,172.915047361663
9986,-760.118058258149,172.915047361663
9987,-760.493058258149,173.290047361663
9988,-760.493058258149,175.190047361664
9989,-764.368058258149,175.565047361664
9990,-761.76805825815,175.565047361664
9991,-761.393058258149,175.190047361664
9992,-761.393058258149,173.290047361663
9993,-761.76805825815,172.915047361663
9994,-764.368058258149,172.915047361663
9995,-764.743058258149,173.290047361663
9996,-764.743058258149,175.190047361664
9997,-768.618058258149,175.565047361664
9998,-766.01805825815,175.565047361664
9999,-765.64305825815,175.190047361664
10000,-765.64305825815,173.290047361663
10001,-766.01805825815,172.915047361663
10002,-768.618058258149,172.915047361663
10003,-768.993058258149,173.290047361663
10004,-768.993058258149,175.190047361664
10005,-768.618058258149,172.015047361664
10006,-766.01805825815,172.015047361664
10007,-765.64305825815,171.640047361664
10008,-765.64305825815,169.740047361663
10009,-766.01805825815,169.365047361663
10010,-768.618058258149,169.365047361663
10011,-768.993058258149,169.740047361663
10012,-768.993058258149,171.640047361664
10013,-764.368058258149,172.015047361664
10014,-761.76805825815,172.015047361664
10015,-761.393058258149,171.640047361664
10016,-761.393058258149,169.740047361663
10017,-761.76805825815,169.365047361663
10018,-764.368058258149,169.365047361663
10019,-764.743058258149,169.740047361663
10020,-764.743058258149,171.640047361664
10021,-760.118058258149,172.015047361664
10022,-757.51805825815,172.015047361664
10023,-757.14305825815,171.640047361664
10024,-757.14305825815,169.740047361663
10025,-757.51805825815,169.365047361663
10026,-760.118058258149,169.365047361663
10027,-760.493058258149,169.740047361663
10028,-760.493058258149,171.640047361664
10029,-755.868058258149,172.015047361664
10030,-753.26805825815,172.015047361664
10031,-752.893058258149,171.640047361664
10032,-752.893058258149,169.740047361663
10033,-753.26805825815,169.365047361663
10034,-755.868058258149,169.365047361663
10035,-756.243058258149,169.740047361663
10036,-756.243058258149,171.640047361664
10037,-751.618058258149,172.015047361664
10038,-749.01805825815,172.015047361664
10039,-748.64305825815,171.640047361664
10040,-748.64305825815,169.740047361663
10041,-749.01805825815,169.365047361663
10042,-751.618058258149,169.365047361663
10043,-751.993058258149,169.740047361663
10044,-751.993058258149,171.640047361664
10045,-747.368058258149,172.015047361664
10046,-744.76805825815,172.015047361664
10047,-744.393058258149,171.640047361664
10048,-744.393058258149,169.740047361663
10049,-744.76805825815,169.365047361663
10050,-747.368058258149,169.365047361663
10051,-747.743058258149,169.740047361663
10052,-747.743058258149,171.640047361664
10053,-743.118058258149,172.015047361664
10054,-740.51805825815,172.015047361664
10055,-740.14305825815,171.640047361664
10056,-740.14305825815,169.740047361663
10057,-740.51805825815,169.365047361663
10058,-743.118058258149,169.365047361663
10059,-743.493058258149,169.740047361663
10060,-743.493058258149,171.640047361664
10061,-738.868058258149,172.015047361664
10062,-736.26805825815,172.015047361664
10063,-735.893058258149,171.640047361664
10064,-735.893058258149,169.740047361663
10065,-736.26805825815,169.365047361663
10066,-738.868058258149,169.365047361663
10067,-739.243058258149,169.740047361663
10068,-739.243058258149,171.640047361664
10069,-734.618058258149,172.015047361664
10070,-732.01805825815,172.015047361664
10071,-731.64305825815,171.640047361664
10072,-731.64305825815,169.740047361663
10073,-732.01805825815,169.365047361663
10074,-734.618058258149,169.365047361663
10075,-734.993058258149,169.740047361663
10076,-734.993058258149,171.640047361664
10077,-730.368058258149,172.015047361664
10078,-727.76805825815,172.015047361664
10079,-727.393058258149,171.640047361664
10080,-727.393058258149,169.740047361663
10081,-727.76805825815,169.365047361663
10082,-730.368058258149,169.365047361663
10083,-730.743058258149,169.740047361663
10084,-730.743058258149,171.640047361664
10085,-726.118058258149,172.015047361664
10086,-723.51805825815,172.015047361664
10087,-723.14305825815,171.640047361664
10088,-723.14305825815,169.740047361663
10089,-723.51805825815,169.365047361663
10090,-726.118058258149,169.365047361663
10091,-726.493058258149,169.740047361663
10092,-726.493058258149,171.640047361664
10093,-721.868058258149,172.015047361664
10094,-719.26805825815,172.015047361664
10095,-718.893058258149,171.640047361664
10096,-718.893058258149,169.740047361663
10097,-719.26805825815,169.365047361663
10098,-721.868058258149,169.365047361663
10099,-722.243058258149,169.740047361663
10100,-722.243058258149,171.640047361664
10101,-717.618058258149,172.015047361664
10102,-715.01805825815,172.015047361664
10103,-714.64305825815,171.640047361664
10104,-714.64305825815,169.740047361663
10105,-715.01805825815,169.365047361663
10106,-717.618058258149,169.365047361663
10107,-717.993058258149,169.740047361663
10108,-717.993058258149,171.640047361664
10109,-713.368058258149,172.015047361664
10110,-710.76805825815,172.015047361664
10111,-710.39305825815,171.640047361664
10112,-710.39305825815,169.740047361663
10113,-710.76805825815,169.365047361663
10114,-713.368058258149,169.365047361663
10115,-713.743058258149,169.740047361663
10116,-713.743058258149,171.640047361664
10117,-709.118058258149,172.015047361664
10118,-706.51805825815,172.015047361664
10119,-706.14305825815,171.640047361664
10120,-706.14305825815,169.740047361663
10121,-706.51805825815,169.365047361663
10122,-709.118058258149,169.365047361663
10123,-709.493058258149,169.740047361663
10124,-709.493058258149,171.640047361664
10125,-704.868058258149,172.015047361664
10126,-702.26805825815,172.015047361664
10127,-701.89305825815,171.640047361664
10128,-701.89305825815,169.740047361663
10129,-702.26805825815,169.365047361663
10130,-704.868058258149,169.365047361663
10131,-705.243058258149,169.740047361663
10132,-705.243058258149,171.640047361664
10133,-700.618058258149,172.015047361664
10134,-698.01805825815,172.015047361664
10135,-697.64305825815,171.640047361664
10136,-697.64305825815,169.740047361663
10137,-698.01805825815,169.365047361663
10138,-700.618058258149,169.365047361663
10139,-700.993058258149,169.740047361663
10140,-700.993058258149,171.640047361664
10141,-696.368058258149,172.015047361664
10142,-693.76805825815,172.015047361664
10143,-693.39305825815,171.640047361664
10144,-693.39305825815,169.740047361663
10145,-693.76805825815,169.365047361663
10146,-696.368058258149,169.365047361663
10147,-696.743058258149,169.740047361663
10148,-696.743058258149,171.640047361664
10149,-692.118058258149,172.015047361664
10150,-689.51805825815,172.015047361664
10151,-689.14305825815,171.640047361664
10152,-689.14305825815,169.740047361663
10153,-689.51805825815,169.365047361663
10154,-692.118058258149,169.365047361663
10155,-692.493058258149,169.740047361663
10156,-692.493058258149,171.640047361664
10157,-687.868058258149,172.015047361664
10158,-685.26805825815,172.015047361664
10159,-684.89305825815,171.640047361664
10160,-684.89305825815,169.740047361663
10161,-685.26805825815,169.365047361663
10162,-687.868058258149,169.365047361663
10163,-688.243058258149,169.740047361663
10164,-688.243058258149,171.640047361664
10165,-683.618058258149,172.015047361664
10166,-681.01805825815,172.015047361664
10167,-680.64305825815,171.640047361664
10168,-680.64305825815,169.740047361663
10169,-681.01805825815,169.365047361663
10170,-683.618058258149,169.365047361663
10171,-683.993058258149,169.740047361663
10172,-683.993058258149,171.640047361664
10173,-679.368058258149,172.015047361664
10174,-676.76805825815,172.015047361664
10175,-676.39305825815,171.640047361664
10176,-676.39305825815,169.740047361663
10177,-676.76805825815,169.365047361663
10178,-679.368058258149,169.365047361663
10179,-679.743058258149,169.740047361663
10180,-679.743058258149,171.640047361664
10181,-675.118058258149,172.015047361664
10182,-672.51805825815,172.015047361664
10183,-672.14305825815,171.640047361664
10184,-672.14305825815,169.740047361663
10185,-672.51805825815,169.365047361663
10186,-675.118058258149,169.365047361663
10187,-675.493058258149,169.740047361663
10188,-675.493058258149,171.640047361664
10189,-670.868058258149,172.015047361664
10190,-668.26805825815,172.015047361664
10191,-667.89305825815,171.640047361664
10192,-667.89305825815,169.740047361663
10193,-668.26805825815,169.365047361663
10194,-670.868058258149,169.365047361663
10195,-671.243058258149,169.740047361663
10196,-671.243058258149,171.640047361664
10197,-666.618058258149,172.015047361664
10198,-664.01805825815,172.015047361664
10199,-663.64305825815,171.640047361664
10200,-663.64305825815,169.740047361663
10201,-664.01805825815,169.365047361663
10202,-666.618058258149,169.365047361663
10203,-666.993058258149,169.740047361663
10204,-666.993058258149,171.640047361664
10205,-666.618058258149,168.465047361664
10206,-664.01805825815,168.465047361664
10207,-663.64305825815,168.090047361664
10208,-663.64305825815,166.190047361663
10209,-664.01805825815,165.815047361663
10210,-666.618058258149,165.815047361663
10211,-666.993058258149,166.190047361663
10212,-666.993058258149,168.090047361664
10213,-670.868058258149,168.465047361664
10214,-668.26805825815,168.465047361664
10215,-667.89305825815,168.090047361664
10216,-667.89305825815,166.190047361663
10217,-668.26805825815,165.815047361663
10218,-670.868058258149,165.815047361663
10219,-671.243058258149,166.190047361663
10220,-671.243058258149,168.090047361664
10221,-675.118058258149,168.465047361664
10222,-672.51805825815,168.465047361664
10223,-672.14305825815,168.090047361664
10224,-672.14305825815,166.190047361663
10225,-672.51805825815,165.815047361663
10226,-675.118058258149,165.815047361663
10227,-675.493058258149,166.190047361663
10228,-675.493058258149,168.090047361664
10229,-679.368058258149,168.465047361664
10230,-676.76805825815,168.465047361664
10231,-676.39305825815,168.090047361664
10232,-676.39305825815,166.190047361663
10233,-676.76805825815,165.815047361663
10234,-679.368058258149,165.815047361663
10235,-679.743058258149,166.190047361663
10236,-679.743058258149,168.090047361664
10237,-683.618058258149,168.465047361664
10238,-681.01805825815,168.465047361664
10239,-680.64305825815,168.090047361664
10240,-680.64305825815,166.190047361663
10241,-681.01805825815,165.815047361663
10242,-683.618058258149,165.815047361663
10243,-683.993058258149,166.190047361663
10244,-683.993058258149,168.090047361664
10245,-687.868058258149,168.465047361664
10246,-685.26805825815,168.465047361664
10247,-684.89305825815,168.090047361664
10248,-684.89305825815,166.190047361663
10249,-685.26805825815,165.815047361663
10250,-687.868058258149,165.815047361663
10251,-688.243058258149,166.190047361663
10252,-688.243058258149,168.090047361664
10253,-692.118058258149,168.465047361664
10254,-689.51805825815,168.465047361664
10255,-689.14305825815,168.090047361664
10256,-689.14305825815,166.190047361663
10257,-689.51805825815,165.815047361663
10258,-692.118058258149,165.815047361663
10259,-692.493058258149,166.190047361663
10260,-692.493058258149,168.090047361664
10261,-696.368058258149,168.465047361664
10262,-693.76805825815,168.465047361664
10263,-693.39305825815,168.090047361664
10264,-693.39305825815,166.190047361663
10265,-693.76805825815,165.815047361663
10266,-696.368058258149,165.815047361663
10267,-696.743058258149,166.190047361663
10268,-696.743058258149,168.090047361664
10269,-700.618058258149,168.465047361664
10270,-698.01805825815,168.465047361664
10271,-697.64305825815,168.090047361664
10272,-697.64305825815,166.190047361663
10273,-698.01805825815,165.815047361663
10274,-700.618058258149,165.815047361663
10275,-700.993058258149,166.190047361663
10276,-700.993058258149,168.090047361664
10277,-704.868058258149,168.465047361664
10278,-702.26805825815,168.465047361664
10279,-701.89305825815,168.090047361664
10280,-701.89305825815,166.190047361663
10281,-702.26805825815,165.815047361663
10282,-704.868058258149,165.815047361663
10283,-705.243058258149,166.190047361663
10284,-705.243058258149,168.090047361664
10285,-709.118058258149,168.465047361664
10286,-706.51805825815,168.465047361664
10287,-706.14305825815,168.090047361664
10288,-706.14305825815,166.190047361663
10289,-706.51805825815,165.815047361663
10290,-709.118058258149,165.815047361663
10291,-709.493058258149,166.190047361663
10292,-709.493058258149,168.090047361664
10293,-713.368058258149,168.465047361664
10294,-710.76805825815,168.465047361664
10295,-710.39305825815,168.090047361664
10296,-710.39305825815,166.190047361663
10297,-710.76805825815,165.815047361663
10298,-713.368058258149,165.815047361663
10299,-713.743058258149,166.190047361663
10300,-713.743058258149,168.090047361664
10301,-717.618058258149,168.465047361664
10302,-715.01805825815,168.465047361664
10303,-714.64305825815,168.090047361664
10304,-714.64305825815,166.190047361663
10305,-715.01805825815,165.815047361663
10306,-717.618058258149,165.815047361663
10307,-717.993058258149,166.190047361663
10308,-717.993058258149,168.090047361664
10309,-721.868058258149,168.465047361664
10310,-719.26805825815,168.465047361664
10311,-718.893058258149,168.090047361664
10312,-718.893058258149,166.190047361663
10313,-719.26805825815,165.815047361663
10314,-721.868058258149,165.815047361663
10315,-722.243058258149,166.190047361663
10316,-722.243058258149,168.090047361664
10317,-726.118058258149,168.465047361664
10318,-723.51805825815,168.465047361664
10319,-723.14305825815,168.090047361664
10320,-723.14305825815,166.190047361663
10321,-723.51805825815,165.815047361663
10322,-726.118058258149,165.815047361663
10323,-726.493058258149,166.190047361663
10324,-726.493058258149,168.090047361664
10325,-730.368058258149,168.465047361664
10326,-727.76805825815,168.465047361664
10327,-727.393058258149,168.090047361664
10328,-727.393058258149,166.190047361663
10329,-727.76805825815,165.815047361663
10330,-730.368058258149,165.815047361663
10331,-730.743058258149,166.190047361663
10332,-730.743058258149,168.090047361664
10333,-734.618058258149,168.465047361664
10334,-732.01805825815,168.465047361664
10335,-731.64305825815,168.090047361664
10336,-731.64305825815,166.190047361663
10337,-732.01805825815,165.815047361663
10338,-734.618058258149,165.815047361663
10339,-734.993058258149,166.190047361663
10340,-734.993058258149,168.090047361664
10341,-738.868058258149,168.465047361664
10342,-736.26805825815,168.465047361664
10343,-735.893058258149,168.090047361664
10344,-735.893058258149,166.190047361663
10345,-736.26805825815,165.815047361663
10346,-738.868058258149,165.815047361663
10347,-739.243058258149,166.190047361663
10348,-739.243058258149,168.090047361664
10349,-743.118058258149,168.465047361664
10350,-740.51805825815,168.465047361664
10351,-740.14305825815,168.090047361664
10352,-740.14305825815,166.190047361663
10353,-740.51805825815,165.815047361663
10354,-743.118058258149,165.815047361663
10355,-743.493058258149,166.190047361663
10356,-743.493058258149,168.090047361664
10357,-747.368058258149,168.465047361664
10358,-744.76805825815,168.465047361664
10359,-744.393058258149,168.090047361664
10360,-744.393058258149,166.190047361663
10361,-744.76805825815,165.815047361663
10362,-747.368058258149,165.815047361663
10363,-747.743058258149,166.190047361663
10364,-747.743058258149,168.090047361664
10365,-751.618058258149,168.465047361664
10366,-749.01805825815,168.465047361664
10367,-748.64305825815,168.090047361664
10368,-748.64305825815,166.190047361663
10369,-749.01805825815,165.815047361663
10370,-751.618058258149,165.815047361663
10371,-751.993058258149,166.190047361663
10372,-751.993058258149,168.090047361664
10373,-755.868058258149,168.465047361664
10374,-753.26805825815,168.465047361664
10375,-752.893058258149,168.090047361664
10376,-752.893058258149,166.190047361663
10377,-753.26805825815,165.815047361663
10378,-755.868058258149,165.815047361663
10379,-756.243058258149,166.190047361663
10380,-756.243058258149,168.090047361664
10381,-760.118058258149,168.465047361664
10382,-757.51805825815,168.465047361664
10383,-757.14305825815,168.090047361664
10384,-757.14305825815,166.190047361663
10385,-757.51805825815,165.815047361663
10386,-760.118058258149,165.815047361663
10387,-760.493058258149,166.190047361663
10388,-760.493058258149,168.090047361664
10389,-764.368058258149,168.465047361664
10390,-761.76805825815,168.465047361664
10391,-761.393058258149,168.090047361664
10392,-761.393058258149,166.190047361663
10393,-761.76805825815,165.815047361663
10394,-764.368058258149,165.815047361663
10395,-764.743058258149,166.190047361663
10396,-764.743058258149,168.090047361664
10397,-768.618058258149,168.465047361664
10398,-766.01805825815,168.465047361664
10399,-765.64305825815,168.090047361664
10400,-765.64305825815,166.190047361663
10401,-766.01805825815,165.815047361663
10402,-768.618058258149,165.815047361663
10403,-768.993058258149,166.190047361663
10404,-768.993058258149,168.090047361664
10405,-768.618058258149,164.915047361664
10406,-766.01805825815,164.915047361664
10407,-765.64305825815,164.540047361664
10408,-765.64305825815,162.640047361663
10409,-766.01805825815,162.265047361663
10410,-768.618058258149,162.265047361663
10411,-768.993058258149,162.640047361663
10412,-768.993058258149,164.540047361664
10413,-764.368058258149,164.915047361664
10414,-761.76805825815,164.915047361664
10415,-761.393058258149,164.540047361664
10416,-761.393058258149,162.640047361663
10417,-761.76805825815,162.265047361663
10418,-764.368058258149,162.265047361663
10419,-764.743058258149,162.640047361663
10420,-764.743058258149,164.540047361664
10421,-760.118058258149,164.915047361664
10422,-757.51805825815,164.915047361664
10423,-757.14305825815,164.540047361664
10424,-757.14305825815,162.640047361663
10425,-757.51805825815,162.265047361663
10426,-760.118058258149,162.265047361663
10427,-760.493058258149,162.640047361663
10428,-760.493058258149,164.540047361664
10429,-755.868058258149,164.915047361664
10430,-753.26805825815,164.915047361664
10431,-752.893058258149,164.540047361664
10432,-752.893058258149,162.640047361663
10433,-753.26805825815,162.265047361663
10434,-755.868058258149,162.265047361663
10435,-756.243058258149,162.640047361663
10436,-756.243058258149,164.540047361664
10437,-751.618058258149,164.915047361664
10438,-749.01805825815,164.915047361664
10439,-748.64305825815,164.540047361664
10440,-748.64305825815,162.640047361663
10441,-749.01805825815,162.265047361663
10442,-751.618058258149,162.265047361663
10443,-751.993058258149,162.640047361663
10444,-751.993058258149,164.540047361664
10445,-747.368058258149,164.915047361664
10446,-744.76805825815,164.915047361664
10447,-744.393058258149,164.540047361664
10448,-744.393058258149,162.640047361663
10449,-744.76805825815,162.265047361663
10450,-747.368058258149,162.265047361663
10451,-747.743058258149,162.640047361663
10452,-747.743058258149,164.540047361664
10453,-743.118058258149,164.915047361664
10454,-740.51805825815,164.915047361664
10455,-740.14305825815,164.540047361664
10456,-740.14305825815,162.640047361663
10457,-740.51805825815,162.265047361663
10458,-743.118058258149,162.265047361663
10459,-743.493058258149,162.640047361663
10460,-743.493058258149,164.540047361664
10461,-738.868058258149,164.915047361664
10462,-736.26805825815,164.915047361664
10463,-735.893058258149,164.540047361664
10464,-735.893058258149,162.640047361663
10465,-736.26805825815,162.265047361663
10466,-738.868058258149,162.265047361663
10467,-739.243058258149,162.640047361663
10468,-739.243058258149,164.540047361664
10469,-734.618058258149,164.915047361664
10470,-732.01805825815,164.915047361664
10471,-731.64305825815,164.540047361664
10472,-731.64305825815,162.640047361663
10473,-732.01805825815,162.265047361663
10474,-734.618058258149,162.265047361663
10475,-734.993058258149,162.640047361663
10476,-734.993058258149,164.540047361664
10477,-730.368058258149,164.915047361664
10478,-727.76805825815,164.915047361664
10479,-727.393058258149,164.540047361664
10480,-727.393058258149,162.640047361663
10481,-727.76805825815,162.265047361663
10482,-730.368058258149,162.265047361663
10483,-730.743058258149,162.640047361663
10484,-730.743058258149,164.540047361664
10485,-726.118058258149,164.915047361664
10486,-723.51805825815,164.915047361664
10487,-723.14305825815,164.540047361664
10488,-723.14305825815,162.640047361663
10489,-723.51805825815,162.265047361663
10490,-726.118058258149,162.265047361663
10491,-726.493058258149,162.640047361663
10492,-726.493058258149,164.540047361664
10493,-721.868058258149,164.915047361664
10494,-719.26805825815,164.915047361664
10495,-718.893058258149,164.540047361664
10496,-718.893058258149,162.640047361663
10497,-719.26805825815,162.265047361663
10498,-721.868058258149,162.265047361663
10499,-722.243058258149,162.640047361663
10500,-722.243058258149,164.540047361664
10501,-717.618058258149,164.915047361664
10502,-715.01805825815,164.915047361664
10503,-714.64305825815,164.540047361664
10504,-714.64305825815,162.640047361663
10505,-715.01805825815,162.265047361663
10506,-717.618058258149,162.265047361663
10507,-717.993058258149,162.640047361663
10508,-717.993058258149,164.540047361664
10509,-713.368058258149,164.915047361664
10510,-710.76805825815,164.915047361664
10511,-710.39305825815,164.540047361664
10512,-710.39305825815,162.640047361663
10513,-710.76805825815,162.265047361663
10514,-713.368058258149,162.265047361663
10515,-713.743058258149,162.640047361663
10516,-713.743058258149,164.540047361664
10517,-709.118058258149,164.915047361664
10518,-706.51805825815,164.915047361664
10519,-706.14305825815,164.540047361664
10520,-706.14305825815,162.640047361663
10521,-706.51805825815,162.265047361663
10522,-709.118058258149,162.265047361663
10523,-709.493058258149,162.640047361663
10524,-709.493058258149,164.540047361664
10525,-704.868058258149,164.915047361664
10526,-702.26805825815,164.915047361664
10527,-701.89305825815,164.540047361664
10528,-701.89305825815,162.640047361663
10529,-702.26805825815,162.265047361663
10530,-704.868058258149,162.265047361663
10531,-705.243058258149,162.640047361663
10532,-705.243058258149,164.540047361664
10533,-700.618058258149,164.915047361664
10534,-698.01805825815,164.915047361664
10535,-697.64305825815,164.540047361664
10536,-697.64305825815,162.640047361663
10537,-698.01805825815,162.265047361663
10538,-700.618058258149,162.265047361663
10539,-700.993058258149,162.640047361663
10540,-700.993058258149,164.540047361664
10541,-696.368058258149,164.915047361664
10542,-693.76805825815,164.915047361664
10543,-693.39305825815,164.540047361664
10544,-693.39305825815,162.640047361663
10545,-693.76805825815,162.265047361663
10546,-696.368058258149,162.265047361663
10547,-696.743058258149,162.640047361663
10548,-696.743058258149,164.540047361664
10549,-692.118058258149,164.915047361664
10550,-689.51805825815,164.915047361664
10551,-689.14305825815,164.540047361664
10552,-689.14305825815,162.640047361663
10553,-689.51805825815,162.265047361663
10554,-692.118058258149,162.265047361663
10555,-692.493058258149,162.640047361663
10556,-692.493058258149,164.540047361664
10557,-687.868058258149,164.915047361664
10558,-685.26805825815,164.915047361664
10559,-684.89305825815,164.540047361664
10560,-684.89305825815,162.640047361663
10561,-685.26805825815,162.265047361663
10562,-687.868058258149,162.265047361663
10563,-688.243058258149,162.640047361663
10564,-688.243058258149,164.540047361664
10565,-683.618058258149,164.915047361664
10566,-681.01805825815,164.915047361664
10567,-680.64305825815,164.540047361664
10568,-680.64305825815,162.640047361663
10569,-681.01805825815,162.265047361663
10570,-683.618058258149,162.265047361663
10571,-683.993058258149,162.640047361663
10572,-683.993058258149,164.540047361664
10573,-679.368058258149,164.915047361664
10574,-676.76805825815,164.915047361664
10575,-676.39305825815,164.540047361664
10576,-676.39305825815,162.640047361663
10577,-676.76805825815,162.265047361663
10578,-679.368058258149,162.265047361663
10579,-679.743058258149,162.640047361663
10580,-679.743058258149,164.540047361664
10581,-675.118058258149,164.915047361664
10582,-672.51805825815,164.915047361664
10583,-672.14305825815,164.540047361664
10584,-672.14305825815,162.640047361663
10585,-672.51805825815,162.265047361663
10586,-675.118058258149,162.265047361663
10587,-675.493058258149,162.640047361663
10588,-675.493058258149,164.540047361664
10589,-670.868058258149,164.915047361664
10590,-668.26805825815,164.915047361664
10591,-667.89305825815,164.540047361664
10592,-667.89305825815,162.640047361663
10593,-668.26805825815,162.265047361663
10594,-670.868058258149,162.265047361663
10595,-671.243058258149,162.640047361663
10596,-671.243058258149,164.540047361664
10597,-666.618058258149,164.915047361664
10598,-664.01805825815,164.915047361664
10599,-663.64305825815,164.540047361664
10600,-663.64305825815,162.640047361663
10601,-664.01805825815,162.265047361663
10602,-666.618058258149,162.265047361663
10603,-666.993058258149,162.640047361663
10604,-666.993058258149,164.540047361664
10605,-666.618058258149,161.365047361664
10606,-664.01805825815,161.365047361664
10607,-663.64305825815,160.990047361664
10608,-663.64305825815,159.090047361663
10609,-664.01805825815,158.715047361663
10610,-666.618058258149,158.715047361663
10611,-666.993058258149,159.090047361663
10612,-666.993058258149,160.990047361664
10613,-670.868058258149,161.365047361664
10614,-668.26805825815,161.365047361664
10615,-667.89305825815,160.990047361664
10616,-667.89305825815,159.090047361663
10617,-668.26805825815,158.715047361663
10618,-670.868058258149,158.715047361663
10619,-671.243058258149,159.090047361663
10620,-671.243058258149,160.990047361664
10621,-675.118058258149,161.365047361664
10622,-672.51805825815,161.365047361664
10623,-672.14305825815,160.990047361664
10624,-672.14305825815,159.090047361663
10625,-672.51805825815,158.715047361663
10626,-675.118058258149,158.715047361663
10627,-675.493058258149,159.090047361663
10628,-675.493058258149,160.990047361664
10629,-679.368058258149,161.365047361664
10630,-676.76805825815,161.365047361664
10631,-676.39305825815,160.990047361664
10632,-676.39305825815,159.090047361663
10633,-676.76805825815,158.715047361663
10634,-679.368058258149,158.715047361663
10635,-679.743058258149,159.090047361663
10636,-679.743058258149,160.990047361664
10637,-683.618058258149,161.365047361664
10638,-681.01805825815,161.365047361664
10639,-680.64305825815,160.990047361664
10640,-680.64305825815,159.090047361663
10641,-681.01805825815,158.715047361663
10642,-683.618058258149,158.715047361663
10643,-683.993058258149,159.090047361663
10644,-683.993058258149,160.990047361664
10645,-687.868058258149,161.365047361664
10646,-685.26805825815,161.365047361664
10647,-684.89305825815,160.990047361664
10648,-684.89305825815,159.090047361663
10649,-685.26805825815,158.715047361663
10650,-687.868058258149,158.715047361663
10651,-688.243058258149,159.090047361663
10652,-688.243058258149,160.990047361664
10653,-692.118058258149,161.365047361664
10654,-689.51805825815,161.365047361664
10655,-689.14305825815,160.990047361664
10656,-689.14305825815,159.090047361663
10657,-689.51805825815,158.715047361663
10658,-692.118058258149,158.715047361663
10659,-692.493058258149,159.090047361663
10660,-692.493058258149,160.990047361664
10661,-696.368058258149,161.365047361664
10662,-693.76805825815,161.365047361664
10663,-693.39305825815,160.990047361664
10664,-693.39305825815,159.090047361663
10665,-693.76805825815,158.715047361663
10666,-696.368058258149,158.715047361663
10667,-696.743058258149,159.090047361663
10668,-696.743058258149,160.990047361664
10669,-700.618058258149,161.365047361664
10670,-698.01805825815,161.365047361664
10671,-697.64305825815,160.990047361664
10672,-697.64305825815,159.090047361663
10673,-698.01805825815,158.715047361663
10674,-700.618058258149,158.715047361663
10675,-700.993058258149,159.090047361663
10676,-700.993058258149,160.990047361664
10677,-704.868058258149,161.365047361664
10678,-702.26805825815,161.365047361664
10679,-701.89305825815,160.990047361664
10680,-701.89305825815,159.090047361663
10681,-702.26805825815,158.715047361663
10682,-704.868058258149,158.715047361663
10683,-705.243058258149,159.090047361663
10684,-705.243058258149,160.990047361664
10685,-709.118058258149,161.365047361664
10686,-706.51805825815,161.365047361664
10687,-706.14305825815,160.990047361664
10688,-706.14305825815,159.090047361663
10689,-706.51805825815,158.715047361663
10690,-709.118058258149,158.715047361663
10691,-709.493058258149,159.090047361663
10692,-709.493058258149,160.990047361664
10693,-713.368058258149,161.365047361664
10694,-710.76805825815,161.365047361664
10695,-710.39305825815,160.990047361664
10696,-710.39305825815,159.090047361663
10697,-710.76805825815,158.715047361663
10698,-713.368058258149,158.715047361663
10699,-713.743058258149,159.090047361663
10700,-713.743058258149,160.990047361664
10701,-717.618058258149,161.365047361664
10702,-715.01805825815,161.365047361664
10703,-714.64305825815,160.990047361664
10704,-714.64305825815,159.090047361663
10705,-715.01805825815,158.715047361663
10706,-717.618058258149,158.715047361663
10707,-717.993058258149,159.090047361663
10708,-717.993058258149,160.990047361664
10709,-721.868058258149,161.365047361664
10710,-719.26805825815,161.365047361664
10711,-718.893058258149,160.990047361664
10712,-718.893058258149,159.090047361663
10713,-719.26805825815,158.715047361663
10714,-721.868058258149,158.715047361663
10715,-722.243058258149,159.090047361663
10716,-722.243058258149,160.990047361664
10717,-726.118058258149,161.365047361664
10718,-723.51805825815,161.365047361664
10719,-723.14305825815,160.990047361664
10720,-723.14305825815,159.090047361663
10721,-723.51805825815,158.715047361663
10722,-726.118058258149,158.715047361663
10723,-726.493058258149,159.090047361663
10724,-726.493058258149,160.990047361664
10725,-730.368058258149,161.365047361664
10726,-727.76805825815,161.365047361664
10727,-727.393058258149,160.990047361664
10728,-727.393058258149,159.090047361663
10729,-727.76805825815,158.715047361663
10730,-730.368058258149,158.715047361663
10731,-730.743058258149,159.090047361663
10732,-730.743058258149,160.990047361664
10733,-734.618058258149,161.365047361664
10734,-732.01805825815,161.365047361664
10735,-731.64305825815,160.990047361664
10736,-731.64305825815,159.090047361663
10737,-732.01805825815,158.715047361663
10738,-734.618058258149,158.715047361663
10739,-734.993058258149,159.090047361663
10740,-734.993058258149,160.990047361664
10741,-738.868058258149,161.365047361664
10742,-736.26805825815,161.365047361664
10743,-735.893058258149,160.990047361664
10744,-735.893058258149,159.090047361663
10745,-736.26805825815,158.715047361663
10746,-738.868058258149,158.715047361663
10747,-739.243058258149,159.090047361663
10748,-739.243058258149,160.990047361664
10749,-743.118058258149,161.365047361664
10750,-740.51805825815,161.365047361664
10751,-740.14305825815,160.990047361664
10752,-740.14305825815,159.090047361663
10753,-740.51805825815,158.715047361663
10754,-743.118058258149,158.715047361663
10755,-743.493058258149,159.090047361663
10756,-743.493058258149,160.990047361664
10757,-747.368058258149,161.365047361664
10758,-744.76805825815,161.365047361664
10759,-744.393058258149,160.990047361664
10760,-744.393058258149,159.090047361663
10761,-744.76805825815,158.715047361663
10762,-747.368058258149,158.715047361663
10763,-747.743058258149,159.090047361663
10764,-747.743058258149,160.990047361664
10765,-751.618058258149,161.365047361664
10766,-749.01805825815,161.365047361664
10767,-748.64305825815,160.990047361664
10768,-748.64305825815,159.090047361663
10769,-749.01805825815,158.715047361663
10770,-751.618058258149,158.715047361663
10771,-751.993058258149,159.090047361663
10772,-751.993058258149,160.990047361664
10773,-755.868058258149,161.365047361664
10774,-753.26805825815,161.365047361664
10775,-752.893058258149,160.990047361664
10776,-752.893058258149,159.090047361663
10777,-753.26805825815,158.715047361663
10778,-755.868058258149,158.715047361663
10779,-756.243058258149,159.090047361663
10780,-756.243058258149,160.990047361664
10781,-760.118058258149,161.365047361664
10782,-757.51805825815,161.365047361664
10783,-757.14305825815,160.990047361664
10784,-757.14305825815,159.090047361663
10785,-757.51805825815,158.715047361663
10786,-760.118058258149,158.715047361663
10787,-760.493058258149,159.090047361663
10788,-760.493058258149,160.990047361664
10789,-764.368058258149,161.365047361664
10790,-761.76805825815,161.365047361664
10791,-761.393058258149,160.990047361664
10792,-761.393058258149,159.090047361663
10793,-761.76805825815,158.715047361663
10794,-764.368058258149,158.715047361663
10795,-764.743058258149,159.090047361663
10796,-764.743058258149,160.990047361664
10797,-768.618058258149,161.365047361664
10798,-766.01805825815,161.365047361664
10799,-765.64305825815,160.990047361664
10800,-765.64305825815,159.090047361663
10801,-766.01805825815,158.715047361663
10802,-768.618058258149,158.715047361663
10803,-768.993058258149,159.090047361663
10804,-768.993058258149,160.990047361664
10805,-768.618058258149,157.815047361664
10806,-766.01805825815,157.815047361664
10807,-765.64305825815,157.440047361664
10808,-765.64305825815,155.540047361663
10809,-766.01805825815,155.165047361663
10810,-768.618058258149,155.165047361663
10811,-768.993058258149,155.540047361663
10812,-768.993058258149,157.440047361664
10813,-764.368058258149,157.815047361664
10814,-761.76805825815,157.815047361664
10815,-761.393058258149,157.440047361664
10816,-761.393058258149,155.540047361663
10817,-761.76805825815,155.165047361663
10818,-764.368058258149,155.165047361663
10819,-764.743058258149,155.540047361663
10820,-764.743058258149,157.440047361664
10821,-760.118058258149,157.815047361664
10822,-757.51805825815,157.815047361664
10823,-757.14305825815,157.440047361664
10824,-757.14305825815,155.540047361663
10825,-757.51805825815,155.165047361663
10826,-760.118058258149,155.165047361663
10827,-760.493058258149,155.540047361663
10828,-760.493058258149,157.440047361664
10829,-755.868058258149,157.815047361664
10830,-753.26805825815,157.815047361664
10831,-752.893058258149,157.440047361664
10832,-752.893058258149,155.540047361663
10833,-753.26805825815,155.165047361663
10834,-755.868058258149,155.165047361663
10835,-756.243058258149,155.540047361663
10836,-756.243058258149,157.440047361664
10837,-751.618058258149,157.815047361664
10838,-749.01805825815,157.815047361664
10839,-748.64305825815,157.440047361664
10840,-748.64305825815,155.540047361663
10841,-749.01805825815,155.165047361663
10842,-751.618058258149,155.165047361663
10843,-751.993058258149,155.540047361663
10844,-751.993058258149,157.440047361664
10845,-747.368058258149,157.815047361664
10846,-744.76805825815,157.815047361664
10847,-744.393058258149,157.440047361664
10848,-744.393058258149,155.540047361663
10849,-744.76805825815,155.165047361663
10850,-747.368058258149,155.165047361663
10851,-747.743058258149,155.540047361663
10852,-747.743058258149,157.440047361664
10853,-743.118058258149,157.815047361664
10854,-740.51805825815,157.815047361664
10855,-740.14305825815,157.440047361664
10856,-740.14305825815,155.540047361663
10857,-740.51805825815,155.165047361663
10858,-743.118058258149,155.165047361663
10859,-743.493058258149,155.540047361663
10860,-743.493058258149,157.440047361664
10861,-738.868058258149,157.815047361664
10862,-736.26805825815,157.815047361664
10863,-735.893058258149,157.440047361664
10864,-735.893058258149,155.540047361663
10865,-736.26805825815,155.165047361663
10866,-738.868058258149,155.165047361663
10867,-739.243058258149,155.540047361663
10868,-739.243058258149,157.440047361664
10869,-734.618058258149,157.815047361664
10870,-732.01805825815,157.815047361664
10871,-731.64305825815,157.440047361664
10872,-731.64305825815,155.540047361663
10873,-732.01805825815,155.165047361663
10874,-734.618058258149,155.165047361663
10875,-734.993058258149,155.540047361663
10876,-734.993058258149,157.440047361664
10877,-730.368058258149,157.815047361664
10878,-727.76805825815,157.815047361664
10879,-727.393058258149,157.440047361664
10880,-727.393058258149,155.540047361663
10881,-727.76805825815,155.165047361663
10882,-730.368058258149,155.165047361663
10883,-730.743058258149,155.540047361663
10884,-730.743058258149,157.440047361664
10885,-726.118058258149,157.815047361664
10886,-723.51805825815,157.815047361664
10887,-723.14305825815,157.440047361664
10888,-723.14305825815,155.540047361663
10889,-723.51805825815,155.165047361663
10890,-726.118058258149,155.165047361663
10891,-726.493058258149,155.540047361663
10892,-726.493058258149,157.440047361664
10893,-721.868058258149,157.815047361664
10894,-719.26805825815,157.815047361664
10895,-718.893058258149,157.440047361664
10896,-718.893058258149,155.540047361663
10897,-719.26805825815,155.165047361663
10898,-721.868058258149,155.165047361663
10899,-722.243058258149,155.540047361663
10900,-722.243058258149,157.440047361664
10901,-717.618058258149,157.815047361664
10902,-715.01805825815,157.815047361664
10903,-714.64305825815,157.440047361664
10904,-714.64305825815,155.540047361663
10905,-715.01805825815,155.165047361663
10906,-717.618058258149,155.165047361663
10907,-717.993058258149,155.540047361663
10908,-717.993058258149,157.440047361664
10909,-713.368058258149,157.815047361664
10910,-710.76805825815,157.815047361664
10911,-710.39305825815,157.440047361664
10912,-710.39305825815,155.540047361663
10913,-710.76805825815,155.165047361663
10914,-713.368058258149,155.165047361663
10915,-713.743058258149,155.540047361663
10916,-713.743058258149,157.440047361664
10917,-709.118058258149,157.815047361664
10918,-706.51805825815,157.815047361664
10919,-706.14305825815,157.440047361664
10920,-706.14305825815,155.540047361663
10921,-706.51805825815,155.165047361663
10922,-709.118058258149,155.165047361663
10923,-709.493058258149,155.540047361663
10924,-709.493058258149,157.440047361664
10925,-704.868058258149,157.815047361664
10926,-702.26805825815,157.815047361664
10927,-701.89305825815,157.440047361664
10928,-701.89305825815,155.540047361663
10929,-702.26805825815,155.165047361663
10930,-704.868058258149,155.165047361663
10931,-705.243058258149,155.540047361663
10932,-705.243058258149,157.440047361664
10933,-700.618058258149,157.815047361664
10934,-698.01805825815,157.815047361664
10935,-697.64305825815,157.440047361664
10936,-697.64305825815,155.540047361663
10937,-698.01805825815,155.165047361663
10938,-700.618058258149,155.165047361663
10939,-700.993058258149,155.540047361663
10940,-700.993058258149,157.440047361664
10941,-696.368058258149,157.815047361664
10942,-693.76805825815,157.815047361664
10943,-693.39305825815,157.440047361664
10944,-693.39305825815,155.540047361663
10945,-693.76805825815,155.165047361663
10946,-696.368058258149,155.165047361663
10947,-696.743058258149,155.540047361663
10948,-696.743058258149,157.440047361664
10949,-692.118058258149,157.815047361664
10950,-689.51805825815,157.815047361664
10951,-689.14305825815,157.440047361664
10952,-689.14305825815,155.540047361663
10953,-689.51805825815,155.165047361663
10954,-692.118058258149,155.165047361663
10955,-692.493058258149,155.540047361663
10956,-692.493058258149,157.440047361664
10957,-687.868058258149,157.815047361664
10958,-685.26805825815,157.815047361664
10959,-684.89305825815,157.440047361664
10960,-684.89305825815,155.540047361663
10961,-685.26805825815,155.165047361663
10962,-687.868058258149,155.165047361663
10963,-688.243058258149,155.540047361663
10964,-688.243058258149,157.440047361664
10965,-683.618058258149,157.815047361664
10966,-681.01805825815,157.815047361664
10967,-680.64305825815,157.440047361664
10968,-680.64305825815,155.540047361663
10969,-681.01805825815,155.165047361663
10970,-683.618058258149,155.165047361663
10971,-683.993058258149,155.540047361663
10972,-683.993058258149,157.440047361664
10973,-679.368058258149,157.815047361664
10974,-676.76805825815,157.815047361664
10975,-676.39305825815,157.440047361664
10976,-676.39305825815,155.540047361663
10977,-676.76805825815,155.165047361663
10978,-679.368058258149,155.165047361663
10979,-679.743058258149,155.540047361663
10980,-679.743058258149,157.440047361664
10981,-675.118058258149,157.815047361664
10982,-672.51805825815,157.815047361664
10983,-672.14305825815,157.440047361664
10984,-672.14305825815,155.540047361663
10985,-672.51805825815,155.165047361663
10986,-675.118058258149,155.165047361663
10987,-675.493058258149,155.540047361663
10988,-675.493058258149,157.440047361664
10989,-670.868058258149,157.815047361664
10990,-668.26805825815,157.815047361664
10991,-667.89305825815,157.440047361664
10992,-667.89305825815,155.540047361663
10993,-668.26805825815,155.165047361663
10994,-670.868058258149,155.165047361663
10995,-671.243058258149,155.540047361663
10996,-671.243058258149,157.440047361664
10997,-666.618058258149,157.815047361664
10998,-664.01805825815,157.815047361664
10999,-663.64305825815,157.440047361664
11000,-663.64305825815,155.540047361663
11001,-664.01805825815,155.165047361663
11002,-666.618058258149,155.165047361663
11003,-666.993058258149,155.540047361663
11004,-666.993058258149,157.440047361664
11005,-666.618058258149,154.265047361664
11006,-664.01805825815,154.265047361664
11007,-663.64305825815,153.890047361664
11008,-663.64305825815,151.990047361663
11009,-664.01805825815,151.615047361663
11010,-666.618058258149,151.615047361663
11011,-666.993058258149,151.990047361663
11012,-666.993058258149,153.890047361664
11013,-670.868058258149,154.265047361664
11014,-668.26805825815,154.265047361664
11015,-667.89305825815,153.890047361664
11016,-667.89305825815,151.990047361663
11017,-668.26805825815,151.615047361663
11018,-670.868058258149,151.615047361663
11019,-671.243058258149,151.990047361663
11020,-671.243058258149,153.890047361664
11021,-675.118058258149,154.265047361664
11022,-672.51805825815,154.265047361664
11023,-672.14305825815,153.890047361664
11024,-672.14305825815,151.990047361663
11025,-672.51805825815,151.615047361663
11026,-675.118058258149,151.615047361663
11027,-675.493058258149,151.990047361663
11028,-675.493058258149,153.890047361664
11029,-679.368058258149,154.265047361664
11030,-676.76805825815,154.265047361664
11031,-676.39305825815,153.890047361664
11032,-676.39305825815,151.990047361663
11033,-676.76805825815,151.615047361663
11034,-679.368058258149,151.615047361663
11035,-679.743058258149,151.990047361663
11036,-679.743058258149,153.890047361664
11037,-683.618058258149,154.265047361664
11038,-681.01805825815,154.265047361664
11039,-680.64305825815,153.890047361664
11040,-680.64305825815,151.990047361663
11041,-681.01805825815,151.615047361663
11042,-683.618058258149,151.615047361663
11043,-683.993058258149,151.990047361663
11044,-683.993058258149,153.890047361664
11045,-687.868058258149,154.265047361664
11046,-685.26805825815,154.265047361664
11047,-684.89305825815,153.890047361664
11048,-684.89305825815,151.990047361663
11049,-685.26805825815,151.615047361663
11050,-687.868058258149,151.615047361663
11051,-688.243058258149,151.990047361663
11052,-688.243058258149,153.890047361664
11053,-692.118058258149,154.265047361664
11054,-689.51805825815,154.265047361664
11055,-689.14305825815,153.890047361664
11056,-689.14305825815,151.990047361663
11057,-689.51805825815,151.615047361663
11058,-692.118058258149,151.615047361663
11059,-692.493058258149,151.990047361663
11060,-692.493058258149,153.890047361664
11061,-696.368058258149,154.265047361664
11062,-693.76805825815,154.265047361664
11063,-693.39305825815,153.890047361664
11064,-693.39305825815,151.990047361663
11065,-693.76805825815,151.615047361663
11066,-696.368058258149,151.615047361663
11067,-696.743058258149,151.990047361663
11068,-696.743058258149,153.890047361664
11069,-700.618058258149,154.265047361664
11070,-698.01805825815,154.265047361664
11071,-697.64305825815,153.890047361664
11072,-697.64305825815,151.990047361663
11073,-698.01805825815,151.615047361663
11074,-700.618058258149,151.615047361663
11075,-700.993058258149,151.990047361663
11076,-700.993058258149,153.890047361664
11077,-704.868058258149,154.265047361664
11078,-702.26805825815,154.265047361664
11079,-701.89305825815,153.890047361664
11080,-701.89305825815,151.990047361663
11081,-702.26805825815,151.615047361663
11082,-704.868058258149,151.615047361663
11083,-705.243058258149,151.990047361663
11084,-705.243058258149,153.890047361664
11085,-709.118058258149,154.265047361664
11086,-706.51805825815,154.265047361664
11087,-706.14305825815,153.890047361664
11088,-706.14305825815,151.990047361663
11089,-706.51805825815,151.615047361663
11090,-709.118058258149,151.615047361663
11091,-709.493058258149,151.990047361663
11092,-709.493058258149,153.890047361664
11093,-713.368058258149,154.265047361664
11094,-710.76805825815,154.265047361664
11095,-710.39305825815,153.890047361664
11096,-710.39305825815,151.990047361663
11097,-710.76805825815,151.615047361663
11098,-713.368058258149,151.615047361663
11099,-713.743058258149,151.990047361663
11100,-713.743058258149,153.890047361664
11101,-717.618058258149,154.265047361664
11102,-715.01805825815,154.265047361664
11103,-714.64305825815,153.890047361664
11104,-714.64305825815,151.990047361663
11105,-715.01805825815,151.615047361663
11106,-717.618058258149,151.615047361663
11107,-717.993058258149,151.990047361663
11108,-717.993058258149,153.890047361664
11109,-721.868058258149,154.265047361664
11110,-719.26805825815,154.265047361664
11111,-718.893058258149,153.890047361664
11112,-718.893058258149,151.990047361663
11113,-719.26805825815,151.615047361663
11114,-721.868058258149,151.615047361663
11115,-722.243058258149,151.990047361663
11116,-722.243058258149,153.890047361664
11117,-726.118058258149,154.265047361664
11118,-723.51805825815,154.265047361664
11119,-723.14305825815,153.890047361664
11120,-723.14305825815,151.990047361663
11121,-723.51805825815,151.615047361663
11122,-726.118058258149,151.615047361663
11123,-726.493058258149,151.990047361663
11124,-726.493058258149,153.890047361664
11125,-730.368058258149,154.265047361664
11126,-727.76805825815,154.265047361664
11127,-727.393058258149,153.890047361664
11128,-727.393058258149,151.990047361663
11129,-727.76805825815,151.615047361663
11130,-730.368058258149,151.615047361663
11131,-730.743058258149,151.990047361663
11132,-730.743058258149,153.890047361664
11133,-734.618058258149,154.265047361664
11134,-732.01805825815,154.265047361664
11135,-731.64305825815,153.890047361664
11136,-731.64305825815,151.990047361663
11137,-732.01805825815,151.615047361663
11138,-734.618058258149,151.615047361663
11139,-734.993058258149,151.990047361663
11140,-734.993058258149,153.890047361664
11141,-738.868058258149,154.265047361664
11142,-736.26805825815,154.265047361664
11143,-735.893058258149,153.890047361664
11144,-735.893058258149,151.990047361663
11145,-736.26805825815,151.615047361663
11146,-738.868058258149,151.615047361663
11147,-739.243058258149,151.990047361663
11148,-739.243058258149,153.890047361664
11149,-743.118058258149,154.265047361664
11150,-740.51805825815,154.265047361664
11151,-740.14305825815,153.890047361664
11152,-740.14305825815,151.990047361663
11153,-740.51805825815,151.615047361663
11154,-743.118058258149,151.615047361663
11155,-743.493058258149,151.990047361663
11156,-743.493058258149,153.890047361664
11157,-747.368058258149,154.265047361664
11158,-744.76805825815,154.265047361664
11159,-744.393058258149,153.890047361664
11160,-744.393058258149,151.990047361663
11161,-744.76805825815,151.615047361663
11162,-747.368058258149,151.615047361663
11163,-747.743058258149,151.990047361663
11164,-747.743058258149,153.890047361664
11165,-751.618058258149,154.265047361664
11166,-749.01805825815,154.265047361664
11167,-748.64305825815,153.890047361664
11168,-748.64305825815,151.990047361663
11169,-749.01805825815,151.615047361663
11170,-751.618058258149,151.615047361663
11171,-751.993058258149,151.990047361663
11172,-751.993058258149,153.890047361664
11173,-755.868058258149,154.265047361664
11174,-753.26805825815,154.265047361664
11175,-752.893058258149,153.890047361664
11176,-752.893058258149,151.990047361663
11177,-753.26805825815,151.615047361663
11178,-755.868058258149,151.615047361663
11179,-756.243058258149,151.990047361663
11180,-756.243058258149,153.890047361664
11181,-760.118058258149,154.265047361664
11182,-757.51805825815,154.265047361664
11183,-757.14305825815,153.890047361664
11184,-757.14305825815,151.990047361663
11185,-757.51805825815,151.615047361663
11186,-760.118058258149,151.615047361663
11187,-760.493058258149,151.990047361663
11188,-760.493058258149,153.890047361664
11189,-764.368058258149,154.265047361664
11190,-761.76805825815,154.265047361664
11191,-761.393058258149,153.890047361664
11192,-761.393058258149,151.990047361663
11193,-761.76805825815,151.615047361663
11194,-764.368058258149,151.615047361663
11195,-764.743058258149,151.990047361663
11196,-764.743058258149,153.890047361664
11197,-768.618058258149,154.265047361664
11198,-766.01805825815,154.265047361664
11199,-765.64305825815,153.890047361664
11200,-765.64305825815,151.990047361663
11201,-766.01805825815,151.615047361663
11202,-768.618058258149,151.615047361663
11203,-768.993058258149,151.990047361663
11204,-768.993058258149,153.890047361664
11205,-768.618058258149,150.715047361664
11206,-766.01805825815,150.715047361664
11207,-765.64305825815,150.340047361664
11208,-765.64305825815,148.440047361663
11209,-766.01805825815,148.065047361663
11210,-768.618058258149,148.065047361663
11211,-768.993058258149,148.440047361663
11212,-768.993058258149,150.340047361664
11213,-764.368058258149,150.715047361664
11214,-761.76805825815,150.715047361664
11215,-761.393058258149,150.340047361664
11216,-761.393058258149,148.440047361663
11217,-761.76805825815,148.065047361663
11218,-764.368058258149,148.065047361663
11219,-764.743058258149,148.440047361663
11220,-764.743058258149,150.340047361664
11221,-760.118058258149,150.715047361664
11222,-757.51805825815,150.715047361664
11223,-757.14305825815,150.340047361664
11224,-757.14305825815,148.440047361663
11225,-757.51805825815,148.065047361663
11226,-760.118058258149,148.065047361663
11227,-760.493058258149,148.440047361663
11228,-760.493058258149,150.340047361664
11229,-755.868058258149,150.715047361664
11230,-753.26805825815,150.715047361664
11231,-752.893058258149,150.340047361664
11232,-752.893058258149,148.440047361663
11233,-753.26805825815,148.065047361663
11234,-755.868058258149,148.065047361663
11235,-756.243058258149,148.440047361663
11236,-756.243058258149,150.340047361664
11237,-751.618058258149,150.715047361664
11238,-749.01805825815,150.715047361664
11239,-748.64305825815,150.340047361664
11240,-748.64305825815,148.440047361663
11241,-749.01805825815,148.065047361663
11242,-751.618058258149,148.065047361663
11243,-751.993058258149,148.440047361663
11244,-751.993058258149,150.340047361664
11245,-747.368058258149,150.715047361664
11246,-744.76805825815,150.715047361664
11247,-744.393058258149,150.340047361664
11248,-744.393058258149,148.440047361663
11249,-744.76805825815,148.065047361663
11250,-747.368058258149,148.065047361663
11251,-747.743058258149,148.440047361663
11252,-747.743058258149,150.340047361664
11253,-743.118058258149,150.715047361664
11254,-740.51805825815,150.715047361664
11255,-740.14305825815,150.340047361664
11256,-740.14305825815,148.440047361663
11257,-740.51805825815,148.065047361663
11258,-743.118058258149,148.065047361663
11259,-743.493058258149,148.440047361663
11260,-743.493058258149,150.340047361664
11261,-738.868058258149,150.715047361664
11262,-736.26805825815,150.715047361664
11263,-735.893058258149,150.340047361664
11264,-735.893058258149,148.440047361663
11265,-736.26805825815,148.065047361663
11266,-738.868058258149,148.065047361663
11267,-739.243058258149,148.440047361663
11268,-739.243058258149,150.340047361664
11269,-734.618058258149,150.715047361664
11270,-732.01805825815,150.715047361664
11271,-731.64305825815,150.340047361664
11272,-731.64305825815,148.440047361663
11273,-732.01805825815,148.065047361663
11274,-734.618058258149,148.065047361663
11275,-734.993058258149,148.440047361663
11276,-734.993058258149,150.340047361664
11277,-730.368058258149,150.715047361664
11278,-727.76805825815,150.715047361664
11279,-727.393058258149,150.340047361664
11280,-727.393058258149,148.440047361663
11281,-727.76805825815,148.065047361663
11282,-730.368058258149,148.065047361663
11283,-730.743058258149,148.440047361663
11284,-730.743058258149,150.340047361664
11285,-726.118058258149,150.715047361664
11286,-723.51805825815,150.715047361664
11287,-723.14305825815,150.340047361664
11288,-723.14305825815,148.440047361663
11289,-723.51805825815,148.065047361663
11290,-726.118058258149,148.065047361663
11291,-726.493058258149,148.440047361663
11292,-726.493058258149,150.340047361664
11293,-721.868058258149,150.715047361664
11294,-719.26805825815,150.715047361664
11295,-718.893058258149,150.340047361664
11296,-718.893058258149,148.440047361663
11297,-719.26805825815,148.065047361663
11298,-721.868058258149,148.065047361663
11299,-722.243058258149,148.440047361663
11300,-722.243058258149,150.340047361664
11301,-717.618058258149,150.715047361664
11302,-715.01805825815,150.715047361664
11303,-714.64305825815,150.340047361664
11304,-714.64305825815,148.440047361663
11305,-715.01805825815,148.065047361663
11306,-717.618058258149,148.065047361663
11307,-717.993058258149,148.440047361663
11308,-717.993058258149,150.340047361664
11309,-713.368058258149,150.715047361664
11310,-710.76805825815,150.715047361664
11311,-710.39305825815,150.340047361664
11312,-710.39305825815,148.440047361663
11313,-710.76805825815,148.065047361663
11314,-713.368058258149,148.065047361663
11315,-713.743058258149,148.440047361663
11316,-713.743058258149,150.340047361664
11317,-709.118058258149,150.715047361664
11318,-706.51805825815,150.715047361664
11319,-706.14305825815,150.340047361664
11320,-706.14305825815,148.440047361663
11321,-706.51805825815,148.065047361663
11322,-709.118058258149,148.065047361663
11323,-709.493058258149,148.440047361663
11324,-709.493058258149,150.340047361664
11325,-704.868058258149,150.715047361664
11326,-702.26805825815,150.715047361664
11327,-701.89305825815,150.340047361664
11328,-701.89305825815,148.440047361663
11329,-702.26805825815,148.065047361663
11330,-704.868058258149,148.065047361663
11331,-705.243058258149,148.440047361663
11332,-705.243058258149,150.340047361664
11333,-700.618058258149,150.715047361664
11334,-698.01805825815,150.715047361664
11335,-697.64305825815,150.340047361664
11336,-697.64305825815,148.440047361663
11337,-698.01805825815,148.065047361663
11338,-700.618058258149,148.065047361663
11339,-700.993058258149,148.440047361663
11340,-700.993058258149,150.340047361664
11341,-696.368058258149,150.715047361664
11342,-693.76805825815,150.715047361664
11343,-693.39305825815,150.340047361664
11344,-693.39305825815,148.440047361663
11345,-693.76805825815,148.065047361663
11346,-696.368058258149,148.065047361663
11347,-696.743058258149,148.440047361663
11348,-696.743058258149,150.340047361664
11349,-692.118058258149,150.715047361664
11350,-689.51805825815,150.715047361664
11351,-689.14305825815,150.340047361664
11352,-689.14305825815,148.440047361663
11353,-689.51805825815,148.065047361663
11354,-692.118058258149,148.065047361663
11355,-692.493058258149,148.440047361663
11356,-692.493058258149,150.340047361664
11357,-687.868058258149,150.715047361664
11358,-685.26805825815,150.715047361664
11359,-684.89305825815,150.340047361664
11360,-684.89305825815,148.440047361663
11361,-685.26805825815,148.065047361663
11362,-687.868058258149,148.065047361663
11363,-688.243058258149,148.440047361663
11364,-688.243058258149,150.340047361664
11365,-683.618058258149,150.715047361664
11366,-681.01805825815,150.715047361664
11367,-680.64305825815,150.340047361664
11368,-680.64305825815,148.440047361663
11369,-681.01805825815,148.065047361663
11370,-683.618058258149,148.065047361663
11371,-683.993058258149,148.440047361663
11372,-683.993058258149,150.340047361664
11373,-679.368058258149,150.715047361664
11374,-676.76805825815,150.715047361664
11375,-676.39305825815,150.340047361664
11376,-676.39305825815,148.440047361663
11377,-676.76805825815,148.065047361663
11378,-679.368058258149,148.065047361663
11379,-679.743058258149,148.440047361663
11380,-679.743058258149,150.340047361664
11381,-675.118058258149,150.715047361664
11382,-672.51805825815,150.715047361664
11383,-672.14305825815,150.340047361664
11384,-672.14305825815,148.440047361663
11385,-672.51805825815,148.065047361663
11386,-675.118058258149,148.065047361663
11387,-675.493058258149,148.440047361663
11388,-675.493058258149,150.340047361664
11389,-670.868058258149,150.715047361664
11390,-668.26805825815,150.715047361664
11391,-667.89305825815,150.340047361664
11392,-667.89305825815,148.440047361663
11393,-668.26805825815,148.065047361663
11394,-670.868058258149,148.065047361663
11395,-671.243058258149,148.440047361663
11396,-671.243058258149,150.340047361664
11397,-666.618058258149,150.715047361664
11398,-664.01805825815,150.715047361664
11399,-663.64305825815,150.340047361664
11400,-663.64305825815,148.440047361663
11401,-664.01805825815,148.065047361663
11402,-666.618058258149,148.065047361663
11403,-666.993058258149,148.440047361663
11404,-666.993058258149,150.340047361664
11405,-666.618058258149,147.165047361664
11406,-664.01805825815,147.165047361664
11407,-663.64305825815,146.790047361664
11408,-663.64305825815,144.890047361663
11409,-664.01805825815,144.515047361663
11410,-666.618058258149,144.515047361663
11411,-666.993058258149,144.890047361663
11412,-666.993058258149,146.790047361664
11413,-670.868058258149,147.165047361664
11414,-668.26805825815,147.165047361664
11415,-667.89305825815,146.790047361664
11416,-667.89305825815,144.890047361663
11417,-668.26805825815,144.515047361663
11418,-670.868058258149,144.515047361663
11419,-671.243058258149,144.890047361663
11420,-671.243058258149,146.790047361664
11421,-675.118058258149,147.165047361664
11422,-672.51805825815,147.165047361664
11423,-672.14305825815,146.790047361664
11424,-672.14305825815,144.890047361663
11425,-672.51805825815,144.515047361663
11426,-675.118058258149,144.515047361663
11427,-675.493058258149,144.890047361663
11428,-675.493058258149,146.790047361664
11429,-679.368058258149,147.165047361664
11430,-676.76805825815,147.165047361664
11431,-676.39305825815,146.790047361664
11432,-676.39305825815,144.890047361663
11433,-676.76805825815,144.515047361663
11434,-679.368058258149,144.515047361663
11435,-679.743058258149,144.890047361663
11436,-679.743058258149,146.790047361664
11437,-683.618058258149,147.165047361664
11438,-681.01805825815,147.165047361664
11439,-680.64305825815,146.790047361664
11440,-680.64305825815,144.890047361663
11441,-681.01805825815,144.515047361663
11442,-683.618058258149,144.515047361663
11443,-683.993058258149,144.890047361663
11444,-683.993058258149,146.790047361664
11445,-687.868058258149,147.165047361664
11446,-685.26805825815,147.165047361664
11447,-684.89305825815,146.790047361664
11448,-684.89305825815,144.890047361663
11449,-685.26805825815,144.515047361663
11450,-687.868058258149,144.515047361663
11451,-688.243058258149,144.890047361663
11452,-688.243058258149,146.790047361664
11453,-692.118058258149,147.165047361664
11454,-689.51805825815,147.165047361664
11455,-689.14305825815,146.790047361664
11456,-689.14305825815,144.890047361663
11457,-689.51805825815,144.515047361663
11458,-692.118058258149,144.515047361663
11459,-692.493058258149,144.890047361663
11460,-692.493058258149,146.790047361664
11461,-696.368058258149,147.165047361664
11462,-693.76805825815,147.165047361664
11463,-693.39305825815,146.790047361664
11464,-693.39305825815,144.890047361663
11465,-693.76805825815,144.515047361663
11466,-696.368058258149,144.515047361663
11467,-696.743058258149,144.890047361663
11468,-696.743058258149,146.790047361664
11469,-700.618058258149,147.165047361664
11470,-698.01805825815,147.165047361664
11471,-697.64305825815,146.790047361664
11472,-697.64305825815,144.890047361663
11473,-698.01805825815,144.515047361663
11474,-700.618058258149,144.515047361663
11475,-700.993058258149,144.890047361663
11476,-700.993058258149,146.790047361664
11477,-704.868058258149,147.165047361664
11478,-702.26805825815,147.165047361664
11479,-701.89305825815,146.790047361664
11480,-701.89305825815,144.890047361663
11481,-702.26805825815,144.515047361663
11482,-704.868058258149,144.515047361663
11483,-705.243058258149,144.890047361663
11484,-705.243058258149,146.790047361664
11485,-709.118058258149,147.165047361664
11486,-706.51805825815,147.165047361664
11487,-706.14305825815,146.790047361664
11488,-706.14305825815,144.890047361663
11489,-706.51805825815,144.515047361663
11490,-709.118058258149,144.515047361663
11491,-709.493058258149,144.890047361663
11492,-709.493058258149,146.790047361664
11493,-713.368058258149,147.165047361664
11494,-710.76805825815,147.165047361664
11495,-710.39305825815,146.790047361664
11496,-710.39305825815,144.890047361663
11497,-710.76805825815,144.515047361663
11498,-713.368058258149,144.515047361663
11499,-713.743058258149,144.890047361663
11500,-713.743058258149,146.790047361664
11501,-717.618058258149,147.165047361664
11502,-715.01805825815,147.165047361664
11503,-714.64305825815,146.790047361664
11504,-714.64305825815,144.890047361663
11505,-715.01805825815,144.515047361663
11506,-717.618058258149,144.515047361663
11507,-717.993058258149,144.890047361663
11508,-717.993058258149,146.790047361664
11509,-721.868058258149,147.165047361664
11510,-719.26805825815,147.165047361664
11511,-718.893058258149,146.790047361664
11512,-718.893058258149,144.890047361663
11513,-719.26805825815,144.515047361663
11514,-721.868058258149,144.515047361663
11515,-722.243058258149,144.890047361663
11516,-722.243058258149,146.790047361664
11517,-726.118058258149,147.165047361664
11518,-723.51805825815,147.165047361664
11519,-723.14305825815,146.790047361664
11520,-723.14305825815,144.890047361663
11521,-723.51805825815,144.515047361663
11522,-726.118058258149,144.515047361663
11523,-726.493058258149,144.890047361663
11524,-726.493058258149,146.790047361664
11525,-730.368058258149,147.165047361664
11526,-727.76805825815,147.165047361664
11527,-727.393058258149,146.790047361664
11528,-727.393058258149,144.890047361663
11529,-727.76805825815,144.515047361663
11530,-730.368058258149,144.515047361663
11531,-730.743058258149,144.890047361663
11532,-730.743058258149,146.790047361664
11533,-734.618058258149,147.165047361664
11534,-732.01805825815,147.165047361664
11535,-731.64305825815,146.790047361664
11536,-731.64305825815,144.890047361663
11537,-732.01805825815,144.515047361663
11538,-734.618058258149,144.515047361663
11539,-734.993058258149,144.890047361663
11540,-734.993058258149,146.790047361664
11541,-738.868058258149,147.165047361664
11542,-736.26805825815,147.165047361664
11543,-735.893058258149,146.790047361664
11544,-735.893058258149,144.890047361663
11545,-736.26805825815,144.515047361663
11546,-738.868058258149,144.515047361663
11547,-739.243058258149,144.890047361663
11548,-739.243058258149,146.790047361664
11549,-743.118058258149,147.165047361664
11550,-740.51805825815,147.165047361664
11551,-740.14305825815,146.790047361664
11552,-740.14305825815,144.890047361663
11553,-740.51805825815,144.515047361663
11554,-743.118058258149,144.515047361663
11555,-743.493058258149,144.890047361663
11556,-743.493058258149,146.790047361664
11557,-747.368058258149,147.165047361664
11558,-744.76805825815,147.165047361664
11559,-744.393058258149,146.790047361664
11560,-744.393058258149,144.890047361663
11561,-744.76805825815,144.515047361663
11562,-747.368058258149,144.515047361663
11563,-747.743058258149,144.890047361663
11564,-747.743058258149,146.790047361664
11565,-751.618058258149,147.165047361664
11566,-749.01805825815,147.165047361664
11567,-748.64305825815,146.790047361664
11568,-748.64305825815,144.890047361663
11569,-749.01805825815,144.515047361663
11570,-751.618058258149,144.515047361663
11571,-751.993058258149,144.890047361663
11572,-751.993058258149,146.790047361664
11573,-755.868058258149,147.165047361664
11574,-753.26805825815,147.165047361664
11575,-752.893058258149,146.790047361664
11576,-752.893058258149,144.890047361663
11577,-753.26805825815,144.515047361663
11578,-755.868058258149,144.515047361663
11579,-756.243058258149,144.890047361663
11580,-756.243058258149,146.790047361664
11581,-760.118058258149,147.165047361664
11582,-757.51805825815,147.165047361664
11583,-757.14305825815,146.790047361664
11584,-757.14305825815,144.890047361663
11585,-757.51805825815,144.515047361663
11586,-760.118058258149,144.515047361663
11587,-760.493058258149,144.890047361663
11588,-760.493058258149,146.790047361664
11589,-764.368058258149,147.165047361664
11590,-761.76805825815,147.165047361664
11591,-761.393058258149,146.790047361664
11592,-761.393058258149,144.890047361663
11593,-761.76805825815,144.515047361663
11594,-764.368058258149,144.515047361663
11595,-764.743058258149,144.890047361663
11596,-764.743058258149,146.790047361664
11597,-768.618058258149,147.165047361664
11598,-766.01805825815,147.165047361664
11599,-765.64305825815,146.790047361664
11600,-765.64305825815,144.890047361663
11601,-766.01805825815,144.515047361663
11602,-768.618058258149,144.515047361663
11603,-768.993058258149,144.890047361663
11604,-768.993058258149,146.790047361664
11605,-768.618058258149,143.615047361664
11606,-766.01805825815,143.615047361664
11607,-765.64305825815,143.240047361664
11608,-765.64305825815,141.340047361663
11609,-766.01805825815,140.965047361663
11610,-768.618058258149,140.965047361663
11611,-768.993058258149,141.340047361663
11612,-768.993058258149,143.240047361664
11613,-764.368058258149,143.615047361664
11614,-761.76805825815,143.615047361664
11615,-761.393058258149,143.240047361664
11616,-761.393058258149,141.340047361663
11617,-761.76805825815,140.965047361663
11618,-764.368058258149,140.965047361663
11619,-764.743058258149,141.340047361663
11620,-764.743058258149,143.240047361664
11621,-760.118058258149,143.615047361664
11622,-757.51805825815,143.615047361664
11623,-757.14305825815,143.240047361664
11624,-757.14305825815,141.340047361663
11625,-757.51805825815,140.965047361663
11626,-760.118058258149,140.965047361663
11627,-760.493058258149,141.340047361663
11628,-760.493058258149,143.240047361664
11629,-755.868058258149,143.615047361664
11630,-753.26805825815,143.615047361664
11631,-752.893058258149,143.240047361664
11632,-752.893058258149,141.340047361663
11633,-753.26805825815,140.965047361663
11634,-755.868058258149,140.965047361663
11635,-756.243058258149,141.340047361663
11636,-756.243058258149,143.240047361664
11637,-751.618058258149,143.615047361664
11638,-749.01805825815,143.615047361664
11639,-748.64305825815,143.240047361664
11640,-748.64305825815,141.340047361663
11641,-749.01805825815,140.965047361663
11642,-751.618058258149,140.965047361663
11643,-751.993058258149,141.340047361663
11644,-751.993058258149,143.240047361664
11645,-747.368058258149,143.615047361664
11646,-744.76805825815,143.615047361664
11647,-744.393058258149,143.240047361664
11648,-744.393058258149,141.340047361663
11649,-744.76805825815,140.965047361663
11650,-747.368058258149,140.965047361663
11651,-747.743058258149,141.340047361663
11652,-747.743058258149,143.240047361664
11653,-743.118058258149,143.615047361664
11654,-740.51805825815,143.615047361664
11655,-740.14305825815,143.240047361664
11656,-740.14305825815,141.340047361663
11657,-740.51805825815,140.965047361663
11658,-743.118058258149,140.965047361663
11659,-743.493058258149,141.340047361663
11660,-743.493058258149,143.240047361664
11661,-738.868058258149,143.615047361664
11662,-736.26805825815,143.615047361664
11663,-735.893058258149,143.240047361664
11664,-735.893058258149,141.340047361663
11665,-736.26805825815,140.965047361663
11666,-738.868058258149,140.965047361663
11667,-739.243058258149,141.340047361663
11668,-739.243058258149,143.240047361664
11669,-734.618058258149,143.615047361664
11670,-732.01805825815,143.615047361664
11671,-731.64305825815,143.240047361664
11672,-731.64305825815,141.340047361663
11673,-732.01805825815,140.965047361663
11674,-734.618058258149,140.965047361663
11675,-734.993058258149,141.340047361663
11676,-734.993058258149,143.240047361664
11677,-730.368058258149,143.615047361664
11678,-727.76805825815,143.615047361664
11679,-727.393058258149,143.240047361664
11680,-727.393058258149,141.340047361663
11681,-727.76805825815,140.965047361663
11682,-730.368058258149,140.965047361663
11683,-730.743058258149,141.340047361663
11684,-730.743058258149,143.240047361664
11685,-726.118058258149,143.615047361664
11686,-723.51805825815,143.615047361664
11687,-723.14305825815,143.240047361664
11688,-723.14305825815,141.340047361663
11689,-723.51805825815,140.965047361663
11690,-726.118058258149,140.965047361663
11691,-726.493058258149,141.340047361663
11692,-726.493058258149,143.240047361664
11693,-721.868058258149,143.615047361664
11694,-719.26805825815,143.615047361664
11695,-718.893058258149,143.240047361664
11696,-718.893058258149,141.340047361663
11697,-719.26805825815,140.965047361663
11698,-721.868058258149,140.965047361663
11699,-722.243058258149,141.340047361663
11700,-722.243058258149,143.240047361664
11701,-717.618058258149,143.615047361664
11702,-715.01805825815,143.615047361664
11703,-714.64305825815,143.240047361664
11704,-714.64305825815,141.340047361663
11705,-715.01805825815,140.965047361663
11706,-717.618058258149,140.965047361663
11707,-717.993058258149,141.340047361663
11708,-717.993058258149,143.240047361664
11709,-713.368058258149,143.615047361664
11710,-710.76805825815,143.615047361664
11711,-710.39305825815,143.240047361664
11712,-710.39305825815,141.340047361663
11713,-710.76805825815,140.965047361663
11714,-713.368058258149,140.965047361663
11715,-713.743058258149,141.340047361663
11716,-713.743058258149,143.240047361664
11717,-709.118058258149,143.615047361664
11718,-706.51805825815,143.615047361664
11719,-706.14305825815,143.240047361664
11720,-706.14305825815,141.340047361663
11721,-706.51805825815,140.965047361663
11722,-709.118058258149,140.965047361663
11723,-709.493058258149,141.340047361663
11724,-709.493058258149,143.240047361664
11725,-704.868058258149,143.615047361664
11726,-702.26805825815,143.615047361664
11727,-701.89305825815,143.240047361664
11728,-701.89305825815,141.340047361663
11729,-702.26805825815,140.965047361663
11730,-704.868058258149,140.965047361663
11731,-705.243058258149,141.340047361663
11732,-705.243058258149,143.240047361664
11733,-700.618058258149,143.615047361664
11734,-698.01805825815,143.615047361664
11735,-697.64305825815,143.240047361664
11736,-697.64305825815,141.340047361663
11737,-698.01805825815,140.965047361663
11738,-700.618058258149,140.965047361663
11739,-700.993058258149,141.340047361663
11740,-700.993058258149,143.240047361664
11741,-696.368058258149,143.615047361664
11742,-693.76805825815,143.615047361664
11743,-693.39305825815,143.240047361664
11744,-693.39305825815,141.340047361663
11745,-693.76805825815,140.965047361663
11746,-696.368058258149,140.965047361663
11747,-696.743058258149,141.340047361663
11748,-696.743058258149,143.240047361664
11749,-692.118058258149,143.615047361664
11750,-689.51805825815,143.615047361664
11751,-689.14305825815,143.240047361664
11752,-689.14305825815,141.340047361663
11753,-689.51805825815,140.965047361663
11754,-692.118058258149,140.965047361663
11755,-692.493058258149,141.340047361663
11756,-692.493058258149,143.240047361664
11757,-687.868058258149,143.615047361664
11758,-685.26805825815,143.615047361664
11759,-684.89305825815,143.240047361664
11760,-684.89305825815,141.340047361663
11761,-685.26805825815,140.965047361663
11762,-687.868058258149,140.965047361663
11763,-688.243058258149,141.340047361663
11764,-688.243058258149,143.240047361664
11765,-683.618058258149,143.615047361664
11766,-681.01805825815,143.615047361664
11767,-680.64305825815,143.240047361664
11768,-680.64305825815,141.340047361663
11769,-681.01805825815,140.965047361663
11770,-683.618058258149,140.965047361663
11771,-683.993058258149,141.340047361663
11772,-683.993058258149,143.240047361664
11773,-679.368058258149,143.615047361664
11774,-676.76805825815,143.615047361664
11775,-676.39305825815,143.240047361664
11776,-676.39305825815,141.340047361663
11777,-676.76805825815,140.965047361663
11778,-679.368058258149,140.965047361663
11779,-679.743058258149,141.340047361663
11780,-679.743058258149,143.240047361664
11781,-675.118058258149,143.615047361664
11782,-672.51805825815,143.615047361664
11783,-672.14305825815,143.240047361664
11784,-672.14305825815,141.340047361663
11785,-672.51805825815,140.965047361663
11786,-675.118058258149,140.965047361663
11787,-675.493058258149,141.340047361663
11788,-675.493058258149,143.240047361664
11789,-670.868058258149,143.615047361664
11790,-668.26805825815,143.615047361664
11791,-667.89305825815,143.240047361664
11792,-667.89305825815,141.340047361663
11793,-668.26805825815,140.965047361663
11794,-670.868058258149,140.965047361663
11795,-671.243058258149,141.340047361663
11796,-671.243058258149,143.240047361664
11797,-666.618058258149,143.615047361664
11798,-664.01805825815,143.615047361664
11799,-663.64305825815,143.240047361664
11800,-663.64305825815,141.340047361663
11801,-664.01805825815,140.965047361663
11802,-666.618058258149,140.965047361663
11803,-666.993058258149,141.340047361663
11804,-666.993058258149,143.240047361664
11805,-666.618058258149,140.065047361664
11806,-664.01805825815,140.065047361664
11807,-663.64305825815,139.690047361664
11808,-663.64305825815,137.790047361663
11809,-664.01805825815,137.415047361663
11810,-666.618058258149,137.415047361663
11811,-666.993058258149,137.790047361663
11812,-666.993058258149,139.690047361664
11813,-670.868058258149,140.065047361664
11814,-668.26805825815,140.065047361664
11815,-667.89305825815,139.690047361664
11816,-667.89305825815,137.790047361663
11817,-668.26805825815,137.415047361663
11818,-670.868058258149,137.415047361663
11819,-671.243058258149,137.790047361663
11820,-671.243058258149,139.690047361664
11821,-675.118058258149,140.065047361664
11822,-672.51805825815,140.065047361664
11823,-672.14305825815,139.690047361664
11824,-672.14305825815,137.790047361663
11825,-672.51805825815,137.415047361663
11826,-675.118058258149,137.415047361663
11827,-675.493058258149,137.790047361663
11828,-675.493058258149,139.690047361664
11829,-679.368058258149,140.065047361664
11830,-676.76805825815,140.065047361664
11831,-676.39305825815,139.690047361664
11832,-676.39305825815,137.790047361663
11833,-676.76805825815,137.415047361663
11834,-679.368058258149,137.415047361663
11835,-679.743058258149,137.790047361663
11836,-679.743058258149,139.690047361664
11837,-683.618058258149,140.065047361664
11838,-681.01805825815,140.065047361664
11839,-680.64305825815,139.690047361664
11840,-680.64305825815,137.790047361663
11841,-681.01805825815,137.415047361663
11842,-683.618058258149,137.415047361663
11843,-683.993058258149,137.790047361663
11844,-683.993058258149,139.690047361664
11845,-687.868058258149,140.065047361664
11846,-685.26805825815,140.065047361664
11847,-684.89305825815,139.690047361664
11848,-684.89305825815,137.790047361663
11849,-685.26805825815,137.415047361663
11850,-687.868058258149,137.415047361663
11851,-688.243058258149,137.790047361663
11852,-688.243058258149,139.690047361664
11853,-692.118058258149,140.065047361664
11854,-689.51805825815,140.065047361664
11855,-689.14305825815,139.690047361664
11856,-689.14305825815,137.790047361663
11857,-689.51805825815,137.415047361663
11858,-692.118058258149,137.415047361663
11859,-692.493058258149,137.790047361663
11860,-692.493058258149,139.690047361664
11861,-696.368058258149,140.065047361664
11862,-693.76805825815,140.065047361664
11863,-693.39305825815,139.690047361664
11864,-693.39305825815,137.790047361663
11865,-693.76805825815,137.415047361663
11866,-696.368058258149,137.415047361663
11867,-696.743058258149,137.790047361663
11868,-696.743058258149,139.690047361664
11869,-700.618058258149,140.065047361664
11870,-698.01805825815,140.065047361664
11871,-697.64305825815,139.690047361664
11872,-697.64305825815,137.790047361663
11873,-698.01805825815,137.415047361663
11874,-700.618058258149,137.415047361663
11875,-700.993058258149,137.790047361663
11876,-700.993058258149,139.690047361664
11877,-704.868058258149,140.065047361664
11878,-702.26805825815,140.065047361664
11879,-701.89305825815,139.690047361664
11880,-701.89305825815,137.790047361663
11881,-702.26805825815,137.415047361663
11882,-704.868058258149,137.415047361663
11883,-705.243058258149,137.790047361663
11884,-705.243058258149,139.690047361664
11885,-709.118058258149,140.065047361664
11886,-706.51805825815,140.065047361664
11887,-706.14305825815,139.690047361664
11888,-706.14305825815,137.790047361663
11889,-706.51805825815,137.415047361663
11890,-709.118058258149,137.415047361663
11891,-709.493058258149,137.790047361663
11892,-709.493058258149,139.690047361664
11893,-713.368058258149,140.065047361664
11894,-710.76805825815,140.065047361664
11895,-710.39305825815,139.690047361664
11896,-710.39305825815,137.790047361663
11897,-710.76805825815,137.415047361663
11898,-713.368058258149,137.415047361663
11899,-713.743058258149,137.790047361663
11900,-713.743058258149,139.690047361664
11901,-717.618058258149,140.065047361664
11902,-715.01805825815,140.065047361664
11903,-714.64305825815,139.690047361664
11904,-714.64305825815,137.790047361663
11905,-715.01805825815,137.415047361663
11906,-717.618058258149,137.415047361663
11907,-717.993058258149,137.790047361663
11908,-717.993058258149,139.690047361664
11909,-721.868058258149,140.065047361664
11910,-719.26805825815,140.065047361664
11911,-718.893058258149,139.690047361664
11912,-718.893058258149,137.790047361663
11913,-719.26805825815,137.415047361663
11914,-721.868058258149,137.415047361663
11915,-722.243058258149,137.790047361663
11916,-722.243058258149,139.690047361664
11917,-726.118058258149,140.065047361664
11918,-723.51805825815,140.065047361664
11919,-723.14305825815,139.690047361664
11920,-723.14305825815,137.790047361663
11921,-723.51805825815,137.415047361663
11922,-726.118058258149,137.415047361663
11923,-726.493058258149,137.790047361663
11924,-726.493058258149,139.690047361664
11925,-730.368058258149,140.065047361664
11926,-727.76805825815,140.065047361664
11927,-727.393058258149,139.690047361664
11928,-727.393058258149,137.790047361663
11929,-727.76805825815,137.415047361663
11930,-730.368058258149,137.415047361663
11931,-730.743058258149,137.790047361663
11932,-730.743058258149,139.690047361664
11933,-734.618058258149,140.065047361664
11934,-732.01805825815,140.065047361664
11935,-731.64305825815,139.690047361664
11936,-731.64305825815,137.790047361663
11937,-732.01805825815,137.415047361663
11938,-734.618058258149,137.415047361663
11939,-734.993058258149,137.790047361663
11940,-734.993058258149,139.690047361664
11941,-738.868058258149,140.065047361664
11942,-736.26805825815,140.065047361664
11943,-735.893058258149,139.690047361664
11944,-735.893058258149,137.790047361663
11945,-736.26805825815,137.415047361663
11946,-738.868058258149,137.415047361663
11947,-739.243058258149,137.790047361663
11948,-739.243058258149,139.690047361664
11949,-743.118058258149,140.065047361664
11950,-740.51805825815,140.065047361664
11951,-740.14305825815,139.690047361664
11952,-740.14305825815,137.790047361663
11953,-740.51805825815,137.415047361663
11954,-743.118058258149,137.415047361663
11955,-743.493058258149,137.790047361663
11956,-743.493058258149,139.690047361664
11957,-747.368058258149,140.065047361664
11958,-744.76805825815,140.065047361664
11959,-744.393058258149,139.690047361664
11960,-744.393058258149,137.790047361663
11961,-744.76805825815,137.415047361663
11962,-747.368058258149,137.415047361663
11963,-747.743058258149,137.790047361663
11964,-747.743058258149,139.690047361664
11965,-751.618058258149,140.065047361664
11966,-749.01805825815,140.065047361664
11967,-748.64305825815,139.690047361664
11968,-748.64305825815,137.790047361663
11969,-749.01805825815,137.415047361663
11970,-751.618058258149,137.415047361663
11971,-751.993058258149,137.790047361663
11972,-751.993058258149,139.690047361664
11973,-755.868058258149,140.065047361664
11974,-753.26805825815,140.065047361664
11975,-752.893058258149,139.690047361664
11976,-752.893058258149,137.790047361663
11977,-753.26805825815,137.415047361663
11978,-755.868058258149,137.415047361663
11979,-756.243058258149,137.790047361663
11980,-756.243058258149,139.690047361664
11981,-760.118058258149,140.065047361664
11982,-757.51805825815,140.065047361664
11983,-757.14305825815,139.690047361664
11984,-757.14305825815,137.790047361663
11985,-757.51805825815,137.415047361663
11986,-760.118058258149,137.415047361663
11987,-760.493058258149,137.790047361663
11988,-760.493058258149,139.690047361664
11989,-764.368058258149,140.065047361664
11990,-761.76805825815,140.065047361664
11991,-761.393058258149,139.690047361664
11992,-761.393058258149,137.790047361663
11993,-761.76805825815,137.415047361663
11994,-764.368058258149,137.415047361663
11995,-764.743058258149,137.790047361663
11996,-764.743058258149,139.690047361664
11997,-768.618058258149,140.065047361664
11998,-766.01805825815,140.065047361664
11999,-765.64305825815,139.690047361664
12000,-765.64305825815,137.790047361663
12001,-766.01805825815,137.415047361663
12002,-768.618058258149,137.415047361663
12003,-768.993058258149,137.790047361663
12004,-768.993058258149,139.690047361664
